osm_id,name,name_en,category,osm_group,lat,lon,opening_hours,opening_hours_source,wheelchair,website,phone,addr_street,addr_housenumber,description,avg_rating,rating_count,image_url,zone_id,suggested_duration
way/154416663,Dante Park,,Park,park,40.7719193,-73.9825712,24/7,default,yes,https://www.nycgovparks.org/parks/dante-park,,,,,4.7,11836.0,,142.0,60
way/154374795,Maria Hernandez Park,,Park,park,40.703176,-73.9238644,24/7,default,no,https://www.nycgovparks.org/parks/maria-hernandez-park,,,,,4.4,2902.0,,36.0,60
way/147475917,Hamilton Fish Park,,Park,park,40.7197929,-73.9808332,24/7,default,no,,,,,,5.0,6466.0,,232.0,60
way/147035202,Duane Park,,Park,park,40.7171626,-74.0094072,Mo-Su 06:00-01:00,osm,no,https://www.nycgovparks.org/parks/duane-park,,,,,4.4,5402.0,,231.0,60
way/144333814,Joseph Slifka Park,,Park,park,40.743948,-73.9729184,24/7,default,no,,,,,"Pedestrian plaza with benches, artificial turf patch, and basketball court",4.4,2411.0,,233.0,60
way/143932286,Dutch Kills Green,,Park,park,40.7497085,-73.9370009,24/7,default,no,,,,,,4.6,757.0,,146.0,60
way/143932285,Queensboro Bridge Greenway,,Park,park,40.750315,-73.9390787,24/7,default,no,,,,,,4.0,2232.0,,146.0,60
way/143928486,John Downing Park,,Park,park,40.7445502,-73.913842,24/7,default,no,,,,,,4.2,4500.0,,226.0,60
way/143928485,Lance Corporal Thomas P Noonan Playground,,Park,park,40.7410609,-73.9224654,06:00-21:00,osm,no,https://www.nycgovparks.org/parks/l-cpl-thomas-p-noonan-jr-playground,,,,,4.2,1130.0,,226.0,60
way/154416666,Richard Tucker Square,,Park,park,40.7734422,-73.9818886,24/7,default,no,https://www.nycgovparks.org/parks/richard-tucker-square,,,,,4.9,2921.0,,142.0,60
way/143928484,Vincent Daniels Square,,Park,park,40.7440883,-73.9133119,24/7,default,no,,,,,,4.5,1119.0,,226.0,60
way/143295853,Torsney/Lou Lodati Playground,,Park,park,40.7474321,-73.9218361,Mo-Su 08:00-22:00,osm,no,,,Skillman Avenue,41-15,,4.3,3824.0,,226.0,60
way/143292941,Steinman Triangle,,Park,park,40.7451948,-73.9091671,24/7,default,no,,,,,,4.2,4727.0,,260.0,60
way/143292128,Windmuller Park,,Park,park,40.7474501,-73.9107974,24/7,default,no,,,,,,4.3,2771.0,,260.0,60
way/134164241,Ravenswood Playground,,Park,park,40.7625431,-73.9352873,24/7,default,no,https://www.nycgovparks.org/parks/Q333/,,,,,4.3,15403.0,,193.0,60
way/134164229,Dutch Kills Playground,,Park,park,40.7573095,-73.9332352,24/7,default,no,https://www.nycgovparks.org/parks/dutch-kills-playground/,,,,,4.5,1501.0,,146.0,60
way/134164203,Astoria Heights Playground,,Park,park,40.7605134,-73.9117834,24/7,default,no,https://www.nycgovparks.org/parks/astoria-heights-playground,,,,,4.7,1317.0,,7.0,60
way/129700430,The Esplanade,,Park,park,40.7115572,-74.017198,24/7,default,no,,,,,,4.6,729.0,,13.0,60
way/129700421,Wagner Park,,Park,park,40.705538,-74.0183661,24/7,default,no,https://bpcparks.org/whats-here/parks/wagner-park/,,,,,4.7,4014.0,,13.0,60
way/143296810,Lawrence Virgilio Playground,,Park,park,40.7474792,-73.9105162,24/7,default,no,,,,,,4.5,2750.0,,260.0,60
way/129002500,North 5th Street Pier and Park,,Park,park,40.7199515,-73.9645033,24/7,default,no,https://www.nycgovparks.org/parks/north-5th-street-pier-and-park,,,,,4.1,1967.0,,255.0,60
way/159028631,Channel Gardens,,Park,park,40.758446,-73.9779564,24/7,default,no,,,,,,4.4,8153.0,,161.0,60
way/160903868,McKinley Playground,,Park,park,40.7242531,-73.9857747,24/7,default,no,https://www.nycgovparks.org/parks/mckinley-playground,,,,,4.6,854.0,,79.0,60
way/207181501,Roebling Playground,,Park,park,40.7063314,-73.9617818,24/7,default,no,,,,,,4.6,2572.0,,217.0,60
way/207181499,Roberto Clemente Ballfield,,Park,park,40.7063259,-73.9676871,24/7,default,no,,,,,,4.3,5709.0,,217.0,60
way/207181491,Epiphany Playground,,Park,park,40.708523,-73.9655461,24/7,default,no,https://www.nycgovparks.org/parks/epiphany-playground,,,,,4.8,7372.0,,256.0,60
way/207179573,Jacob's Ladder Playground,,Park,park,40.7048873,-73.9670237,24/7,default,no,,,,,,4.2,2732.0,,217.0,60
way/201158183,Irish Hunger Memorial,,Park,park,40.7151418,-74.0165477,24/7,default,no,,,,,,4.6,7638.0,,13.0,60
way/199925533,Marcus Garvey Memorial Park,,Park,park,40.8044864,-73.9436727,24/7,default,no,,,,,,4.4,3016.0,,74.0,60
way/197064614,James J Walker Park,,Park,park,40.7298088,-74.0061054,24/7,default,no,,,,,,4.2,1344.0,,249.0,60
way/194212578,Tecumseh Playground,,Park,park,40.7818184,-73.9785715,24/7,default,no,,,,,,4.7,10357.0,,239.0,60
way/192855283,Vernon Mall,,Park,park,40.7423454,-73.9541534,24/7,default,no,,,,,,4.5,7811.0,,145.0,60
way/160754300,Hoyt Playground,,Park,park,40.7716059,-73.9172274,24/7,default,no,https://www.nycgovparks.org/parks/hoyt-playground/,,,,,4.6,2088.0,,223.0,60
way/191317113,McLaughlin Park,,Park,park,40.6964968,-73.9859112,24/7,default,no,https://www.nycgovparks.org/parks/mclaughlin-park,,Cathedral Place,,,4.6,11979.0,,65.0,60
way/182431377,Playground Thirty Five XXXV,,Park,park,40.7548114,-73.9220272,24/7,default,no,https://www.nycgovparks.org/parks/playground-thirty-five-xxxv/,,,,,4.5,12237.0,,7.0,60
way/178575123,Riverside Park,,Park,park,40.8068603,-73.9680684,24/7,default,no,https://www.nycgovparks.org/parks/riverside-park,,,,,3.7,6755.0,,166.0,60
way/177068788,Laurie M. Tisch Illumination Lawn,,Park,park,40.7733857,-73.9835496,24/7,default,no,,,,,,4.5,2755.0,,142.0,60
way/175952772,Father Studzinski Square,,Park,park,40.7229991,-73.9474182,24/7,default,no,,,,,,4.5,713.0,,112.0,60
way/171805412,Luther Gulick Playground,,Park,park,40.7158754,-73.9818757,24/7,default,no,https://www.nycgovparks.org/parks/luther-gulick-park,,,,,4.4,4657.0,,232.0,60
way/171562481,Father Demo Square,,Park,park,40.7302244,-74.0021376,24/7,default,no,https://www.nycgovparks.org/parks/father-demo-square/,,,,,4.9,2312.0,,249.0,60
way/166839383,Silverstein Family Park,,Park,park,40.7131852,-74.0114448,24/7,default,no,,,Greenwich Street,,,4.3,2342.0,,231.0,60
way/182440063,Doughboy Plaza,,Park,park,40.7465407,-73.908958,24/7,default,no,,,,,,4.5,7596.0,,260.0,60
way/124814434,Bogardus Plaza,,Park,park,40.7159073,-74.0091651,24/7,default,no,https://www.bogardusplaza.org/,,Hudson Street,5,The Bogardus Plaza is a recently renovated public pedestrian plaza in the heart of Manhattan's Tribeca Neighborhood. It has ample seating and is close to public transportation. It is managed and maintained by a non profit organization.,4.3,2692.0,,231.0,60
way/118987679,Taaffe Playground,,Park,park,40.6951873,-73.9607219,24/7,default,no,https://www.nycgovparks.org/parks/taaffe-playground,,,,,4.4,1085.0,,49.0,60
way/118528235,West Harlem Piers Park,,Park,park,40.8191647,-73.9609158,24/7,default,no,,,,,,4.6,4312.0,,152.0,60
way/112692313,Bowling Green,,Park,park,40.7050354,-74.0136629,24/7,default,no,https://www.nycgovparks.org/parks/bowling-green,,,,,4.5,2901.0,,261.0,60
way/112168184,Green Central Knoll,,Park,park,40.7019211,-73.9330145,24/7,default,no,,,,,,4.1,2499.0,,37.0,60
way/111563947,Peretz Square,,Park,park,40.7229342,-73.9878534,24/7,default,no,https://www.nycgovparks.org/parks/M123/highlights/6509,,,,,4.4,1842.0,,79.0,60
way/109447376,Louise Nevelson Plaza,,Park,park,40.7076539,-74.0079229,24/7,default,no,,,,,,4.5,4835.0,,87.0,60
way/109441961,Titanic Memorial Park,,Park,park,40.7075392,-74.0036904,24/7,default,no,,,,,,5.0,4024.0,,209.0,60
way/109330342,James Madison Plaza,,Park,park,40.7114226,-74.0003749,24/7,default,no,https://www.nycgovparks.org/parks/james-madison-plaza,,Madison Street,1,,4.6,3297.0,,45.0,60
way/109328312,Joseph C. Sauer Park,,Park,park,40.7281563,-73.9797137,24/7,default,no,https://www.nycgovparks.org/parks/joseph-c-sauer-park,,,,,3.9,3426.0,,79.0,60
way/109267278,Coenties Slip,,Park,park,40.7034804,-74.01053,24/7,default,no,,,,,,4.5,25112.0,,88.0,60
way/108315458,FDR Four Freedoms State Park,,Park,park,40.7506326,-73.9603838,We-Mo 09:00-19:00; Tu off,osm,no,https://www.fdrfourfreedomspark.org/,,FDR Four Freedoms Park,1,,4.4,4454.0,,202.0,60
way/113690621,Marsh & McLennan Public Space,,Park,park,40.75669,-73.9815898,24/7,default,no,,,,,,4.5,1374.0,,161.0,60
way/108295739,Manhattan Park Parcel A,,Park,park,40.7654725,-73.946894,24/7,default,no,,,,,,4.8,6387.0,,202.0,60
way/108239588,Alexander Hamilton Playground,,Park,park,40.8230955,-73.9512438,24/7,default,no,https://www.nycgovparks.org/parks/alexander-hamilton-playground,,,,,4.7,1690.0,,116.0,60
way/108239586,Montefiore Park,,Park,park,40.8214533,-73.9535643,24/7,default,no,https://www.nycgovparks.org/parks/montefiore-square,,,,,4.9,1140.0,,152.0,60
way/108239585,Jacob H. Schiff Playground,,Park,park,40.8205186,-73.9520188,24/7,default,no,https://www.nycgovparks.org/parks/jacob-h-schiff-playground,,,,,4.7,20188.0,,152.0,60
way/108237828,Jackie Robinson Park,,Park,park,40.8267343,-73.9412148,24/7,default,no,https://www.nycgovparks.org/parks/jackie-robinson-park_manhattan,,,,,4.2,2224.0,,116.0,60
way/108237827,Wallenberg Playground,,Park,park,40.8529616,-73.9267854,24/7,default,no,,,,,,4.5,2339.0,,120.0,60
way/108236534,Wards Island Park,,Park,park,40.7861499,-73.9296327,24/7,default,no,https://www.nycgovparks.org/parks/wards-island-park,,,,,4.0,3697.0,,194.0,60
way/108235842,John V. Lindsay East River Park,,Park,park,40.71863,-73.975541,24/7,default,no,https://www.nycgovparks.org/parks/east-river-park,,FDR Drive,,,4.2,5112.0,,232.0,60
way/108235837,Vietnam Veterans Plaza,,Park,park,40.7027051,-74.0097651,24/7,default,no,https://www.vietnamveteransplaza.com/,,,,,4.2,12094.0,,88.0,60
way/108235836,Seward Park,,Park,park,40.7148304,-73.9891502,Mo-Su 06:00-22:00,osm,no,https://www.nycgovparks.org/parks/seward-park,,,,,4.3,2705.0,,232.0,60
way/108239589,Saint Nicholas Park,,Park,park,40.8172175,-73.9489593,24/7,default,no,https://www.nycgovparks.org/parks/st-nicholas-park,,,,"St. Nicholas of Myra, the inspiration for Santa Claus, the patron saint of children, sailors, bankers, pawnbrokers, travelers, and captives. Alexander Hamilton’s home, Hamilton Grange, was relocated to the park’s northern end in 2008.",4.7,1307.0,,152.0,60
way/113723738,Straus Park,,Park,park,40.8019013,-73.968211,24/7,default,no,,,,,,4.6,9959.0,,24.0,60
way/113757309,Grover Cleveland Playground,,Park,park,40.7109245,-73.9112225,24/7,default,no,https://www.nycgovparks.org/parks/grover-cleveland-playground,,,,"This park honors Grover Cleveland (1837-1908), the 22nd and 24th President of the United States.",4.0,4057.0,,198.0,60
way/117994215,Samuel N. Bennerson 2nd Playground,,Park,park,40.7738043,-73.9869758,24/7,default,no,https://www.nycgovparks.org/parks/samuel-n-bennerson-2nd-playground,,West 64th Street,,,4.6,6541.0,,143.0,60
way/118528233,Sakura Park,,Park,park,40.8130815,-73.9621092,24/7,default,no,,,,,,4.1,1217.0,,166.0,60
way/118524706,Convent Garden,,Park,park,40.828365,-73.9427004,24/7,default,no,,,,,,4.7,4438.0,,116.0,60
way/118524701,Robert L. Clinkscales Playground and Community Garden,,Park,park,40.8226795,-73.9400884,24/7,default,no,https://www.nycgovparks.org/parks/robert-l-clinkscales-playground-and-community-garden,,,,,4.6,4617.0,,42.0,60
way/118524700,Harlem River Park,,Park,park,40.8059758,-73.9336626,24/7,default,no,https://www.nycgovparks.org/parks/harlem-river-park/,,,,,4.3,4214.0,,74.0,60
way/118524697,Crack Is Wack Playground,,Park,park,40.8044855,-73.9317785,24/7,default,no,https://www.nycgovparks.org/parks/crack-is-wack-playground,,,,,4.6,1976.0,,74.0,60
way/118524694,Riverbank State Park,,Park,park,40.8254269,-73.9565197,sunrise-sunset,osm,no,https://parks.ny.gov/parks/riverbank,+1 212-694-3600,Riverside Drive,679,,5.0,5113.0,,116.0,60
way/118524689,Holcombe Rucker Park,,Park,park,40.829198,-73.9361184,24/7,default,no,https://www.nycgovparks.org/parks/holcombe-rucker-park,,,,,4.1,5918.0,,42.0,60
way/118524678,Abraham Lincoln Playground,,Park,park,40.812198,-73.9371517,24/7,default,no,https://www.nycgovparks.org/parks/abraham-lincoln-playground,,,,,4.2,6569.0,,74.0,60
way/118524677,Frederick Johnson Park,,Park,park,40.8247169,-73.9355292,24/7,default,no,https://www.nycgovparks.org/parks/M159/,,,,,4.8,1815.0,,42.0,60
way/118524671,Brigadier General Charles Young Playground,,Park,park,40.8191237,-73.935624,24/7,default,no,https://www.nycgovparks.org/parks/col-young-playground,,,,,4.8,4869.0,,42.0,60
way/118524669,Moore Playground,,Park,park,40.8094037,-73.938501,24/7,default,no,https://www.nycgovparks.org/parks/moore-playground,,,,,4.7,15961.0,,42.0,60
way/118524668,Howard Bennett Playground,,Park,park,40.8136382,-73.9386348,24/7,default,no,https://www.nycgovparks.org/parks/howard-bennett-playground,,,,,4.4,1915.0,,42.0,60
way/118524667,Percy E. Sutton Playground,,Park,park,40.825999,-73.9349482,24/7,default,no,,,,,,4.2,1822.0,,42.0,60
way/118524664,Renaissance Playground,,Park,park,40.8212878,-73.9413653,24/7,default,no,https://www.nycgovparks.org/parks/renaissance-playground,,,,,4.5,4598.0,,42.0,60
way/118524662,Brigadier General Charles Young Triangle,,Park,park,40.8272493,-73.9358374,24/7,default,no,https://www.nycgovparks.org/parks/brigadier-general-charles-young-triangle,,,,,4.6,6783.0,,42.0,60
way/118524660,Alice Kornegay Triangle,,Park,park,40.8064189,-73.9353004,24/7,default,no,https://www.nycgovparks.org/parks/alice-kornegay-triangle,,,,,4.5,11196.0,,74.0,60
way/118524659,Courtney Callender Playground,,Park,park,40.810052,-73.9401098,24/7,default,no,https://www.nycgovparks.org/parks/courtney-callender-playground,,,,,4.4,30842.0,,42.0,60
way/118524658,Johnny Hartman Square,,Park,park,40.8241497,-73.9486126,24/7,default,no,https://www.nycgovparks.org/parks/johnny-hartman-square,,,,,4.7,1763.0,,116.0,60
way/118505053,Clinton Cove,,Park,park,40.7706634,-73.9954591,24/7,default,yes,https://hudsonriverpark.org/locations/clinton-cove/,,,,,4.2,5148.0,,50.0,60
way/118116798,Pier 84,,Park,park,40.7637561,-74.0013936,24/7,default,no,,,,,,4.4,6196.0,,50.0,60
way/207181502,Sobel Playground,,Park,park,40.7073226,-73.9615254,24/7,default,no,,,,,,4.6,3301.0,,217.0,60
way/108235832,Corlears Hook Park,,Park,park,40.7117122,-73.9792669,24/7,default,no,https://www.nycgovparks.org/parks/corlears-hook-park,,,,,4.2,1041.0,,232.0,60
way/208501777,El Puente Espíritu Tierra Community Garden,,Park,park,40.7125441,-73.9594199,24/7,default,no,https://www.elpuente.us/content/community-garden,,South 2nd Street,201-203,,4.6,1291.0,,256.0,60
way/264003876,Paley Park,,Park,park,40.7603437,-73.9750748,24/7,default,no,,,East 53rd Street,3,,4.6,4763.0,,161.0,60
way/263481478,Fagan Square,,Park,park,40.7560168,-73.9124176,24/7,default,no,https://www.nycgovparks.org/parks/corporal-frank-f-fagan-sq,,,,,4.2,3958.0,,7.0,60
way/257671578,Penn South Playground,,Park,park,40.7475,-73.9987079,24/7,default,no,https://www.nycgovparks.org/parks/penn-south-playground/,,,,,4.5,1402.0,,68.0,60
way/257389723,Twentyfour Sycamores Park,,Park,park,40.7594475,-73.9586677,24/7,default,no,,,,,,4.6,5481.0,,140.0,60
way/256057165,Beattie Triangle,,Park,park,40.6964388,-73.9345504,24/7,default,no,,,,,,4.8,8131.0,,225.0,60
way/254594896,Carmansville Playground,,Park,park,40.8291862,-73.9442602,24/7,default,no,https://www.nycgovparks.org/parks/carmansville-playground,,,,,4.1,1652.0,,116.0,60
way/254594895,Audubon Playground,,Park,park,40.8416095,-73.9381178,24/7,default,no,,,,,,4.7,5279.0,,244.0,60
way/252823151,Straus Square,,Park,park,40.7142374,-73.9899111,24/7,default,no,,,,,,4.7,76321.0,,232.0,60
way/250265505,Hartman Triangle,,Park,park,40.7207559,-73.9806992,24/7,default,no,,,,,,4.7,8681.0,,4.0,60
way/266077859,Hells Kitchen Park,,Park,park,40.7629731,-73.9925633,24/7,default,no,,,,,,4.8,5893.0,,48.0,60
way/250265371,Orchard Alley,,Park,park,40.7213318,-73.9784614,24/7,default,no,,,East 4th Street,354,,4.4,6423.0,,4.0,60
way/244978444,Winston Churchill Square,,Park,park,40.7298571,-74.0024499,24/7,default,no,,,,,,4.3,2895.0,,249.0,60
way/244977216,William E. Passannante Ballfield,,Park,park,40.728579,-74.0022425,24/7,default,no,https://www.nycgovparks.org/parks/william-f-passannante-ballfield/,,,,,4.4,3736.0,,114.0,60
way/244726397,Spuyten Duyvil Shorefront Park,,Park,park,40.8789764,-73.9214324,24/7,default,no,,,,,,5.0,785.0,,220.0,60
way/242113355,Playground One,,Park,park,40.7122535,-73.9974091,24/7,default,no,https://www.nycgovparks.org/parks/playground-one,,Madison Street,,,4.7,963.0,,45.0,60
way/240569209,Spirit Playground,,Park,park,40.761222,-73.9414421,24/7,default,no,,,,,,4.4,8363.0,,193.0,60
way/239988120,Jefferson Market Garden,,Park,park,40.7344325,-73.9995026,24/7,default,no,https://www.jeffersonmarketgarden.org/,,,,,4.5,1477.0,,249.0,60
way/239988118,Father Fagan Park,,Park,park,40.7267003,-74.0033094,24/7,default,no,,,,,,4.3,6028.0,,125.0,60
way/239988114,Minetta Triangle,,Park,park,40.7298939,-74.0018323,24/7,default,no,https://www.nycgovparks.org/parks/minetta-triangle/,,,,,4.3,4161.0,,114.0,60
way/239988106,Spring Street Park,,Park,park,40.7249584,-74.004452,24/7,default,no,https://www.nycgovparks.org/parks/soho-square,,,,,4.5,2078.0,,125.0,60
way/249665058,Playground of the Americas,,Park,park,40.728006,-74.0026728,24/7,default,no,https://www.nycgovparks.org/parks/playground-of-the-americas/,,,,,5.0,5811.0,,125.0,60
way/239977366,Vesuvio Playground,,Park,park,40.7253755,-74.002612,Mo-Su 07:00-18:00; Mar 02-Oct 31: Mo-Su 07:00-21:00,osm,no,https://www.nycgovparks.org/parks/vesuvio-playground,,,,,3.9,4063.0,,211.0,60
way/266077861,McCaffrey Playground,,Park,park,40.7589801,-73.9912816,24/7,default,no,https://www.nycgovparks.org/parks/mccaffrey-playground,,,,,4.3,6922.0,,48.0,60
way/266113539,Ramone Aponte Park,,Park,park,40.7614489,-73.9893455,24/7,default,no,,,,,,4.3,3193.0,,48.0,60
way/304129981,Montgomery Triangle Park,,Park,park,40.7142248,-73.9851113,24/7,default,no,,,,,,4.7,6996.0,,232.0,60
way/298761168,Lindsay Triangle,,Park,park,40.7042114,-73.9483125,24/7,default,no,,,,,,4.1,2678.0,,217.0,60
way/298133598,Columbus Square,,Park,park,40.7701178,-73.9176161,24/7,default,no,https://www.nycgovparks.org/parks/columbus-square/,,,,,4.4,2075.0,,223.0,60
way/296164200,Continental Army Plaza,,Park,park,40.7105905,-73.9604405,24/7,default,no,,,,,,4.1,7294.0,,256.0,60
way/295969929,St. Catherine's Park,,Park,park,40.7652136,-73.9587494,24/7,default,no,https://www.nycgovparks.org/parks/st-catherines-park,,,,,5.0,7994.0,,141.0,60
way/295109956,Notorious LIC Park,,Park,park,40.7419391,-73.9513637,Mo-Su 06:00-21:00,osm,no,https://www.nycgovparks.org/parks/bridge-and-tunnel-park,,,,,4.0,2375.0,,145.0,60
way/294248630,Aqueduct Walk (West 181st to West 183rd),,Park,park,40.85817,-73.9080705,24/7,default,no,,,,,,4.9,1987.0,,235.0,60
way/294237311,Aqueduct Walk (West Burnside to West 181st),,Park,park,40.855923,-73.9099726,24/7,default,no,,,,,,4.6,6504.0,,235.0,60
way/266097823,Matthews-Palmer Playground,,Park,park,40.7613978,-73.9927341,24/7,default,no,https://www.nycgovparks.org/parks/matthews-palmer-playground/history,,,,,4.2,3337.0,,48.0,60
way/293720019,Balsley Park,,Park,park,40.7674642,-73.9856951,24/7,default,no,,,,,,3.5,1542.0,,48.0,60
way/286996622,University Woods Park,,Park,park,40.8588432,-73.9149685,24/7,default,no,https://www.nycgovparks.org/parks/university-woods,,,,,4.4,1289.0,,235.0,60
way/281499420,Lower East Side Playground,,Park,park,40.7293823,-73.9829183,24/7,default,no,https://www.nycgovparks.org/parks/lower-east-side-playground,,,,,5.0,1114.0,,79.0,60
way/281330705,Windmill Community Garden,,Park,park,40.7531022,-73.9352138,24/7,default,no,,,29th Street,39-22,,4.4,3885.0,,146.0,60
way/279595950,Cohn Triangle,,Park,park,40.7073364,-73.9646524,24/7,default,no,,,,,,4.8,3528.0,,217.0,60
way/270791455,Freeman Plaza West,,Park,park,40.7242186,-74.0074996,24/7,default,no,https://hudsonsquarebid.org/neighborhood/outdoor-spaces/freeman-plaza-west/,,,,,4.5,5944.0,,125.0,60
way/287462475,Bellevue South Park,,Park,park,40.7400387,-73.9780496,24/7,default,no,https://www.nycgovparks.org/parks/bellevue-south-park,,,,,5.0,1300.0,,137.0,60
way/239795718,Bushwick Inlet Park,,Park,park,40.7227203,-73.9613858,24/7,default,no,,,,,,5.0,734.0,,255.0,60
way/239239029,Gordan Triangle,,Park,park,40.7487531,-73.9519525,24/7,default,no,https://www.nycgovparks.org/parks/gordon-triangle/,,,,,4.5,5603.0,,145.0,60
way/238073821,Hallets Cove Playground,,Park,park,40.7720345,-73.9339313,24/7,default,no,https://www.nycgovparks.org/parks/hallets-cove-playground/,,,,,4.6,2126.0,,179.0,60
way/225159200,Hancock Park,,Park,park,40.8095524,-73.9532979,24/7,default,no,https://www.nycgovparks.org/parks/hancock-park,,,,,4.4,2359.0,,41.0,60
way/225143097,Martin Luther King Playground,,Park,park,40.8002087,-73.9503857,24/7,default,no,,,,,,4.3,6906.0,,41.0,60
way/225135028,Wagner Houses Pool,,Park,park,40.8016837,-73.9325907,24/7,default,no,https://www.nycgovparks.org/parks/wagner-houses-pool,,,,,4.6,2010.0,,74.0,60
way/225134049,Harlem Art Park,,Park,park,40.8010442,-73.9388073,24/7,default,no,,,,,,4.8,4475.0,,74.0,60
way/225134048,Detective Omar Edwards Park,,Park,park,40.8027407,-73.9350402,24/7,default,no,https://www.nycgovparks.org/parks/detective-omar-edwards-park,,,,,4.7,5791.0,,74.0,60
way/225132539,Dr. Ronald E. McNair Playground,,Park,park,40.8025394,-73.9381332,24/7,default,no,https://www.nycgovparks.org/parks/dr-ronald-mcnair-park,,,,,4.3,2235.0,,74.0,60
way/224034804,A Philip Randolph Square,,Park,park,40.8038286,-73.952422,24/7,default,no,,,,,,4.7,5703.0,,41.0,60
way/224031776,Collyer Brothers Park,Collyer Brothers Park,Park,park,40.8085313,-73.9410487,24/7,default,no,,,,,,4.5,3844.0,,42.0,60
way/224029303,Rev. Linnette C Williamson Memorial Park,,Park,park,40.8094612,-73.9429209,24/7,default,no,https://www.nycgovparks.org/about/history/historical-signs/listings?id=12811,,,,,4.9,2180.0,,42.0,60
way/225171034,Peter Minuit Playground,,Park,park,40.7947722,-73.9472299,24/7,default,no,https://www.nycgovparks.org/parks/peter-minuit-playground/,,,,,4.7,2977.0,,75.0,60
way/224028029,132nd Street Block Association Park,,Park,park,40.8123187,-73.943153,24/7,default,no,,,,,,4.4,8429.0,,42.0,60
way/220634528,Sixteen Oaks Grove,,Park,park,40.7584763,-73.9383657,24/7,default,no,https://www.nycgovparks.org/parks/sixteen-oaks-grove/,,"37th Avenue, 14th Street, 21st Street",,,4.7,6709.0,,193.0,60
way/220354581,Athens Square,,Park,park,40.7678466,-73.9223243,24/7,default,no,https://www.nycgovparks.org/parks/athenssquare/history,,,,,4.7,2730.0,,179.0,60
way/219612698,Finn Square,,Park,park,40.718642,-74.0068687,24/7,default,no,https://www.nycgovparks.org/parks/greenstreet-mz30/history,,,,,4.6,3153.0,,231.0,60
way/218337945,Sean's Place,,Park,park,40.7607826,-73.9183055,24/7,default,no,https://www.nycgovparks.org/parks/seans-place,,,,,4.5,5634.0,,7.0,60
way/218327131,Verizon Plaza,,Park,park,40.7548157,-73.9851583,24/7,default,no,,,,,,4.3,18665.0,,100.0,60
way/217722093,J. Hood Wright Park,,Park,park,40.8464722,-73.941255,24/7,default,no,https://www.nycgovparks.org/parks/j-hood-wright-park/,,,,,4.2,1324.0,,244.0,60
way/222233979,Marble Hill Playground,,Park,park,40.8775125,-73.908139,24/7,default,no,,,,,,4.5,1707.0,,153.0,60
way/225173799,Each One Teach One,,Park,park,40.8071736,-73.9345657,24/7,default,no,https://www.nycgovparks.org/parks/each-one-teach-one/,,,,,4.5,2036.0,,74.0,60
way/225188061,Mae Grant Playground,,Park,park,40.7924257,-73.9494365,24/7,default,no,,,,,,4.8,3111.0,,75.0,60
way/225188879,Sunshine Playground,,Park,park,40.7884898,-73.9478109,24/7,default,no,,,,,,4.3,2706.0,,75.0,60
way/237845868,Triborough Bridge Playground E,,Park,park,40.7729928,-73.920859,24/7,default,no,https://www.nycgovparks.org/parks/triborough-bridge-playground-e,,,,,4.6,2229.0,,223.0,60
way/237845867,Triborough Bridge Playground D,,Park,park,40.7734797,-73.9215639,24/7,default,no,https://www.nycgovparks.org/parks/triborough-bridge-playground-d,,,,,4.3,4253.0,,223.0,60
way/237845865,Triborough Bridge Playground B,,Park,park,40.7746316,-73.9231003,24/7,default,no,https://www.nycgovparks.org/parks/triborough-bridge-playground-b,,,,,4.6,2333.0,,223.0,60
way/237845864,Chappetto Square,,Park,park,40.7750513,-73.9223832,24/7,default,no,https://www.nycgovparks.org/parks/chappetto-square/,,,,,4.4,4213.0,,223.0,60
way/237393267,Southpoint Park,,Park,park,40.7523609,-73.9587446,Mo-Su 06:00-22:00,osm,no,,,East Road,,,4.1,1135.0,,202.0,60
way/237054245,Plaza de las Americas,,Park,park,40.8460987,-73.9381037,24/7,default,no,,,,,,4.3,2950.0,,244.0,60
way/231847469,Socrates Sculpture Park,,Park,park,40.7684938,-73.9370153,24/7,default,no,,,,,,4.8,3079.0,,193.0,60
way/230064839,Mill Pond Park,,Park,park,40.8226949,-73.9317305,24/7,default,no,https://www.nycgovparks.org/parks/mill-pond-park,,,,,4.5,1569.0,,247.0,60
way/226763199,Devoe Park,,Park,park,40.8635368,-73.906554,24/7,default,no,https://www.nycgovparks.org/parks/devoe-park,,,,,4.5,2778.0,,136.0,60
way/226438197,Pvt. Sonsire Triangle,,Park,park,40.7184744,-73.952544,24/7,default,no,,,,,,4.6,1805.0,,255.0,60
way/226010200,Jacob K. Javits Playground,,Park,park,40.8589557,-73.9349368,24/7,default,no,https://www.nycgovparks.org/parks/fort-tryon-park/highlights/8724,,,,,4.7,11928.0,,243.0,60
way/225336126,Randalls Island Park,,Park,park,40.7938681,-73.9217786,24/7,default,no,https://www.nycgovparks.org/parks/randalls-island,,,,,4.5,4826.0,,194.0,60
way/225191605,Harlem River Drive Park,,Park,park,40.8148592,-73.9343099,24/7,default,no,https://www.nycgovparks.org/parks/harlem-river-park-bikeway/,,,,,4.7,2539.0,,74.0,60
way/225190636,Playground 103,,Park,park,40.7869524,-73.9390245,24/7,default,no,,,,,,4.6,3535.0,,75.0,60
way/225190195,Stanley Isaacs Courts,,Park,park,40.7834698,-73.9441011,24/7,default,no,,,,,,4.5,1885.0,,75.0,60
way/225190178,Marx Brothers Playground,,Park,park,40.7842492,-73.9459882,24/7,default,no,https://www.nycgovparks.org/parks/marx-brothers-playground,,,,,4.5,5213.0,,75.0,60
way/225189513,Poor Richard's Playground,,Park,park,40.7926185,-73.9426331,24/7,default,no,,,,,,4.9,7539.0,,75.0,60
way/225189391,103rd Street Community Garden,103rd Street Community Garden,Park,park,40.7909569,-73.948655,24/7,default,no,https://www.nyrp.org/green-spaces/garden-details/103rd-street-community-garden/,,,,,5.0,1894.0,,75.0,60
way/225189359,White Playground,,Park,park,40.7916462,-73.9458897,24/7,default,no,https://www.nycgovparks.org/parks/white-playground,,,,,4.8,4052.0,,75.0,60
way/225188968,Cherry Tree Park,,Park,park,40.7872445,-73.9471949,Mar 2-Oct 31 06:00-21:00; Nov 1-Mar 1 06:00-18:00,osm,no,,,,,,5.0,1833.0,,75.0,60
way/208360494,The Queen Elizabeth II September 11th Garden,,Park,park,40.704797,-74.0093346,24/7,default,no,https://www.nycgovparks.org/parks/british-garden-at-hanover-square/,,Hanover Square,11,,4.2,2166.0,,87.0,60
way/108199260,St. Peter's Garden,,Park,park,40.7711578,-73.9854676,24/7,default,no,,,,,,3.9,2298.0,,142.0,60
way/108199253,Robert Moses Plaza,,Park,park,40.7706182,-73.9847412,24/7,default,no,,,,,,4.3,3947.0,,142.0,60
way/108159407,Thomas Jefferson Park,,Park,park,40.7932541,-73.9353945,24/7,default,no,https://www.nycgovparks.org/parks/thomas-jefferson-park/,,1st Avenue,,,4.6,15700.0,,74.0,60
way/468549198,Pulpit Green,,Park,garden,40.803296,-73.9627107,24/7,default,no,,,,,,4.8,2206.0,,166.0,60
way/470031684,Sunset Community Garden,,Park,garden,40.7095394,-73.9171019,Apr-Oct: Th-Fr 17:00-19:00; Apr-Oct: Su 11:00-17:00,osm,no,,,,,,4.2,5187.0,,198.0,60
way/485919480,Biblical Garden,,Park,garden,40.8031447,-73.961349,24/7,default,no,,,,,,4.1,15148.0,,166.0,60
way/530547145,Golden Swan Garden,,Park,garden,40.7314929,-74.0008185,24/7,default,no,https://www.nycgovparks.org/parks/M125C/highlights/10766,,,,,4.9,2404.0,,114.0,60
way/538098723,Green Patch on Walton,,Park,garden,40.8480007,-73.9096351,24/7,default,no,,,,,,4.0,10338.0,,169.0,60
way/539085026,Taqwa Community Farm,,Park,garden,40.8325909,-73.929031,24/7,default,no,,,,,This community garden is on NYC Parks Property.,4.5,9421.0,,119.0,60
way/539085031,Mosaic Garden,,Park,garden,40.840593,-73.9254327,24/7,default,no,,,,,This community garden is on NYC Parks Property.,4.0,2166.0,,119.0,60
way/539085033,Roberto Clemente Community Garden,,Park,garden,40.8389108,-73.9222679,24/7,default,no,,,,,This community garden is owned by Bronx Land Trust,4.5,3634.0,,119.0,60
way/429916951,Katharine Hepburn Garden,,Park,garden,40.7523284,-73.9691525,24/7,default,no,,,,,,4.2,3123.0,,233.0,60
way/543214394,The New School (Lang College) Park,,Park,garden,40.7354306,-73.9974833,24/7,default,no,,,,,,4.5,5282.0,,113.0,60
way/606901055,All People's Garden,,Park,garden,40.7214668,-73.9795505,24/7,default,no,,,East 3rd Street,293,"Founded in 1980, protected in 1999 by The Trust for Public Land",4.7,1423.0,,4.0,60
way/1415913860,I♥NY More Than Ever!,,Landmark,artwork,40.726648,-73.9921002,24/7,default,no,,,,,,3.5,2779.0,,114.0,30
way/1315783397,Times Square,,Landmark,artwork,40.758485,-73.9852838,24/7,default,no,,,,,,4.2,549.0,,230.0,30
way/1298937619,P.S. 17Q,,Landmark,artwork,40.7679838,-73.9228882,24/7,default,no,,,,,,4.7,1096.0,,179.0,30
way/1298937616,Welcome to Queens,,Landmark,artwork,40.767971,-73.9229826,24/7,default,no,,,,,,4.6,1055.0,,179.0,30
way/1209893804,Samuel J. Tilden Statue,,Landmark,artwork,40.8061984,-73.9675244,24/7,default,no,,,,,,4.9,4072.0,,166.0,30
way/1190058239,Africa,,Landmark,artwork,40.7044817,-74.0140439,24/7,default,no,,,,,,4.0,2175.0,,88.0,30
way/1190058230,Europe,,Landmark,artwork,40.7044791,-74.0138141,24/7,default,no,,,,,,4.4,2988.0,,88.0,30
way/1190058228,America,,Landmark,artwork,40.7044777,-74.013677,24/7,default,no,,,,,,3.7,1731.0,,88.0,30
way/563074624,Wanaqua Family Garden,,Park,garden,40.8067292,-73.9218424,24/7,default,no,https://www.grownyc.org/openspace/gardens/bx/wanaqua,,,,,4.8,857.0,,168.0,60
way/1190058224,Asia,,Landmark,artwork,40.7044755,-74.0134424,24/7,default,no,,,,,,3.6,195.0,,88.0,30
way/429887431,Shakespeare Garden,,Park,garden,40.7798173,-73.9699595,24/7,default,no,https://www.centralparknyc.org/locations/shakespeare-garden,,,,,4.4,6213.0,,43.0,60
way/387351390,Conservatory Garden,Conservatory Garden,Park,garden,40.793677,-73.9522832,"Nov-Feb: 08:00-17:00, Feb-Mar: 08:00-18:00, Apr: 8:00-19:00, May 01-Aug 14: 08:00-20:00, Aug 15-31:08:00-19:30, Sep: 8:00-19:00, Oct: 08:00-18:00",osm,no,https://www.centralparknyc.org/locations/conservatory-garden,,,,,5.0,3713.0,,43.0,60
way/314366320,"Hope Community's Modesto ""Tin"" Flores Garden",,Park,garden,40.7910414,-73.9468781,24/7,default,no,,,,,,5.0,1160.0,,75.0,60
way/314367506,El Jardin del Paraiso,,Park,garden,40.7223043,-73.9791673,24/7,default,no,http://www.eljardindelparaiso.org/,,,,,4.0,3347.0,,4.0,60
way/314368220,El Sol Brillante,,Park,garden,40.728346,-73.9801754,24/7,default,no,,,East 12th Street,,,4.6,3409.0,,79.0,60
way/314368836,11th Street Community Garden,,Park,garden,40.7286836,-73.9829432,"Su 12:00-18:00; Tu, Th 17:30-20:00",osm,no,https://11th.garden/,+1 917 773 8440,East 11th Street,422,A garden maintained by community volunteers where visitors are welcome whenever the gate is open. It is funded completely by donations and grants. There is free WiFi and a community library outside the gate where you can exchange books for free.,3.9,3259.0,,79.0,60
way/314729671,Target Bronx Community Garden,,Park,garden,40.8328744,-73.9271296,"Tu,We 15:00-17:00; Sa 10:00-11:00",osm,no,https://www.nyrp.org/en/gardens-and-parks/target-bronx-community-garden/,,,,,4.1,5980.0,,119.0,60
way/315400965,Campos Community Garden,,Park,garden,40.7272454,-73.9775728,"We 16:30-19:00; Sa 10:00-12:30; Su 10:00-12:30, 16:30-19:00",osm,no,https://www.camposcommunitygarden.org/,,East 12th Street,640,,4.6,1650.0,,4.0,60
way/315402582,Mo' Pals,,Park,garden,40.8275217,-73.9483817,24/7,default,no,,,West 147th Street,545,,4.3,1499.0,,116.0,60
way/316153085,Courtlandt Avenue Association Community Garden,,Park,garden,40.8225058,-73.9161085,We-Sa 14:00-16:00,osm,no,,,East 158th Street,366,,4.5,7514.0,,159.0,60
way/322415205,El Garden,,Park,garden,40.699519,-73.9306124,24/7,default,no,,,,,,4.2,5238.0,,37.0,60
way/426373514,Nell Singer Lilac Walk,,Park,garden,40.7723694,-73.9733364,24/7,default,no,https://www.centralparknyc.org/locations/nell-singer-lilac-walk,,,,,4.3,1856.0,,43.0,60
way/329995852,Barclays Capital Grove,,Park,garden,40.7729822,-73.9838402,24/7,default,no,https://lincolncenter.org/venue/barclays-capital-grove,,,,,4.5,1528.0,,142.0,60
way/362685891,Java Street Garden,,Park,garden,40.7313925,-73.9588143,24/7,default,no,https://www.nycgovparks.org/opportunities/volunteer/group/java-street-community-garden,,Java Street,59,,4.3,1342.0,,112.0,60
way/362826160,Harlem Valley Garden,,Park,garden,40.8145685,-73.9435785,24/7,default,no,https://www.nycgovparks.org/opportunities/volunteer/group/harlem-valley-garden,,West 134th Street,197,,5.0,3600.0,,42.0,60
way/362826846,Electric Ladybug Garden,,Park,garden,40.8008942,-73.9562886,24/7,default,no,https://www.electricladybuggarden.org,,West 111th Street,239-37,,4.3,4153.0,,41.0,60
way/363061941,Keap Fourth Community Garden,,Park,garden,40.7091128,-73.9548026,24/7,default,no,https://livinglotsnyc.org/lot/58275/,,Keap Street,347,,4.5,2932.0,,256.0,60
way/365518741,New Roots Community Farm,,Park,garden,40.8213389,-73.9248503,24/7,default,no,,,,,,4.7,6415.0,,69.0,60
way/367858713,LIC Community Garden,,Park,garden,40.7434499,-73.9551692,24/7,default,no,,,,,,4.3,2208.0,,145.0,60
way/383291878,Green Dome Fenced Garden,Green Dome Fenced Garden,Park,garden,40.7195864,-73.9528571,24/7,default,no,https://www.instagram.com/greendome_garden/,,,,,4.4,555.0,,255.0,60
way/385460488,Olmsted Flower Bed,,Park,garden,40.7698573,-73.9725682,24/7,default,no,https://www.centralparknyc.org/locations/olmsted-flower-bed,,,,,4.0,10446.0,,43.0,60
way/385460489,The Dene,The Dene,Park,garden,40.7702729,-73.9698715,24/7,default,no,https://www.centralparknyc.org/locations/dene,,,,,5.0,2867.0,,43.0,60
way/362683587,Saint Nicholas Miracle Garden,,Park,garden,40.8116825,-73.9514604,24/7,default,no,https://livinglotsnyc.org/lot/1019530044/,,Saint Nicholas Avenue,330,,4.7,4489.0,,42.0,60
way/1112562195,Rolling Benches,,Landmark,artwork,40.8135269,-73.9632577,24/7,default,no,,,,,,5.0,2448.0,,166.0,30
way/1112132914,Independence Flagstaff,,Landmark,artwork,40.7359249,-73.9902996,24/7,default,no,,,,,,4.0,465.0,,234.0,30
way/844409736,East Side Outside Community Garden,,Park,garden,40.7293819,-73.9832459,24/7,default,no,https://eastsideoutsidegarden.org,,,,,4.0,4118.0,,79.0,60
way/879798367,Jardin de La Roca,,Park,garden,40.8229727,-73.9128974,24/7,default,no,,,,,,4.3,1121.0,,167.0,60
way/884819075,Bushwick City Farm,,Park,garden,40.6972345,-73.937581,"Sa, Su 12:30-sunset",osm,no,https://bushwickcityfarm.wordpress.com,,,,,4.3,1473.0,,225.0,60
way/888695659,Millenium Park,,Park,garden,40.711605,-74.0078935,24/7,default,no,,,,,,5.0,7085.0,,231.0,60
way/888758924,Carousel Bioswale,,Park,garden,40.7041331,-73.992387,24/7,default,no,,,,,,4.5,11435.0,,66.0,60
way/889019752,Entry Court,,Park,garden,40.7555854,-73.9558543,24/7,default,no,,,,,,4.5,1757.0,,202.0,60
way/889997874,Peach Tree Garden,,Park,garden,40.7216509,-73.9819766,24/7,default,no,,,,,,5.0,5386.0,,4.0,60
way/894035807,Charlton Plaza,,Park,garden,40.7272293,-74.0035225,24/7,default,no,,,,,,4.2,3005.0,,125.0,60
way/923400025,Willis Avenue Community Garden,,Park,garden,40.8123368,-73.920141,24/7,default,no,https://www.nyrp.org/en/gardens-and-parks/willis-avenue-community-garden/,,,,,4.2,1157.0,,168.0,60
way/822683062,Jeff Dullea Inter-Generational Garden,,Park,garden,40.7473461,-73.9999002,24/7,default,no,,,,,,4.8,16123.0,,68.0,60
way/927170499,Isla Verde Garden,,Park,garden,40.8149313,-73.9068228,24/7,default,no,,,,,,4.1,5491.0,,159.0,60
way/943557533,Riverside Valley Community Garden,,Park,garden,40.8236149,-73.9558884,24/7,default,no,https://riversideparknyc.org/riverside-valley-community-garden/,,,,Community Garden run under the auspices of the Riverside Park Conservancy and NYC Green Thumb.,4.3,2370.0,,116.0,60
way/959894829,Morris-Jumel Ecological Education Garden,,Park,garden,40.8357635,-73.9391267,24/7,default,no,,,,,,4.3,1753.0,,244.0,60
way/963498466,45th Street Composters,,Park,garden,40.7461957,-73.9193381,Sa 09:30-11:00,osm,no,,,,,,4.5,1800.0,,226.0,60
way/983717574,M’Finda Kalunga Garden,,Park,garden,40.7207223,-73.9920506,24/7,default,no,https://www.mkgarden.org/,,,,The M’Finda Kalunga Community Garden began in 1982 as a group organizing to rid the Sara Roosevelt Park area of drugs and crime and to protect low-income housing and services in the neighborhood.,4.6,3362.0,,148.0,60
way/985397294,Alice's Garden,,Park,garden,40.7539786,-73.9986034,24/7,default,no,,,,,,4.4,1693.0,,68.0,60
way/985403936,Fifth Street Slope Garden,,Park,garden,40.7236166,-73.9808401,24/7,default,no,,,,,,4.3,6404.0,,4.0,60
way/990088432,Vamos A Sembrar,,Park,garden,40.7283466,-73.9790738,24/7,default,no,https://vamosasembrar.org/,,,,,4.7,1601.0,,79.0,60
way/1018683271,Clinton Community Garden (LES),,Park,garden,40.720001,-73.9844546,Apr-Oct,osm,no,,,Stanton Street,171,,4.5,6384.0,,232.0,60
way/1051523733,Alonso Community Garden,,Park,garden,40.7664804,-73.993791,24/7,default,no,,,,,,4.0,5405.0,,50.0,60
way/932542022,Ridgewood Community Garden,,Park,garden,40.7129491,-73.9092619,24/7,default,no,https://www.facebook.com/ridgewoodcommunitygarden/,,Metropolitan Avenue,54-33,,4.3,5524.0,,198.0,60
way/809574701,Claremont Neighborhood Garden,,Park,garden,40.8341366,-73.9102021,24/7,default,no,,,,,,4.3,826.0,,69.0,60
way/785101700,Dred Scott Bird Sanctuary,,Park,garden,40.836123,-73.9131759,24/7,default,no,,,Grant Avenue,,,4.0,3637.0,,69.0,60
way/777767100,School Garden of City-As,,Park,garden,40.7292549,-74.0061206,24/7,default,no,,,,,Benches and seats with waterproof roof available. ,4.6,1697.0,,249.0,60
way/1079416265,Crack Is Wack,,Landmark,artwork,40.804735,-73.9318386,24/7,default,no,,,,,,4.4,264.0,,74.0,30
way/988716842,William Tecumseh Sherman,,Landmark,artwork,40.7648102,-73.9730615,24/7,default,no,https://www.nycgovparks.org/parks/grand-army-plaza-m062/monuments/1442,,,,,4.1,379.0,,43.0,30
way/959930319,Admiral David Glasgow Farragut,,Landmark,artwork,40.7427637,-73.9876634,24/7,default,no,https://www.nycgovparks.org/parks/madisonsquarepark/monuments/466,,,,,3.8,1038.0,,234.0,30
way/959930318,Chester Alan Arthur,,Landmark,artwork,40.7427844,-73.9870708,24/7,default,no,https://www.nycgovparks.org/parks/madisonsquarepark/monuments/55,,,,,3.8,735.0,,234.0,30
way/959930315,William Henry Seward Monument,,Landmark,artwork,40.7415001,-73.988837,24/7,default,no,https://www.nycgovparks.org/parks/madisonsquarepark/monuments/1429,,,,,4.5,630.0,,234.0,30
way/959930314,Roscoe Conkling,,Landmark,artwork,40.7412404,-73.9882016,24/7,default,no,https://www.nycgovparks.org/parks/madisonsquarepark/monuments/319,,,,,4.4,405.0,,234.0,30
way/958999496,John Lennon's Imagine,,Landmark,artwork,40.775745,-73.9752161,24/7,default,yes,https://www.nycgovparks.org/parks/central-park/monuments/764,,,,,4.3,3168.0,,43.0,30
way/958998482,Snow Babies,,Landmark,artwork,40.7724745,-73.9697494,24/7,default,no,https://www.nycgovparks.org/parks/central-park/monuments/1460,,,,,3.1,528.0,,43.0,30
way/958998481,Mother Goose,,Landmark,artwork,40.7724161,-73.9695426,24/7,default,no,https://www.nycgovparks.org/parks/central-park/monuments/1069,,,,,4.3,850.0,,43.0,30
way/759709669,Trophy of Civil Rights,,Landmark,artwork,40.7511217,-73.9663312,24/7,default,no,,,,,,4.2,616.0,,233.0,30
way/759706101,Good Defeats Evil,,Landmark,artwork,40.7516118,-73.9669321,24/7,default,no,http://s3.amazonaws.com/uploads.knightlab.com/storymapjs/a18f988cbfe43b833e72563500e671d1/goodvsevil/draft.html,,,,,4.1,882.0,,233.0,30
way/608955193,The Peace Fountain,,Landmark,artwork,40.803498,-73.9630519,24/7,default,no,,,,,,4.6,1225.0,,166.0,30
way/576169665,Time Landscape,,Park,artwork,40.7272313,-73.9994514,24/7,default,no,https://www.nycgovparks.org/parks/time-landscape,,,,,4.6,2517.0,,114.0,60
way/317731926,Peace Form One,,Landmark,artwork,40.7495022,-73.9696029,24/7,default,no,https://www.nycgovparks.org/parks/ralph-bunche-park/monuments/195,,,,,3.9,707.0,,233.0,30
way/664153163,Frederick Douglass Boulevard Community Garden,,Park,garden,40.8272793,-73.9390492,24/7,default,no,,,,,,4.6,2499.0,,42.0,60
way/664315727,El Catano Community Garden,,Park,garden,40.7945058,-73.9431966,Mo-Fr 10:00-14:00,osm,no,,+1-212-333-2552,,,,4.6,18413.0,,75.0,60
way/689569884,Rock Garden,,Park,garden,40.7710376,-73.9860616,24/7,default,no,,,,,,4.8,2696.0,,142.0,60
way/727135243,Hope the Friendly Garden on Hill,,Park,garden,40.8295359,-73.9431027,Mo-Su 08:00-18:00,osm,no,,,,,,4.9,2525.0,,116.0,60
way/727950148,Rose Garden,,Park,garden,40.7499438,-73.9667316,24/7,default,no,,,,,,3.9,1562.0,,233.0,60
way/733132060,The Garden,,Park,garden,40.8405492,-73.9421269,24/7,default,no,,,,,,3.9,2642.0,,244.0,60
way/745515617,Liberty Community Garden,,Park,garden,40.7096001,-74.0154811,24/7,default,no,,,,,,4.5,13382.0,,13.0,60
way/314364795,Northside Community Garden,,Park,garden,40.7158927,-73.9573472,Mo-We 15:00-18:00,osm,no,,,Driggs Avenue,599,,4.6,2937.0,,255.0,60
way/314363363,El Sol Brillante Jr,,Park,garden,40.7285837,-73.9795302,Sa-Su 13:30-18:30,osm,no,,,East 12th Street,537,,4.7,596.0,,79.0,60
way/314211115,Toyota East Children's Learning Garden,,Park,garden,40.7274792,-73.978999,24/7,default,no,https://www.nyrp.org/en/gardens-and-parks/toyota-east-childrens-learning-garden/,,East 11th Street,603,,4.6,6484.0,,4.0,60
way/314011368,Secret Garden,,Park,garden,40.7224983,-73.9803623,24/7,default,no,,,East 4th Street,293,,4.1,8738.0,,4.0,60
way/47798671,Queensbridge Park,,Park,park,40.7564586,-73.9486045,24/7,default,no,https://www.nycgovparks.org/parks/queensbridgepark,,,,,4.6,2510.0,,193.0,60
way/44225581,Petrosino Square,,Park,park,40.7217802,-73.9974692,Mo-Su 06:00-01:00,osm,no,https://www.nycgovparks.org/parks/petrosino-square/,,,,,4.7,21527.0,,144.0,60
way/40709911,Commodore Barry Park,,Park,park,40.6973051,-73.9789241,24/7,default,no,https://www.nycgovparks.org/parks/commodore-barry-park,,,,,4.4,1773.0,,97.0,60
way/40336208,Saint Mary's Park,,Park,park,40.8115124,-73.9126318,24/7,default,no,https://www.nycgovparks.org/parks/st-marys-park,,,,,4.7,1764.0,,168.0,60
way/40336168,Claremont Park,,Park,park,40.8398938,-73.9073323,24/7,default,no,https://www.nycgovparks.org/parks/claremont-park,,,,,4.5,2388.0,,69.0,60
way/48997911,Macri Triangle,,Park,park,40.7144873,-73.952188,Mo-Su 06:00-01:00,osm,no,,,,,,4.4,4733.0,,80.0,60
way/39243853,Morningside Park,,Park,park,40.8060532,-73.9580595,24/7,default,no,,,,,,4.6,15708.0,,166.0,60
way/39015952,Schaefer Esplanade,,Park,park,40.7089973,-73.9692464,24/7,default,no,,,,,,4.3,1293.0,,256.0,60
way/38158617,Joyce Kilmer Park,,Park,park,40.8285553,-73.9226759,24/7,default,no,,,,,,4.0,11583.0,,247.0,60
way/36865288,Desalvio Playground,,Park,park,40.7216406,-73.9961097,24/7,default,no,https://www.nycgovparks.org/parks/desalvio-playground,,,,,4.7,3347.0,,144.0,60
way/36185652,Bellevue Sobriety Garden,,Park,park,40.7380902,-73.9745045,24/7,default,no,,,,,,4.6,1422.0,,137.0,60
way/33819642,Monsignor McGolrick Park,,Park,park,40.7244522,-73.9433622,Mo-Su 06:00-01:00,osm,no,https://www.nycgovparks.org/parks/msgr-mcgolrick-park,,,,,5.0,3881.0,,112.0,60
way/33819586,Grand Ferry Park,,Park,park,40.7166516,-73.9668842,Mo-Su 06:00-01:00,osm,no,,,,,,4.5,6254.0,,255.0,60
way/33819583,Marsha P. Johnson State Park,,Park,park,40.7215886,-73.9620733,07:00-22:00,osm,yes,https://parks.ny.gov/parks/155/details.aspx,+1 718-782-2731,Kent Avenue,90,,4.6,4186.0,,255.0,60
way/49031717,Mount Carmel Square,,Park,park,40.7158196,-73.9516334,24/7,default,no,,,,,,5.0,10268.0,,255.0,60
way/49034777,Badame Sessa Memorial Square,,Park,park,40.7171954,-73.948482,24/7,default,no,,,,,,5.0,2325.0,,80.0,60
way/53189828,DeLury Square,,Park,park,40.7091079,-74.0050278,24/7,default,no,https://www.nycgovparks.org/parks/delury-square-park,,Fulton Street,77,,4.2,3164.0,,209.0,60
way/108159406,Carl Schurz Park,,Park,park,40.7752127,-73.9437574,24/7,default,no,,,,,,4.5,8399.0,,262.0,60
way/108153676,Duarte Square,,Park,park,40.7225426,-74.005495,Mo-Su 06:00-01:00,osm,yes,https://www.nycgovparks.org/parks/duarte-square,,,,,4.0,11898.0,,125.0,60
way/108153375,Collect Pond Park,,Park,park,40.716296,-74.0018559,06:00-01:00,osm,no,https://www.nycgovparks.org/parks/collect-pond-park/,,Leonard Street,130,,4.5,2487.0,,231.0,60
way/105715154,Fort Washington Park,,Park,park,40.8531632,-73.9398863,24/7,default,no,https://www.nycgovparks.org/parks/fort-washington-park/,,,,,4.2,931.0,,243.0,60
way/104169861,Isham Park,,Park,park,40.8696523,-73.9190761,24/7,default,no,https://www.nycgovparks.org/parks/isham-park,,,,,4.7,3711.0,,127.0,60
way/104078386,Bennett Park,,Park,park,40.8528398,-73.938113,24/7,default,no,https://www.nycgovparks.org/parks/bennett-park,,,,,4.1,1241.0,,243.0,60
way/104077634,Gorman Memorial Park,,Park,park,40.8556942,-73.9324027,24/7,default,no,,,,,,4.4,13302.0,,243.0,60
way/102001129,Classon Triangle,,Park,park,40.699247,-73.9610666,24/7,default,no,,,,,,4.4,1051.0,,217.0,60
way/95833119,Cooper Triangle,,Park,park,40.7288189,-73.9907764,24/7,default,no,https://www.nycgovparks.org/parks/cooper-triangle/monuments/328,,,,,4.4,2813.0,,79.0,60
way/95163097,Empire Fulton Ferry,,Park,park,40.7042718,-73.9922223,24/7,default,no,https://brooklynbridgepark.org/places-to-see/empire-fulton-ferry/,,,,,3.7,3351.0,,66.0,60
way/92739762,Manhattan Ave. Park,,Park,park,40.7389263,-73.9551732,24/7,default,no,,,,,,4.4,6108.0,,112.0,60
way/92736193,Newtown Barge Playground,,Park,park,40.7359079,-73.960444,24/7,default,no,,,,,,5.0,8619.0,,112.0,60
way/92736192,Greenpoint Playground,,Park,park,40.735782,-73.9591877,24/7,default,no,,,,,,4.4,1444.0,,112.0,60
way/86714429,Kimlau Square,,Park,park,40.7134092,-73.9980011,24/7,default,no,,,,,,5.0,3669.0,,45.0,60
way/86338375,Greenacre Park,,Park,park,40.7562735,-73.9692846,Mo-Su 08:00-20:00,osm,no,https://greenacrepark.org,,East 51st Street,217,,4.5,3433.0,,229.0,60
way/86336886,Sherman Square,,Park,park,40.7773648,-73.9823502,24/7,default,no,https://www.nycgovparks.org/parks/sherman-square,,,,,4.6,3118.0,,142.0,60
way/86256760,Arthur Strickler Triangle,,Park,park,40.7368584,-74.0058066,24/7,default,no,,,,,,4.3,2259.0,,158.0,60
way/86144190,Abingdon Square,,Park,park,40.7372675,-74.0053868,24/7,default,no,,,,,,4.5,2266.0,,249.0,60
way/56469108,Brooklyn Bridge Park,,Park,park,40.6985303,-73.9952067,24/7,default,no,https://www.brooklynbridgepark.org/,,Furman Street,334,,4.3,3811.0,,33.0,60
way/55824235,Brook Park,,Park,park,40.8095482,-73.9187005,24/7,default,no,https://www.nycgovparks.org/parks/X246/,,,,,4.4,11657.0,,168.0,60
way/33804405,Asser Levy Playground,,Park,park,40.7364296,-73.9756472,24/7,default,no,,,,,,3.7,8381.0,,137.0,60
way/306671092,Albert E Short Triangle,,Park,park,40.7460942,-73.9453928,24/7,default,no,,,,,,4.9,666.0,,145.0,60
way/33804388,East River Esplanade,,Park,park,40.7449845,-73.9704672,24/7,default,no,https://www.nycgovparks.org/parks/east-river-esplanade_36-to-38,,,,,4.4,2600.0,,233.0,60
way/31009822,Stuyvesant Cove Park,,Park,park,40.7331415,-73.9739857,24/7,default,no,,,,,,4.1,1878.0,,224.0,60
way/20523422,Maritcha R. Lyons Park,,Park,park,40.7008026,-73.9863136,Mo-Su 06:00-22:00,osm,no,,,Prospect Street,,,4.2,14219.0,,66.0,60
way/20521884,Bar and Grill Park,,Park,park,40.7014454,-73.9881611,24/7,default,no,,,,,,4.8,9679.0,,66.0,60
way/20521006,Walt Whitman Park,,Park,park,40.6982328,-73.9893709,24/7,default,no,,,Cadman Plaza East,,,4.7,1418.0,,65.0,60
way/20518483,Korean War Veterans Plaza,,Park,park,40.6956091,-73.9905371,06:00-25:00,osm,no,https://www.nycgovparks.org/parks/cadman-plaza-park-and-brooklyn-war-memorial/monuments/175,,Cadman Plaza West,,,4.3,5177.0,,65.0,60
way/5029111,Battery Park,,Park,park,40.7028143,-74.015775,24/7,default,no,https://www.thebattery.org/,,,,,4.1,6191.0,,12.0,60
way/256057420,John the Baptist Community Center Inc.,,Park,garden,40.696379,-73.9350524,24/7,default,yes,,,Stuyvesant Avenue,10,,4.4,2593.0,,225.0,60
way/262350725,Coliseum Park,,Park,garden,40.7688656,-73.9840583,24/7,default,no,,,,,,4.7,4993.0,,142.0,60
way/264851979,Mary D's Senior Housing Garden,,Park,garden,40.7352949,-73.9567883,24/7,default,no,,,,,,4.4,8848.0,,112.0,60
way/266077858,Clinton Community Garden,,Park,garden,40.762778,-73.9917305,24/7,default,no,http://clintongarden.org/,,,,,4.2,5728.0,,48.0,60
way/22899286,Madison Square Park,Madison Square Park,Park,park,40.7421868,-73.987872,06:00-23:00,osm,no,https://madisonsquarepark.org/,+1-212-520-7600,Madison Avenue,11,,4.7,2732.0,,234.0,60
way/270765902,Dias y Flores,,Park,garden,40.7290837,-73.9799347,24/7,default,no,https://diasyfloresgarden.wordpress.com/,,East 13th Street,520-522,,4.6,1286.0,,79.0,60
way/313986261,Scholes Street Children’s Garden,,Park,garden,40.7084894,-73.9442716,sunrise-sunset,osm,no,,,Scholes Street,134-136,,4.8,3018.0,,80.0,60
way/313988043,Siempre Verde Garden,,Park,garden,40.7198521,-73.9840103,"Apr 01-Oct 31 Sa-Su 09:00-19:00; ""When gate is open""",osm,no,http://www.facebook.com/svgarden,,Stanton Street,181,,4.3,8100.0,,232.0,60
way/313991354,Arboleda de Ninos/Children's Grove,,Park,garden,40.6989586,-73.9153108,24/7,default,no,,,Myrtle Avenue,1480,,4.3,1134.0,,36.0,60
way/313991913,Know Waste Lands Community Garden,,Park,garden,40.6977703,-73.9259933,24/7,default,no,https://www.knowwastelands.org,,Myrtle Avenue,1278,,4.0,5683.0,,37.0,60
way/313994014,West Side Community Garden,,Park,garden,40.7892872,-73.9718337,"Jun-Aug 09:00-19:00; Dec-Feb 09:00-17:00; Mar-May,Sep-Oct unknown",osm,no,https://www.westsidecommunitygarden.org/,,,,,4.1,14247.0,,238.0,60
way/313994433,Vinegar HIll Community Garden,,Park,garden,40.7015195,-73.9826357,24/7,default,no,https://www.grownyc.org/openspace/gardens/bk/vinegar-hill-community-garden,,York Street,199,,3.9,13598.0,,66.0,60
way/313996193,Liz Christy Community Garden,,Park,garden,40.724156,-73.9918149,24/7,default,no,http://www.lizchristygarden.us,,East Houston Street,111,,4.6,3239.0,,79.0,60
way/313997047,Parque de Tranquilidad,,Park,garden,40.7218118,-73.9796276,24/7,default,no,https://parquedetranquilidad.org,,East 4th Street,314,,4.3,4816.0,,4.0,60
way/313997059,Bradhurst Community Garden of Love,,Park,garden,40.8276766,-73.9393214,24/7,default,no,https://www.nycgovparks.org/opportunities/volunteer/group/bradhurst-community-garden-of-love,,,,,4.5,8460.0,,42.0,60
way/297191606,Albert's Garden,,Park,garden,40.7254118,-73.9910323,"Su 10:00-16:00; Mo off; Tu 10:00-13:00,14:00-17:00; We 10:00-13:00; Th off; Fr 16:00-19:00; Sa 10:00-12:00,16:00-19:00",osm,no,https://albertsgarden.org/,,,,,4.5,3947.0,,79.0,60
way/22899302,Washington Square Park,,Park,park,40.7308885,-73.9975932,24/7,default,no,https://www.nycgovparks.org/parks/washington-square-park,,,,,4.4,3344.0,,114.0,60
way/22900913,Dr. Gertrude B. Kelly Playground,,Park,park,40.7416557,-74.0020105,24/7,default,no,,,,,,4.6,891.0,,68.0,60
way/22900959,Chelsea Park,,Park,park,40.7499194,-74.0006702,24/7,default,no,https://www.nycgovparks.org/parks/chelsea-park/,,,,,4.1,6343.0,,68.0,60
way/30657462,Sheridan Square Garden,,Park,park,40.7330286,-74.0021296,24/7,default,no,,,,,,4.6,3020.0,,249.0,60
way/30657456,Christopher Park,,Park,park,40.7335833,-74.0022513,24/7,default,no,,,,,,4.5,4622.0,,249.0,60
way/25428484,Gantry Plaza State Park,,Park,park,40.7463662,-73.957748,sunrise-sunset,osm,yes,https://parks.ny.gov/parks/gantryplaza,+1 718-786-6385,47th Road,4-09,,4.6,1600.0,,145.0,60
way/25420828,Joe Sabba Park,,Park,park,40.7428557,-73.9157907,24/7,default,no,https://www.nycgovparks.org/parks/sabba-park/,,,,,4.6,896.0,,226.0,60
way/25419495,Rainey Park,,Park,park,40.7662555,-73.9405754,24/7,default,no,https://www.nycgovparks.org/parks/Q048/,,Vernon Boulevard between 33th Road and 34th Avenue,,,4.8,5108.0,,193.0,60
way/25355909,Murray Playground,,Park,park,40.7472219,-73.9488237,Mo-Su 06:00-22:00,osm,no,https://www.nycgovparks.org/parks/murray-playground,,,,,4.6,7682.0,,145.0,60
way/25162896,Tompkins Square Park,,Park,park,40.7264724,-73.9816871,24/7,default,no,https://www.nycgovparks.org/parks/tompkins-square-park/,,,,,5.0,7879.0,,79.0,60
way/25026338,Zuccotti Park,,Park,park,40.7092314,-74.0112539,24/7,default,no,,,,,,3.9,1257.0,,261.0,60
way/23048493,Tudor City Greens - South Park,,Park,park,40.7488541,-73.9710191,24/7,default,no,,,,,,4.3,3573.0,,233.0,60
way/23048485,Tudor City Greens - North Park,,Park,park,40.7495583,-73.9705138,24/7,default,no,,,,,,4.7,1958.0,,233.0,60
way/22961904,Clement Clarke Moore Park,,Park,park,40.746629,-74.0043038,24/7,default,no,https://www.nycgovparks.org/parks/clement-clarke-moore-park/,,,,,4.6,1912.0,,68.0,60
way/22961821,Corporal John A. Seravalli Playground,,Park,park,40.7390844,-74.0048187,24/7,default,no,,,,,,4.3,1135.0,,249.0,60
way/22961817,Jackson Square Park,,Park,park,40.7390049,-74.0028822,24/7,default,no,,,,,,4.2,1186.0,,249.0,60
way/22941918,DeWitt Clinton Park,,Park,park,40.7682011,-73.9942676,24/7,default,no,https://www.nycgovparks.org/parks/de-witt-clinton-park,,,,,4.2,8130.0,,50.0,60
way/22926980,Washington Market Park,,Park,park,40.7170293,-74.0116432,Mo-Su 06:00-01:00,osm,no,https://www.nycgovparks.org/parks/washington-market-park,,,,,4.2,28750.0,,231.0,60
way/22926662,Liberty Park,,Park,park,40.7102299,-74.0135844,24/7,default,no,,,,,,4.6,4057.0,,261.0,60
way/22904239,14th Street Park,,Park,park,40.7427171,-74.0082549,24/7,default,no,,,,,,4.2,6128.0,,246.0,60
way/22903972,Chelsea Waterside Park,,Park,park,40.7492611,-74.0074571,24/7,default,no,,,,,,4.3,3858.0,,246.0,60
way/22901074,Gramercy Park,,Park,park,40.73794,-73.9859053,24/7,default,no,,,,,,5.0,3241.0,,107.0,60
way/33406924,Susan Smith McKinney Steward Park,,Park,park,40.7010562,-73.9857557,24/7,default,no,https://www.nycgovparks.org/parks/susan-smith-mckinney-steward-park,,York Street,,,4.8,1994.0,,66.0,60
way/1080359064,Children's Magical Garden,,Park,garden,40.7207236,-73.9864602,24/7,default,no,,,,,,4.5,14431.0,,148.0,60
way/306671093,Court Square Park,,Park,park,40.7462886,-73.9433789,24/7,default,no,,,,,,4.3,14920.0,,145.0,60
way/309324698,Hope Ballfield,,Park,park,40.6974988,-73.9171447,24/7,default,no,https://www.nycgovparks.org/parks/hope-ballfields,,,,,4.7,2231.0,,36.0,60
way/1127559545,Peck Slip,,Park,park,40.7078001,-74.0015491,24/7,default,no,,,Peck Slip,,,4.7,7620.0,,209.0,60
way/1121932385,Greeley Square Park,,Park,park,40.7487036,-73.9883472,24/7,default,no,,,6th Avenue,,,4.7,996.0,,164.0,60
way/1121582607,Herald Square,,Park,park,40.750256,-73.987625,24/7,default,no,https://www.nycgovparks.org/parks/herald-square/,,6th Avenue,,,4.3,2871.0,,100.0,60
way/1464303300,West 181st Street,,Landmark,memorial,40.8498699,-73.9350091,24/7,default,no,,,,,This honorary street name memorializes Manolo Tavarez Justo.,4.1,1643.0,,243.0,30
way/1119515160,Lentol Garden,,Park,park,40.7201857,-73.9452998,24/7,default,no,,,,,,4.6,1202.0,,112.0,60
way/1109088035,Sedgwick Playground,,Park,park,40.8457114,-73.9232785,24/7,default,no,,,,,,4.6,5704.0,,235.0,60
way/1109088028,Kwame Ture Recreation Center,,Park,park,40.844282,-73.9193731,24/7,default,no,,,,,,4.7,8309.0,,119.0,60
way/1109088009,Featherbenches,,Park,park,40.8456499,-73.915002,24/7,default,no,https://www.nycgovparks.org/parks/featherbenches,,,,,4.8,5053.0,,235.0,60
way/1107165183,Anibal Aviles Playground,,Park,park,40.801159,-73.9627985,24/7,default,no,,,,,,4.5,926.0,,24.0,60
way/1127851294,Imagination Playground,,Park,park,40.7061989,-74.0040983,24/7,default,no,https://www.nycgovparks.org/parks/imagination-playground/,,John Street,,,4.6,4132.0,,87.0,60
way/1105528044,Cedar Playground,,Park,park,40.8552009,-73.9174812,24/7,default,no,https://www.nycgovparks.org/parks/cedar-playground/,,,,,4.6,1260.0,,235.0,60
way/1095614041,Clark Playground,,Park,park,40.8137221,-73.9213299,24/7,default,no,,,,,,4.2,8127.0,,168.0,60
way/1087028872,Lithuania Square,,Park,park,40.7088926,-73.9509412,24/7,default,no,https://www.nycgovparks.org/parks/lithuania-square,,,,,4.5,6037.0,,256.0,60
way/1086756142,Stockton Playground,,Park,park,40.6973018,-73.9485609,24/7,default,no,,,,,,4.5,3584.0,,17.0,60
way/1082729243,Saint Vartan Park,,Park,park,40.7456086,-73.9748201,24/7,default,no,,,,,,4.8,2316.0,,170.0,60
way/1077518596,Hester Street Park,,Park,park,40.7154087,-73.9893119,24/7,default,no,,,,,,4.4,2733.0,,232.0,60
way/1067240167,Heisser Triangle,,Park,park,40.6987243,-73.9179257,24/7,default,no,https://www.nycgovparks.org/parks/heisser-triangle/,,,,,4.6,2386.0,,36.0,60
way/1047745549,Golconda Playground,,Park,park,40.6979138,-73.9822553,24/7,default,no,https://www.nycgovparks.org/parks/golconda-playground/,,,,,4.4,2462.0,,66.0,60
way/1095614044,Saw Mill Playground,,Park,park,40.8089056,-73.9193629,24/7,default,no,,,,,,4.9,4095.0,,168.0,60
way/1044613965,Fermi Playground,,Park,park,40.7005968,-73.9282963,24/7,default,no,https://www.nycgovparks.org/parks/fermi-playground,,,,,4.8,1066.0,,37.0,60
way/1131041888,Ericsson Playground,,Park,park,40.7204488,-73.9481184,24/7,default,no,,,,,,4.6,7131.0,,112.0,60
way/1183761752,Clara Coffey Park,,Park,park,40.755163,-73.9621444,24/7,default,no,,,,,,4.5,8208.0,,229.0,60
way/1273201282,Greenpoint Landing Esplanade,,Park,park,40.7371603,-73.9594254,24/7,default,no,https://www.nycgovparks.org/parks/greenpoint-landing,,Blue Slip,2,,4.3,10807.0,,112.0,60
way/1257997467,Pier 1,,Park,park,40.7021357,-73.9964845,24/7,default,no,https://brooklynbridgepark.org/places-to-see/pier-1/,,Furman Street,,,5.0,2618.0,,33.0,60
way/1256935439,Fruit Street Sitting Area,,Park,park,40.7001206,-73.9957731,24/7,default,no,https://www.nycgovparks.org/parks/B223E/,,Columbia Heights,,,4.4,11195.0,,33.0,60
way/1256929303,Squibb Park,,Park,park,40.7009144,-73.9954852,24/7,default,no,https://www.nycgovparks.org/parks/squibb-park/,,,,,5.0,2303.0,,33.0,60
way/1256657304,Hillside Dog Park,,Park,park,40.701423,-73.9942713,24/7,default,no,,,Vine Street,,,4.4,2793.0,,33.0,60
way/1256657302,Harry Chapin Playground,,Park,park,40.7007304,-73.9949401,24/7,default,no,,,Columbia Heights,,,4.1,1678.0,,33.0,60
way/1255470715,Main Street,,Park,park,40.7044293,-73.9896005,24/7,default,no,https://brooklynbridgepark.org/places-to-see/main-street/,,Main Street,,,4.2,1893.0,,66.0,60
way/1255157561,John Street,,Park,park,40.7048097,-73.987361,24/7,default,no,https://brooklynbridgepark.org/places-to-see/john-street/,,John Street,,,4.5,4221.0,,66.0,60
way/1239280962,Pearson Park,,Park,park,40.750899,-73.9915017,24/7,default,no,,,,,,5.0,1574.0,,186.0,60
way/1138178416,Bedford Playground,,Park,park,40.7082672,-73.9638586,Mo-Su 06:00-21:00,osm,no,https://www.nycgovparks.org/parks/bedford-playground,,Bedford Avenue,,,4.8,2949.0,,256.0,60
way/1238700037,Pershing Square,,Park,park,40.7517691,-73.9779054,24/7,default,no,,,,,,4.5,6005.0,,170.0,60
way/1227227869,437 Madison Avenue - POPS,,Park,park,40.7575876,-73.9752801,24/7,osm,no,,,,,,4.2,4752.0,,161.0,60
way/1225770132,De Hostos Playground,,Park,park,40.7026886,-73.9493214,Mo-Su 06:00-21:00,osm,no,,,Harrison Avenue,133,,4.5,5189.0,,217.0,60
way/1223837947,Bartlett Playground,,Park,park,40.7009161,-73.9461145,Mo-Su 06:00-21:00,osm,no,https://www.nycgovparks.org/parks/bartlett-playground,,,,,4.6,24953.0,,17.0,60
way/1221100069,Grand Canal Court,,Park,park,40.7222993,-74.0050338,closed,osm,no,,,Thompson Street,,,4.3,2288.0,,211.0,60
way/1209234454,Malt Drive,,Park,park,40.7394486,-73.9586862,24/7,default,no,,,,,,4.3,2244.0,,145.0,60
way/1205355316,Evans Tower Plaza,,Park,park,40.7777426,-73.9551377,24/7,osm,no,https://apops.mas.org/pops/m080039/,,East 84th Street,171,,4.3,9060.0,,236.0,60
way/1201126571,Public Square and Gardens,,Park,park,40.7540951,-74.0021684,24/7,default,no,,,,,,4.9,2217.0,,246.0,60
way/1188665117,Pier 42,,Park,park,40.7102455,-73.9818211,24/7,default,no,https://www.nycgovparks.org/parks/pier-42,,,,,4.3,5103.0,,232.0,60
way/1183958467,MacArthur Playground,,Park,park,40.752273,-73.9651557,24/7,default,no,,,,,,4.3,5807.0,,229.0,60
way/1237708665,Forsyth Plaza,,Park,park,40.7154032,-73.9945697,24/7,default,no,,,,,,4.6,1040.0,,148.0,60
way/1025959315,The Square,,Park,park,40.8180211,-73.9589542,24/7,default,no,,,,,,5.0,14723.0,,152.0,60
way/1023817153,Pier 76,,Park,park,40.7591506,-74.005364,24/7,default,no,https://hudsonriverpark.org/pier-76/,,12th Avenue,408,,4.3,2566.0,,246.0,60
way/923400022,Railroad Park,,Park,park,40.8251495,-73.9154275,24/7,default,no,https://www.nycgovparks.org/parks/railroad-park,,,,,4.6,4573.0,,167.0,60
way/923386409,Mount Hope Playground,,Park,park,40.8502989,-73.9094783,24/7,default,no,,,,,,4.7,17477.0,,169.0,60
way/923386400,Lou Gehrig Plaza,,Park,park,40.8270637,-73.9233728,24/7,default,no,,,,,,4.4,1848.0,,247.0,60
way/911895738,Harmony Triangle,,Park,park,40.7032797,-73.9504122,24/7,default,no,,,,,,4.1,1950.0,,217.0,60
way/911564103,Heath Triangle,,Park,park,40.8687587,-73.9075766,24/7,default,no,,,,,,4.5,14708.0,,136.0,60
way/911533880,Featherbed Triangle,,Park,park,40.8464507,-73.9208982,24/7,default,no,,,,,,4.3,4186.0,,235.0,60
way/910494814,Franklin Triangle,,Park,park,40.8271195,-73.9073102,24/7,default,no,,,,,,4.5,9056.0,,167.0,60
way/910483533,Martin Luther King Triangle,,Park,park,40.8383491,-73.9233825,24/7,default,no,,,,,,5.0,2288.0,,119.0,60
way/904714816,Happy Warrior Playground,,Park,park,40.7954223,-73.9684256,24/7,default,no,https://www.nycgovparks.org/parks/happy-warrior-playground,,,,,4.4,8069.0,,151.0,60
way/923400026,Keltch Memorial Park,,Park,park,40.8399771,-73.9180828,24/7,default,no,,,,,,4.7,15334.0,,119.0,60
way/904485843,Graham Triangle,,Park,park,40.8105932,-73.9275257,24/7,default,no,https://www.nycgovparks.org/parks/graham-triangle/,,,,,4.7,2625.0,,168.0,60
way/895757747,Joan of Arc Park,,Park,park,40.7942118,-73.976389,24/7,default,no,,,,,,4.7,8497.0,,238.0,60
way/895611180,West 87th Street Garden,,Park,park,40.787094,-73.9709212,24/7,default,no,,,,,,4.7,5251.0,,238.0,60
way/894284906,Governor Smith Playground,,Park,park,40.8193125,-73.9206344,24/7,default,no,,,,,,4.8,8919.0,,159.0,60
way/893841889,Washington Commons,,Park,park,40.7384531,-74.0083015,24/7,default,no,,,,,,4.9,5881.0,,158.0,60
way/891418189,Plimpton Playground,,Park,park,40.8438125,-73.9223238,24/7,default,no,,,,,,4.4,3935.0,,119.0,60
way/891417654,Bridge Playground,,Park,park,40.8442689,-73.9241708,24/7,default,no,,,,,,4.9,1820.0,,119.0,60
way/891392395,People's Park,,Park,park,40.8094829,-73.9170807,24/7,default,no,,,,,,4.6,2555.0,,168.0,60
way/891392394,Pulaski Park,,Park,park,40.8052488,-73.9245475,24/7,default,no,https://www.nycgovparks.org/parks/pulaski-park,,,,,4.5,9733.0,,168.0,60
way/890862859,Pearl Street Playground,,Park,park,40.707912,-74.0039085,24/7,default,no,https://www.nycgovparks.org/parks/pearl-st-playground,,Fulton Street,49,,4.6,3632.0,,209.0,60
way/902889603,Seven Oaks,,Park,park,40.7698546,-73.912069,24/7,default,no,https://www.nycgovparks.org/about/history/historical-signs/listings?id=12397,,,,,4.1,6358.0,,223.0,60
way/925546282,Bushwick Playground,,Park,park,40.6960183,-73.9121218,24/7,default,no,https://www.nycgovparks.org/parks/bushwick-playground_knickerbocker-ave,,,,,4.7,19754.0,,36.0,60
way/925549956,Holy Name Square,,Park,park,40.7215256,-73.9454196,24/7,default,no,,,,,,4.4,4170.0,,112.0,60
way/927170500,El Batey Borincano Garden,,Park,park,40.8207022,-73.9093156,24/7,default,no,,,,,,4.6,12363.0,,159.0,60
way/1018935492,Vladeck Park,,Park,park,40.7123997,-73.9820519,24/7,default,no,,,,,,4.5,4375.0,,232.0,60
way/1016487162,Queensborough Oval,,Park,park,40.7592353,-73.9600741,24/7,default,no,,,,,,4.7,4063.0,,140.0,60
way/997819338,Andrew Haswell Green Park,,Park,park,40.7594725,-73.9576313,24/7,default,no,,,,,,4.4,4087.0,,140.0,60
way/985281628,Seward Park High School - Community Playground,,Park,park,40.7158595,-73.9891313,24/7,default,no,,,,,,4.8,1539.0,,232.0,60
way/973521995,Ahearn Park,,Park,park,40.7148022,-73.9834508,24/7,default,no,,,,,,4.5,1999.0,,232.0,60
way/965883958,Tom Stofka Garden,,Park,park,40.7210872,-73.9509606,24/7,default,no,https://www.nycgovparks.org/parks/mccarren-park/highlights/19746,,,,,4.9,1034.0,,255.0,60
way/964822654,Seward Park Extension Park,,Park,park,40.7168088,-73.9848922,dawn-dusk,osm,no,,,,,,4.3,4732.0,,232.0,60
way/959895071,McKenna Square,,Park,park,40.8383487,-73.9391573,24/7,default,no,https://www.nycgovparks.org/parks/mckenna-square,,,,,5.0,3320.0,,244.0,60
way/959894788,Roger Morris Park,,Park,park,40.8345191,-73.9385154,24/7,default,no,https://www.nycgovparks.org/parks/roger-morris-park,,,,,4.3,15763.0,,244.0,60
way/954250919,Samuel Marx Triangle,,Park,park,40.802576,-73.9527698,24/7,default,no,,,,,,4.1,602.0,,41.0,60
way/954250916,Dekovats Park,,Park,park,40.7793517,-73.9442344,24/7,default,no,,,,,,4.6,2342.0,,262.0,60
way/943557523,Dorrance Brooks Square,,Park,park,40.8181963,-73.9472809,24/7,default,no,https://www.nycgovparks.org/parks/dorrance-brooks-square/,,,,,4.2,6168.0,,42.0,60
way/929187890,Berry Playground,,Park,park,40.7126552,-73.9635254,24/7,default,no,,,,,,4.6,2228.0,,256.0,60
way/928726260,Inwood Park,,Park,park,40.8447779,-73.9153138,24/7,default,no,,,,,,4.1,7033.0,,169.0,60
way/928260446,Fidelity Memorial Park,,Park,park,40.7218668,-73.941822,24/7,default,no,,,,,,4.7,3233.0,,112.0,60
way/927203001,Cauldwell Playground,,Park,park,40.8229518,-73.9073209,24/7,default,no,,,,,,5.0,1486.0,,167.0,60
way/927170517,Carlos J Lozada Playground,,Park,park,40.8079597,-73.9249363,24/7,default,no,https://www.nycgovparks.org/parks/lozada-playground,,,,,4.0,2012.0,,168.0,60
way/927170513,Pontiac Playground,,Park,park,40.8142802,-73.9082632,24/7,default,no,https://www.nycgovparks.org/parks/pontiac-playground,,,,,4.5,4252.0,,159.0,60
way/927170504,Grove Hill Playground,,Park,park,40.819884,-73.9088582,24/7,default,no,,,,,,4.4,4638.0,,159.0,60
way/1278607640,Division & Hooper Triangle,,Park,park,40.7068699,-73.9544266,24/7,default,no,,,Division Ave,,,4.1,11109.0,,217.0,60
way/890862858,Fishbridge Park Garden,,Park,park,40.7090621,-74.0013335,24/7,default,no,,,,,,4.5,8555.0,,209.0,60
way/1279201474,Bloomingdale Playground,,Park,park,40.7992091,-73.9660081,24/7,default,no,,,,,,4.6,5043.0,,151.0,60
way/1280023786,Bankside,,Park,park,40.8073948,-73.9309165,Mo-Su 06:00-01:00,osm,no,,+1 929 535 7501,3rd Avenue,2385,,4.7,5007.0,,168.0,60
way/224031775,Harlem Rose Garden,,Park,garden,40.8085497,-73.9399881,24/7,default,no,,,,,,4.7,10135.0,,42.0,60
way/224032877,West 123rd Street Community Garden,,Park,garden,40.8066386,-73.9474147,24/7,default,no,,,,,,4.6,6171.0,,41.0,60
way/224032878,W 124th St Community Garden,,Park,garden,40.807036,-73.9452407,24/7,default,no,,,,,,4.5,11076.0,,41.0,60
way/224034261,Our Little Green Acre (Garden Eight),,Park,garden,40.8082247,-73.9520394,24/7,default,no,,,,,,4.3,14783.0,,41.0,60
way/224034447,Joseph Daniel Wilson Garden,,Park,garden,40.8076412,-73.950566,24/7,default,no,,,,,,4.5,1114.0,,41.0,60
way/224034884,Truce Garden,,Park,garden,40.8045838,-73.9530872,24/7,default,no,,,,,,4.5,2029.0,,41.0,60
way/224035031,Garden of Love,,Park,garden,40.8044094,-73.9560791,24/7,default,no,,,,,,4.8,2076.0,,41.0,60
way/225132538,Life Spire Garden,,Park,garden,40.8025839,-73.9384572,24/7,default,no,,,,,,4.4,771.0,,74.0,60
way/225150633,Diamante Garden,,Park,garden,40.7978596,-73.9363664,Tu-Su 13:00-16:00; We off; Th off,osm,no,,,East 118th Street,306,,4.4,503.0,,74.0,60
way/224029845,Edward P. Bowman Park,,Park,garden,40.8097789,-73.9429479,24/7,default,no,https://www.nycgovparks.org/opportunities/volunteer/group/edward-p-bowman-park,,West 129 Street,52,,4.0,6430.0,,42.0,60
way/225154834,117th Street Community Garden,,Park,garden,40.7988512,-73.9405711,24/7,default,no,,,,,,4.7,4919.0,,74.0,60
way/225156763,Peaceful Valley Garden,,Park,garden,40.8004524,-73.9441603,24/7,default,no,,,,,,4.2,3368.0,,74.0,60
way/225160133,William B. Washington Memorial Garden,,Park,garden,40.8114087,-73.9515256,24/7,default,no,https://www.nycgovparks.org/opportunities/volunteer/group/william-b-washington-memorial-garden,,,,,4.5,1385.0,,42.0,60
way/225160605,CEP Community Garden,,Park,garden,40.811183,-73.9509767,24/7,default,no,,,,,,5.0,7061.0,,42.0,60
way/225164671,Home Depot Children's Garden,,Park,garden,40.7964876,-73.9338546,24/7,default,no,,,,,,4.4,3576.0,,74.0,60
way/225165102,Los Amigos Community Garden,,Park,garden,40.7960832,-73.9320472,24/7,default,no,https://www.nyrp.org/green-spaces/garden-details/los-amigos-community-garden,,Pleasant Avenue,326,,4.6,683.0,,74.0,60
way/225165408,Pleasant Village Community Garden,,Park,garden,40.7964853,-73.9315954,"Mo-Fr 07:30-18:00; Sa,Su 08:00-16:00",osm,no,https://pvcghpdland.wixsite.com/pleasantvillagegarde,,Pleasant Avenue,342,,4.4,2028.0,,74.0,60
way/225165627,Pleasant Hill Garden,,Park,garden,40.7942973,-73.9344055,24/7,default,no,,,,,,4.2,2795.0,,74.0,60
way/225167258,Family Community Garden,,Park,garden,40.7951166,-73.943785,24/7,default,no,,,,,,5.0,5844.0,,75.0,60
way/225169191,110th St Block Assoc. Garden,,Park,garden,40.7961701,-73.9473213,24/7,default,no,,,,,,4.3,5533.0,,75.0,60
way/225156531,El Gallo Social Club Inc.,,Park,garden,40.7997081,-73.9405493,"Mo,We-Fr 08:00-18:00",osm,no,,,,,,4.9,7333.0,,74.0,60
way/225169192,Pueblo Unido Garden,,Park,garden,40.7964018,-73.9471109,24/7,default,no,,,,,,4.5,2085.0,,75.0,60
way/224029301,United Block Association Garden,,Park,garden,40.8106875,-73.9412421,24/7,default,no,,,,,,4.7,4794.0,,42.0,60
way/224027528,133rd Swing Street Garden,,Park,garden,40.8137498,-73.9434533,24/7,default,no,,,,,,4.8,5817.0,,42.0,60
way/48598140,Olive Street Community Garden,,Park,garden,40.7132853,-73.9390595,"Mo-Th 09:00-11:00; Tu 09:00-11:00,14:00-17:00",osm,no,https://www.facebook.com/pages/Olive-Street-Garden/219662778160399,,,,,4.8,2280.0,,80.0,60
way/48598141,Powers Street Garden,,Park,garden,40.7127589,-73.9397259,24/7,default,no,,,Powers Street,276,,4.9,4099.0,,80.0,60
way/48598143,Orient Grove,,Park,garden,40.7148438,-73.9404395,Jul-Aug: Mo-We 08:00-11:00;Jul-Aug: Th 08:00-10:00,osm,no,,,,,,5.0,2016.0,,80.0,60
way/48606192,Red Shed Community Garden,,Park,garden,40.7160705,-73.9402776,24/7,default,no,,,,,,5.0,4100.0,,80.0,60
way/104917335,Saint-Guilhem Cloister,,Park,garden,40.865144,-73.9318495,24/7,default,no,https://www.metmuseum.org/art/collection/search/472181,,,,,4.3,2376.0,,243.0,60
way/104917339,Trie Cloister,,Park,garden,40.8645402,-73.9318369,24/7,default,no,https://www.metmuseum.org/art/collection/search/474436,,,,,4.4,4914.0,,243.0,60
way/104917349,Cuxa Cloister,,Park,garden,40.8648593,-73.9318955,24/7,default,no,https://www.metmuseum.org/art/collection/search/470314,,,,,4.7,2211.0,,243.0,60
way/104917358,Bonnefont Cloister,,Park,garden,40.8645875,-73.9320739,24/7,default,no,https://www.metmuseum.org/art/collection/search/474091,,,,,4.5,19425.0,,243.0,60
way/118524682,Harris Garden,,Park,garden,40.8297025,-73.9421398,24/7,default,no,,,,,,5.0,4962.0,,116.0,60
way/224029299,Unity Park,,Park,garden,40.8093513,-73.9426548,24/7,default,no,https://www.nycgovparks.org/opportunities/volunteer/group/unity-park,,West 128th Street,53,,4.5,3852.0,,42.0,60
way/132615712,Miracle Garden,,Park,garden,40.7226497,-73.9835302,"Sa,Su 12:00-19:00",osm,no,,,East 3rd Street,194,,4.7,1544.0,,79.0,60
way/192855184,Bruce Reynolds Garden,,Park,garden,40.8699899,-73.9178921,24/7,default,no,,,,,,4.4,921.0,,127.0,60
way/201355371,Gatehouse Garden,,Park,garden,40.8084208,-73.9595724,24/7,default,no,,,,,,4.6,5873.0,,166.0,60
way/202503285,The Urban Assembly School for Green Careers Garden,,Park,garden,40.7864584,-73.9755794,24/7,default,no,,,,,,4.4,12328.0,,239.0,60
way/205001308,Berry Street Garden,,Park,garden,40.7133532,-73.9635673,Mo-Su 07:00-15:00,osm,no,,,,,,4.1,1084.0,,256.0,60
way/207181495,La Casita Verde,,Park,garden,40.7077996,-73.9641577,24/7,default,no,http://www.lacasitaverde.nyc/,,Bedford Avenue,451,,4.6,8088.0,,256.0,60
way/207573814,Stuffolk Street Community Garden,,Park,garden,40.7209283,-73.9847048,Tu 12:00-17:00; Th 12:00-17:00; Sa-Su 12:00-17:00,osm,no,https://www.nyrp.org/en/gardens-and-parks/the-dorothy-strelsin-memorial-community-garden/,,Suffolk Street,174,"Quaint, humble volunteer-run community garden. Often open in afternoons outside of posted opening hours.",5.0,2424.0,,148.0,60
way/220971317,Roosevelt Island Garden Club,,Park,garden,40.7672954,-73.9446054,24/7,default,no,,,,,,4.8,3393.0,,202.0,60
way/224026928,Elizabeth Langley Memorial Garden,,Park,garden,40.8161253,-73.9410548,24/7,default,no,,,,,,4.4,7097.0,,42.0,60
way/224027354,Parks Council Success Garden,,Park,garden,40.8138059,-73.9428223,24/7,default,no,,,,,,4.7,991.0,,42.0,60
way/169915675,Mobilization for Change Community Garden,,Park,garden,40.7997074,-73.9621631,24/7,default,no,,,,,,4.9,10557.0,,24.0,60
way/225188744,Maggie's Magic Garden,,Park,garden,40.7888155,-73.9492444,24/7,default,no,,+1-212-860-6639,,,,4.3,4803.0,,75.0,60
way/225189541,Neighbors Of Vega Baja,,Park,garden,40.7919808,-73.9402429,24/7,default,no,,,East 109th Street,318,,4.6,4311.0,,75.0,60
way/225189993,Humacao Community Garden,,Park,garden,40.7913532,-73.9395101,24/7,default,no,,,,,,4.3,2045.0,,75.0,60
way/1443826510,Rudin Family Playground,,Park,park,40.7918804,-73.9639966,sunrise-sunset,osm,no,,,108 St & Fifth Ave,,,4.5,8943.0,,43.0,60
way/1443826509,Tarr-Coyne Wild West Playground,,Park,park,40.789785,-73.9654402,24/7,default,no,,,93rd Street,,,4.7,2601.0,,43.0,60
way/1391372313,Annunciation Playground,,Park,park,40.8183618,-73.952123,24/7,default,no,https://www.nycgovparks.org/parks/annunciation-playground,,,,,4.7,358.0,,152.0,60
way/1385383306,Millbrook Playground,,Park,park,40.8043517,-73.9166547,24/7,default,no,https://www.nycgovparks.org/parks/millbrook-playground,,,,,4.8,870.0,,168.0,60
way/1385379492,Alexander’s Alley,,Park,park,40.8115137,-73.9232205,24/7,default,no,https://www.nycgovparks.org/parks/alexanders-alley,,,,,4.4,1429.0,,168.0,60
way/1385379081,Willis Playground,,Park,park,40.8109661,-73.9229658,24/7,default,no,https://www.nycgovparks.org/parks/willis-playground,,,,,4.1,8858.0,,168.0,60
way/1466096981,Aqueduct Walk (Tremont to Morton),,Park,park,40.850808,-73.9149048,24/7,default,no,,,,,,4.5,1254.0,,235.0,60
way/1339607330,Beaver Noll Park,,Park,park,40.6995678,-73.9361256,24/7,default,no,,,,,,4.8,2357.0,,37.0,60
way/1317270172,McGraw-Hill Park,,Park,park,40.7597219,-73.9829196,24/7,default,no,,,,,,4.0,2484.0,,230.0,60
way/1306968918,Harlem Grown 127th Street Learning Annex,,Park,park,40.8094618,-73.9460375,24/7,default,no,,,West 127th Street,130,,5.0,6909.0,,42.0,60
way/1305321586,Morris Mesa Playground,,Park,park,40.8453158,-73.9096594,24/7,default,no,,,,,,4.4,2646.0,,169.0,60
way/1288810449,St. Gregory's Playground,,Park,park,40.7895163,-73.972033,24/7,default,no,https://www.nycgovparks.org/parks/st-gregorys-playground,,,,,4.4,18433.0,,238.0,60
way/1288810448,Playground Eighty Nine LXXXIX,,Park,park,40.7886437,-73.9718945,24/7,default,no,,,,,,4.6,4937.0,,238.0,60
way/1286884106,Key Park: Bob’s Park,,Park,park,40.7547523,-73.9980579,24/7,default,no,https://www.clintonhousing.org/what-we-do/building-profile.php?id=77,,,,,4.8,4236.0,,68.0,60
way/1283910034,Sheltering Arms Playground,,Park,park,40.815023,-73.9558977,24/7,default,no,https://www.nycgovparks.org/parks/sheltering-arms-park,,,,,4.4,2991.0,,152.0,60
way/1339757519,Evelina Antonetty Playground,,Park,park,40.8175884,-73.9283162,Mar 02-Oct 31 07:00-21:00; Nov 01-Mar 01 07:00-18:00,osm,no,,,,,,4.5,3397.0,,247.0,60
way/1466260659,Aqueduct Walk (Morten to West Burnside),,Park,park,40.8528065,-73.912583,24/7,default,no,,,,,,4.7,3648.0,,235.0,60
way/1466267345,Aqueduct Walk (West 183rd to West Fordham),,Park,park,40.8610576,-73.9056027,24/7,default,no,,,,,,4.7,3281.0,,136.0,60
way/1479494317,Garden Playground,,Park,park,40.7011028,-73.9382983,24/7,default,no,https://www.nycgovparks.org/parks/garden-playground,,,,,4.5,707.0,,37.0,60
way/225189994,El Sitio Feliz Garden,,Park,garden,40.7902581,-73.9447543,Mo-Su 09:00-17:30,osm,no,https://www.grownyc.org/openspace/gardens/man/elsitio,,East 104th Street,,,4.8,4617.0,,75.0,60
way/237523062,Sixth Street and Avenue B Community Garden,,Park,garden,40.7243209,-73.9820809,"""Closed until further notice""",osm,no,http://www.6BGarden.org,,Avenue B,78,,4.8,344.0,,79.0,60
way/237532025,The Creative Little Garden,,Park,garden,40.7246469,-73.9825857,24/7,default,no,https://www.creativelittlegarden.com/,,East 6th Street,530,,5.0,3130.0,,79.0,60
way/237532026,6BC Botanical Garden,,Park,garden,40.723843,-73.9806711,24/7,default,no,https://www.6bcgarden.org/,,,,,4.8,1523.0,,4.0,60
way/237586858,La Plaza Cultural,,Park,garden,40.7253609,-73.9786453,24/7,default,no,http://www.laplazacultural.com,,East 9th Street,674,,4.7,1506.0,,4.0,60
way/237586859,Ninth Street Community Garden,,Park,garden,40.7253819,-73.9774646,"Sa-Su 00:00-18:00 ""or week-nights whenever garden members are present""",osm,no,https://www.facebook.com/pages/9C-Community-Garden-Park/107365335999995,,,,,4.3,16183.0,,4.0,60
way/240199968,Eagle Street Rooftop Farm,,Park,garden,40.7343044,-73.9597069,24/7,default,no,https://rooftopfarms.org/,,,,,4.4,4164.0,,112.0,60
way/244977217,Greenstreets,,Park,garden,40.7285439,-74.0031445,24/7,default,no,,,,,,4.8,5203.0,,249.0,60
way/250265037,Fireman's Memorial Garden,,Park,garden,40.7242545,-73.9779688,24/7,default,no,,,East 8th Street,358,,4.5,4686.0,,4.0,60
way/250265038,Green Oasis and Gilbert's Garden,,Park,garden,40.7239863,-73.9773546,"""closed until further notice""",osm,no,,,East 8th Street,370,,5.0,3342.0,,4.0,60
way/254594897,Hope Steven Garden,,Park,garden,40.8235532,-73.949278,24/7,default,no,https://www.nycgovparks.org/opportunities/volunteer/group/hope-steven-garden,,Amsterdam Avenue,1656,,4.6,8111.0,,116.0,60
way/1524237470,Riverwalk Commons East,,Park,park,40.7585873,-73.9520329,24/7,default,no,,,,,,4.8,9046.0,,202.0,60
way/1523622327,Public Plaza,,Park,park,40.722612,-73.9574291,24/7,default,no,,,,,,4.7,1402.0,,255.0,60
way/1507941363,Ten Mile River Playground,,Park,park,40.8297868,-73.952328,24/7,default,no,,,,,,5.0,1398.0,,116.0,60
way/1506863250,Trum Tower Public Atrium,,Park,park,40.7617216,-73.9743638,24/7,default,no,,,,,,4.6,1914.0,,161.0,60
way/1506863249,590 Madison Public Atrium,,Park,park,40.7614226,-73.973373,24/7,default,no,,,,,vo vnútri budovy,4.5,4552.0,,161.0,60
way/1500787455,14th Street Square,,Park,park,40.7407595,-74.0053891,24/7,default,no,,,,,,4.6,4905.0,,158.0,60
way/1500206154,Worth Square Park,,Park,park,40.7427569,-73.988967,24/7,default,no,,,,,,5.0,5030.0,,234.0,60
way/1497795698,Calvary Veterans Park,,Park,park,40.73091,-73.9297971,24/7,default,no,https://www.nycgovparks.org/parks/calvary-monument/,,,,,4.4,7568.0,,226.0,60
way/1490739996,Plaza Lafayette,,Park,park,40.8515508,-73.9415912,24/7,default,no,https://www.nycgovparks.org/parks/plaza-lafayette/,,,,,4.9,1310.0,,244.0,60
way/890862707,Saint James Triangle,,Park,park,40.7127158,-73.9985497,24/7,default,no,,,Saint James Place,,,4.7,6133.0,,45.0,60
way/889019981,Lighthouse Park,,Park,park,40.7719982,-73.9409857,24/7,default,no,,,,,,4.4,10520.0,,202.0,60
way/885366706,Father Giorgio Triangle,,Park,park,40.7162705,-73.9499047,24/7,default,no,,,,,,4.5,3869.0,,80.0,60
way/400782869,Vesey Green,,Park,park,40.714953,-74.0166792,24/7,default,no,,,,,,4.4,3543.0,,13.0,60
way/400780940,Teardrop Park South,,Park,park,40.7158072,-74.0160606,24/7,default,no,https://bpcparks.org/whats-here/parks/south-teardrop/,,Murray Street,,,4.2,1105.0,,13.0,60
way/385858615,Little Red Square,,Park,park,40.7292336,-74.0021911,24/7,default,no,,,,,,5.0,1777.0,,114.0,60
way/385106972,Ralph Bunche Park,,Park,park,40.7493256,-73.969745,24/7,default,no,https://www.nycgovparks.org/parks/ralph-bunche-park/,,,,,4.2,625.0,,233.0,60
way/385103133,Wald Playground,,Park,park,40.7197108,-73.9768909,24/7,default,no,,,,,,4.3,1214.0,,4.0,60
way/378364365,Peter's Field,,Park,park,40.7361158,-73.9815688,24/7,default,no,https://www.nycgovparks.org/parks/peters-field/,,,,,5.0,7850.0,,107.0,60
way/378359193,Vincent F. Albano Jr. Playground,,Park,park,40.7419438,-73.9783848,Mar 2-Oct 31: Mo-Su 06:00-21:00; Nov 1-Mar 1: Mo-Su 06:00-18:00,osm,no,https://www.nycgovparks.org/parks/vincent-f-albano-jr-playground,,,,,4.3,21215.0,,137.0,60
way/377995615,A.R.R.O.W. Community Garden,,Park,park,40.7558042,-73.9262414,24/7,default,no,,,,,,4.8,2699.0,,7.0,60
way/400782872,West Thames Park,,Park,park,40.7088363,-74.0157585,24/7,default,no,https://bpcparks.org/whats-here/parks/west-thames-park/,,,,,4.1,938.0,,13.0,60
way/376015442,CU SE Field,,Park,park,40.806367,-73.9623446,24/7,default,no,,,,,,4.9,5495.0,,166.0,60
way/376015439,CU SIPA Commons,,Park,park,40.807298,-73.9599478,24/7,default,no,,,,,,4.7,6927.0,,166.0,60
way/372721441,Teardrop Park,,Park,park,40.7167801,-74.0156161,24/7,default,no,https://bpcparks.org/whats-here/parks/teardrop-park/,,,,,4.7,4382.0,,13.0,60
way/372701952,Nelson A. Rockefeller Park,,Park,park,40.7168883,-74.0152875,24/7,default,no,https://bpcparks.org/whats-here/parks/rockefeller-park/,,,,,4.5,3329.0,,13.0,60
way/372050312,American Playground,,Park,park,40.7287751,-73.9578968,24/7,default,no,,,,,,4.3,2796.0,,112.0,60
way/371390419,No-Bro Greenstreet,,Park,park,40.753424,-73.907424,24/7,default,no,,,,,,4.0,3235.0,,260.0,60
way/371120098,Chelsea Green,,Park,park,40.7415933,-73.9960607,24/7,default,no,https://www.nycgovparks.org/parks/chelsea-green-park,,,,,4.2,1447.0,,90.0,60
way/370965390,Dwyer Square,,Park,park,40.7539172,-73.9150757,24/7,default,no,,,,,,4.6,10658.0,,7.0,60
way/370943110,Long Island City Roots,,Park,park,40.7432059,-73.9380769,24/7,default,no,,,,,,4.2,7428.0,,145.0,60
way/401272976,Ditmars Park,,Park,park,40.7715817,-73.9071084,24/7,default,no,https://www.nycgovparks.org/parks/ditmars-park,,,,,4.2,2924.0,,223.0,60
way/413055246,City Hall Park,,Park,park,40.7128841,-74.0060845,24/7,default,no,https://www.nycgovparks.org/parks/city-hall-park,,,,,4.7,1612.0,,231.0,60
way/468591558,West 104th Street Garden,,Park,park,40.7968848,-73.9619463,24/7,default,no,https://west104garden.org/,+1-212-788-8078,West 104th Street,6-18,"Open to the Public Community Garden with Gazebo, lawn areas, and garden. Part of City of New York Parks & Recreation and maintained by neighborhood volunteers through GreenThumb. Updates on Events on their website or twitter: @west104garden .",4.5,1203.0,,151.0,60
way/468548548,Julia Gabriel People's Garden,,Park,park,40.8038947,-73.9635425,24/7,default,no,,,Amsterdam Avenue,1039,,4.0,4978.0,,166.0,60
way/462302471,Manuel Plaza,,Park,park,40.7276683,-73.9921173,Mo-Su 06:00-22:00,osm,no,,,,,,4.5,5445.0,,113.0,60
way/459838884,Secret Garden Park,,Park,park,40.7437871,-74.0054757,24/7,default,no,,,,,,4.6,10423.0,,68.0,60
way/458511171,745 Plaza,,Park,park,40.7603632,-73.9823986,24/7,default,no,,,,,,4.5,2482.0,,230.0,60
way/455314804,Trygve Lie Plaza,,Park,park,40.7484918,-73.9704129,24/7,default,no,https://www.nycgovparks.org/parks/trygve-lie-plaza/,,,,,4.5,5405.0,,233.0,60
way/410310399,Coleman Playground,,Park,park,40.71117,-73.9933173,24/7,default,no,,,Monroe Street,,,4.5,3615.0,,45.0,60
way/453528989,Dry Dock Playground,,Park,park,40.7254397,-73.9754832,24/7,default,no,,,,,,4.1,14188.0,,4.0,60
way/453461400,Elizabeth Street Garden,,Park,park,40.7221895,-73.994783,24/7,default,no,https://elizabethstreetgarden.org/,,,,,4.1,2010.0,,144.0,60
way/453456965,Tribeca Tower Courtyard,,Park,park,40.7157921,-74.006181,24/7,default,no,,,,,,4.3,7161.0,,231.0,60
way/449139914,Urban Park,,Park,park,40.7235239,-74.0034678,24/7,default,no,,,,,,4.3,4375.0,,211.0,60
way/440055120,West Fourth Street Courts,,Park,park,40.7312486,-74.0009604,24/7,default,no,https://www.nycgovparks.org/parks/west-4th-street-courts,,,,,4.2,19470.0,,114.0,60
way/440055119,Minetta Green,,Park,park,40.7303446,-74.0016029,24/7,default,no,https://www.nycgovparks.org/parks/minetta-green,,,,,4.1,4484.0,,114.0,60
way/427818536,Central Park,Central Park,Park,park,40.7825205,-73.9655068,06:00-01:00,osm,yes,https://www.centralparknyc.org,,,,,4.7,4873.0,,43.0,60
way/423247653,Ewen Park,,Park,park,40.882197,-73.9099992,24/7,default,no,,,,,,4.4,3154.0,,220.0,60
way/370224628,Rafferty Triangle,,Park,park,40.7475206,-73.9431422,24/7,default,no,,,,,,4.8,20515.0,,145.0,60
way/367859701,Hunter’s Point South Waterfront Park,,Park,park,40.7409959,-73.9610746,24/7,default,no,https://www.nycgovparks.org/parks/hunters-point-south-park,,,,,4.3,1169.0,,145.0,60
way/367807621,Sunnyside Gardens Park,,Park,park,40.7496497,-73.9145042,24/7,default,no,https://sunnysidegardenspark.org/,+1 718-672-1555,39th Avenue,48-21,"Private, members only access.  ",4.5,27564.0,,226.0,60
way/351201923,Tramway Plaza,,Park,park,40.7610387,-73.9643728,sunrise-sunset,osm,no,https://www.nycgovparks.org/parks/tramway-plaza,,East 60th Street,254,,4.3,12988.0,,141.0,60
way/343765233,Peter Detmold Park,,Park,park,40.7536627,-73.9635157,24/7,default,no,https://www.nycgovparks.org/parks/peter-detmold-park,,,,,5.0,2247.0,,229.0,60
way/334715965,Poses Park,,Park,park,40.7674465,-73.9635001,24/7,default,no,https://www.hunter.cuny.edu/communications/pressroom/news/hunter-college-officially-re-opens-poses-park-to-the-public,,,,,4.7,12877.0,,237.0,60
way/334258793,Oxport Playground,,Park,park,40.6975314,-73.9762362,24/7,default,no,https://www.nycgovparks.org/parks/oxport-playground,,,,,4.4,2973.0,,97.0,60
way/334212043,Arbor Place,,Park,park,40.6960166,-73.9806069,24/7,default,no,,,,,,4.3,1554.0,,65.0,60
way/329988114,Verdi Square,,Park,park,40.7791313,-73.9816218,24/7,default,no,https://www.nycgovparks.org/parks/verdi-square/,,,,,4.3,1314.0,,143.0,60
way/329041537,Freeman Plaza North,,Park,park,40.7243569,-74.0065658,24/7,default,no,,,,,,4.5,1890.0,,125.0,60
way/329041506,Freeman Plaza East,,Park,park,40.7241243,-74.0065435,24/7,default,no,https://hudsonsquarebid.org/neighborhood/outdoor-spaces/freeman-plaza-east/,,,,,4.6,1008.0,,125.0,60
way/325008930,Tanahey Playground,,Park,park,40.7101715,-73.9951713,24/7,default,no,https://www.nycgovparks.org/parks/tanahey-playground,,Cherry Street,,,4.6,6818.0,,45.0,60
way/351236826,Strippoli Triangle,,Park,park,40.7572547,-73.9075813,24/7,default,no,,,,,,3.9,4720.0,,260.0,60
way/325008929,Alfred E. Smith Playground,,Park,park,40.7106394,-73.997469,24/7,default,no,https://www.nycgovparks.org/parks/alfred-e-smith-playground/,,Catherine Street,,,4.9,1329.0,,45.0,60
way/324750157,First Park,,Park,park,40.7234173,-73.9892626,24/7,default,no,,,,,,5.0,4893.0,,79.0,60
way/321905068,Riverwalk Commons,,Park,park,40.7589617,-73.9528666,24/7,default,no,,,,,,4.3,3347.0,,202.0,60
way/319615856,Blackwell Park,,Park,park,40.7601079,-73.9505807,24/7,default,no,,,,,,4.7,3719.0,,202.0,60
way/318329003,Roosevelt Triangle,,Park,park,40.8113321,-73.9543941,24/7,default,no,https://www.nycgovparks.org/parks/roosevelt-triangle/,,,,,4.7,1675.0,,166.0,60
way/318328998,Frederick Douglass Circle,,Park,park,40.8005901,-73.9581811,24/7,default,no,https://www.centralparknyc.org/locations/frederick-douglass,,Frederick Douglass Circle,,,4.6,1129.0,,41.0,60
way/317355661,Henry M. Jackson Playground,,Park,park,40.7139646,-73.981496,24/7,default,no,https://www.nycgovparks.org/parks/henry-m-jackson-playground/,,,,,4.5,1698.0,,232.0,60
way/314365830,Poplar Street Community Garden,,Park,park,40.7013088,-73.9932477,24/7,default,no,http://www.poplargarden.org/,,Poplar Street,,,4.3,9408.0,,33.0,60
way/310891343,George Meade Plaza,,Park,park,40.8222535,-73.9116315,24/7,default,no,,,,,,4.8,5697.0,,167.0,60
way/310077175,Gilbert Ramirez Playground,,Park,park,40.7059688,-73.9345252,24/7,default,yes,https://www.nycgovparks.org/parks/gilbert-ramirez-park,,,,,4.2,2717.0,,37.0,60
way/324975291,Canal Park,,Park,park,40.7254196,-74.0104282,24/7,default,no,https://www.nycgovparks.org/parks/canal-park,,Canal Street,,,4.9,3920.0,,231.0,60
way/351276058,Van Alst Playground,,Park,park,40.7706035,-73.9281802,24/7,default,no,,,,,,5.0,4794.0,,179.0,60
way/353000933,Ruppert Park,,Park,park,40.7809662,-73.9501489,24/7,default,no,https://www.nycgovparks.org/parks/ruppert-park,,,,,4.6,2733.0,,263.0,60
way/353133685,Park Avenue Malls,,Park,park,40.7869307,-73.9522659,24/7,default,no,https://www.nycgovparks.org/parks/park-avenue-malls-m060c,,,,,4.5,3098.0,,75.0,60
way/367660740,Roberto Clemente State Park,,Park,park,40.8540181,-73.9212204,24/7,default,no,https://parks.ny.gov/parks/robertoclemente/,,West Tremont Avenue,301,,4.7,7524.0,,235.0,60
way/365937312,Steuben Park,,Park,park,40.6973874,-73.9634212,24/7,default,no,https://www.nycgovparks.org/parks/steuben-playground,,,,,4.3,1206.0,,34.0,60
way/365937277,Classon Playground,,Park,park,40.6994275,-73.9615371,Mo-Su 06:00-21:00,osm,no,,,,,,3.9,5254.0,,217.0,60
way/365937182,Sarah J.S. Tompkins Garnet Playground,,Park,park,40.7006822,-73.9554143,24/7,default,no,,,,,,4.2,625.0,,17.0,60
way/365937095,Father Popieluszko Square,,Park,park,40.7229849,-73.9525349,06:00-21:00,osm,no,,,,,,4.6,25717.0,,255.0,60
way/365936852,Marcy Park South,,Park,park,40.707477,-73.9581134,24/7,default,no,,,,,,4.5,6845.0,,217.0,60
way/365936851,Rodney Park South,,Park,park,40.707556,-73.9572715,24/7,default,no,,,,,,4.5,3233.0,,217.0,60
way/365936840,Rodney Park Center,,Park,park,40.7084592,-73.9567624,24/7,default,no,,,,,,4.8,2774.0,,256.0,60
way/365936839,Rodney Park North,,Park,park,40.7090938,-73.9563605,24/7,default,no,,,,,,4.6,4527.0,,256.0,60
way/365936797,Strawberry Playground,,Park,park,40.7097413,-73.955933,24/7,default,no,,,,,,4.3,7739.0,,256.0,60
way/365936796,Rodney Playground Center,,Park,park,40.7102357,-73.9555536,24/7,default,no,,,,,,4.4,1912.0,,256.0,60
way/365936698,Rodney Playground North,,Park,park,40.7110881,-73.9549858,24/7,default,no,,,,,,4.7,1705.0,,256.0,60
way/365936688,Marcy Green South,,Park,park,40.708812,-73.9573468,24/7,default,no,,,,,,4.5,3474.0,,256.0,60
way/365936662,Marcy Green Center,,Park,park,40.7093591,-73.9571263,24/7,default,no,,,,,,4.8,5116.0,,256.0,60
way/365936661,Marcy Green North,,Park,park,40.7099956,-73.9566478,24/7,default,yes,https://www.nycgovparks.org/parks/marcy-green-north/map,,,,,4.5,6732.0,,256.0,60
way/365936496,Ascenzi Square,,Park,park,40.7144513,-73.9569384,24/7,default,no,,,,,,4.9,5468.0,,255.0,60
way/362827398,Mandela Garden,,Park,park,40.8107974,-73.9499718,24/7,default,no,https://livinglotsnyc.org/lot/58229/,,West 126th Street,265,,4.5,1225.0,,42.0,60
way/362684725,Grand Street Garden,,Park,park,40.7137878,-73.9589382,24/7,default,no,https://livinglotsnyc.org/lot/3023820028/,,Grand Street,237,,4.2,2741.0,,255.0,60
way/362679830,Smiling Hogshead Ranch,,Park,park,40.7424853,-73.943608,24/7,default,no,https://www.smilinghogsheadranch.org/,,49th Avenue,25-1,,4.3,3013.0,,145.0,60
way/362678286,61 Franklin Street Garden,,Park,park,40.7275445,-73.9574664,24/7,default,no,https://livinglotsnyc.org/lot/3025710021/,,Franklin Street,61,,4.5,5346.0,,112.0,60
way/357523569,Ilka Tanya Payán Park,,Park,park,40.8339778,-73.9452121,24/7,default,no,https://www.nycgovparks.org/parks/ilka-tanya-payan-park,,,,,4.5,5165.0,,244.0,60
way/469101347,Tenzer Garden,,Park,park,40.8498324,-73.9291411,24/7,default,no,,,,,,4.5,720.0,,243.0,60
way/469101348,Danciger Quadrangle,,Park,park,40.850316,-73.928956,24/7,default,no,,,,,,4.2,3118.0,,243.0,60
way/470031811,Starr Playground,,Park,park,40.70979,-73.9178142,24/7,default,no,https://www.nycgovparks.org/parks/starr-playground,,,,,4.1,5655.0,,198.0,60
way/471549306,NYC AIDS Memorial Park at St. Vincent's Triangle,,Park,park,40.7371836,-74.0011967,24/7,default,no,,,,,,5.0,9279.0,,249.0,60
way/785102262,Grant Playground,,Park,park,40.8361172,-73.9137813,24/7,default,no,,,Grant Avenue,,,4.4,11534.0,,69.0,60
way/783063086,Mott Playground,,Park,park,40.8314185,-73.9146531,sunrise-sunset,osm,no,,,East 167th Street,270,,4.5,2672.0,,69.0,60
way/777330864,Freedom Triangle,,Park,park,40.6972401,-73.9318108,Mo-Su 06:00-01:00,osm,no,https://www.nycgovparks.org/parks/freedom-triangle/,,,,,4.3,2747.0,,37.0,60
way/769716504,Sol Lain Playground,,Park,park,40.7142341,-73.9838951,24/7,default,no,https://www.nycgovparks.org/parks/sol-lain-playground/,,,,,4.4,4011.0,,232.0,60
way/769716502,Hillman Park,,Park,park,40.7151983,-73.982351,24/7,default,no,,,,,,4.5,3508.0,,232.0,60
way/767304570,I-Am-Park,,Park,park,40.8112951,-73.9101883,24/7,default,no,https://www.nycgovparks.org/parks/i-am-park,,,,,4.6,9072.0,,168.0,60
way/767304565,Gouverneur Morris Square,,Park,park,40.8046711,-73.9127505,24/7,default,no,,,,,,4.8,1066.0,,168.0,60
way/765274333,Playground 11,,Park,park,40.7310982,-73.9763847,24/7,default,no,,,,,,3.7,7390.0,,224.0,60
way/759460622,Minerva Bernadino Green Street,,Park,park,40.8028219,-73.9640871,24/7,default,no,,,,,,4.1,2923.0,,24.0,60
way/745537380,Martinez Playground,,Park,park,40.7091113,-73.9443661,24/7,default,no,https://www.nycgovparks.org/parks/martinez-playground,,,,,4.7,6424.0,,80.0,60
way/727964618,Lafayette Square,,Park,park,40.8035524,-73.9580337,24/7,default,no,https://www.nycgovparks.org/parks/lafayette-square/highlights/7727,,Manhattan Avenue,335,,4.3,440.0,,41.0,60
way/720392297,Sgt. William Dougherty Playground,,Park,park,40.7236896,-73.9366703,24/7,default,no,https://www.nycgovparks.org/parks/B096/,,,,,4.3,4788.0,,80.0,60
way/718438725,Murphy Brothers Playground,,Park,park,40.7302282,-73.9732345,24/7,default,no,https://www.nycgovparks.org/parks/murphys-brothers-playground,,,,,4.1,4052.0,,224.0,60
way/705304809,30 Lincoln Plaza,,Park,park,40.7707961,-73.9814012,8:00-23:00,osm,no,https://capitalplanning.nyc.gov/pops/M070015#16.52/40.76956/-73.98279,,Broadway,1886,,4.5,5563.0,,142.0,60
way/702078581,McMahon Lawn,,Park,park,40.7713558,-73.9865241,24/7,default,no,,,,,,4.5,1606.0,,142.0,60
way/687661469,First Street Green Cultural Park,,Park,park,40.723751,-73.9903251,24/7,default,no,,,,,,4.9,3083.0,,79.0,60
way/676051615,Flynn Brothers Playground,,Park,park,40.8210551,-73.9119479,24/7,default,no,https://www.nycgovparks.org/parks/flynn-playground/,,,,,4.5,1658.0,,159.0,60
way/676050631,O'Neill Triangle,,Park,park,40.8236376,-73.9114098,24/7,default,no,https://www.nycgovparks.org/parks/oneill-triangle/,,,,,4.4,1724.0,,167.0,60
way/675962287,Sophie Irene Loeb Playground,,Park,park,40.7133573,-73.994312,24/7,default,no,https://www.nycgovparks.org/parks/sophie-irene-loeb,,,,,4.4,13765.0,,45.0,60
way/743395860,The Elevated Acre,,Park,park,40.7032051,-74.0087006,24/7,default,no,,,,,,4.1,962.0,,88.0,60
way/791023703,Andrew Freedman House Gardens,,Park,park,40.8327772,-73.9201396,24/7,default,no,,,,,,4.3,15083.0,,247.0,60
way/885323007,Ten Eyck Plaza,,Park,park,40.7093065,-73.9493383,24/7,default,no,,,,,,4.7,2368.0,,80.0,60
way/885323004,Sunshine Community Garden,,Park,park,40.7052894,-73.9440113,24/7,default,no,,,,,,5.0,2155.0,,80.0,60
way/880274609,Arcilla Playground,,Park,park,40.8271282,-73.9142856,24/7,default,no,,,,,,4.7,4446.0,,69.0,60
way/880274605,Morgan Playground,,Park,park,40.8323913,-73.9072466,24/7,default,no,,,,,,4.9,12206.0,,47.0,60
way/879798383,Yolanda García Park,,Park,park,40.8231078,-73.9137919,24/7,default,no,,,,,,4.5,1915.0,,167.0,60
way/879798369,Mayaro Playground,,Park,park,40.8204861,-73.9183514,24/7,default,no,,,,,,4.6,2035.0,,159.0,60
way/878675243,Davidson Playground,,Park,park,40.8550571,-73.9077213,24/7,default,no,,,,,,5.0,3903.0,,235.0,60
way/878675238,Grand Playground,,Park,park,40.8560601,-73.9072088,24/7,default,no,https://www.nycgovparks.org/parks/grand-playground,,,,,4.4,4057.0,,235.0,60
way/875056846,Hayden Lord Park,,Park,park,40.8489541,-73.9191541,24/7,default,no,,,,,,4.1,1608.0,,235.0,60
way/872051551,Sister Nicodema Plaza,,Park,park,40.7142061,-73.9549912,24/7,default,no,,,,,,4.9,2069.0,,255.0,60
way/852360840,Goble Playground,,Park,park,40.8437693,-73.9170125,24/7,default,no,,,,,,4.9,6220.0,,247.0,60
way/849220207,Conners Square,,Park,park,40.714676,-73.9574076,24/7,default,no,,,,,,4.8,1910.0,,255.0,60
way/837696042,Pier 97,,Park,park,40.772165,-73.9956854,24/7,default,no,https://hudsonriverpark.org/the-park/whats-happening/design-process-pier-97/,,,,,4.4,2863.0,,50.0,60
way/831044452,Gansevoort Peninsula,,Park,park,40.739967,-74.01073,24/7,default,no,https://www.hudsonriverpark.org/explore-the-park/locations/gansevoort-peninsula,,,,,4.9,5461.0,,158.0,60
way/827019704,Naval Cemetery Landscape,,Park,park,40.6991998,-73.9630443,24/7,default,no,https://www.brooklyngreenway.org/naval-cemetery-landscape/,,,,,4.6,19781.0,,34.0,60
way/821278619,The Plaza,,Park,park,40.8170021,-73.9588657,24/7,default,no,,,,,,4.3,7352.0,,152.0,60
way/800212158,Community Island Pond,,Park,park,40.702575,-74.0054638,24/7,default,no,,,,,,5.0,5254.0,,87.0,60
way/672251427,Abe Lebewohl Park,,Park,park,40.7300001,-73.9870591,24/7,default,no,,,2nd Avenue,,,4.7,8254.0,,79.0,60
way/306671094,McKenna Triangle,,Park,park,40.746558,-73.9441979,24/7,default,no,,,,,,4.4,1788.0,,145.0,60
way/664697032,Monterey Public Garden,,Park,park,40.785788,-73.949994,24/7,osm,no,,,,,,5.0,1448.0,,75.0,60
way/553286421,Sternberg Park,,Park,park,40.7062444,-73.947208,24/7,default,no,https://www.nycgovparks.org/parks/sternberg-park,,,,,4.4,2804.0,,80.0,60
way/551946386,Charlie's Place,,Park,park,40.6992385,-73.9462685,24/7,default,no,,,,,,4.6,6721.0,,17.0,60
way/544675664,Mitchel Square,,Park,park,40.8401711,-73.9400689,24/7,default,no,https://www.nycgovparks.org/parks/mitchel-square,,,,Boulders and World War 1 Memorial,4.4,4387.0,,244.0,60
way/539005582,Murray Street Triangle,,Park,park,40.7156101,-74.015085,24/7,default,no,,,Murray Street,,,4.4,12662.0,,13.0,60
way/538080002,Elizabeth H. Berger Plaza,,Park,park,40.7066764,-74.0140208,24/7,default,no,https://www.nycgovparks.org/planning-and-building/capital-project-tracker/project/5994,,Edgar Street,2,,4.6,6300.0,,261.0,60
way/531580782,Robert Moses Playground,,Park,park,40.7481156,-73.9692894,24/7,default,no,,,,,,4.7,8949.0,,233.0,60
way/531272222,CS Garden,,Park,park,40.8091383,-73.9599533,24/7,default,no,,,,,,4.6,1240.0,,166.0,60
way/525999207,Jerome Slope,,Park,park,40.832474,-73.9259103,24/7,default,no,https://www.nycgovparks.org/parks/jerome-slope,,,,,4.6,2078.0,,119.0,60
way/554944203,Marcy Playground,,Park,park,40.69566,-73.9509099,24/7,default,no,https://www.nycgovparks.org/parks/marcy-playground,,,,,4.3,5594.0,,17.0,60
way/517205427,Astoria Park,,Park,park,40.7785837,-73.9228847,24/7,default,no,https://www.nycgovparks.org/parks/astoria-park/,,,,,4.9,3560.0,,8.0,60
way/498671779,Drumgoole Plaza,,Park,park,40.7110519,-74.0040949,24/7,default,yes,,,Frankfort Street,,"A small public city park under an elevated ramp to the Brooklyn Bridge. Mostly paved, with a number of trees, planted areas, and benches. ",4.6,13660.0,,209.0,60
way/497484756,Albert Capsouto Park,,Park,park,40.7220728,-74.0058909,24/7,default,no,https://www.nycgovparks.org/parks/capsouto-park,,,,,4.6,28053.0,,231.0,60
way/483702983,Augustus Saint-Gaudens Playground,,Park,park,40.7355499,-73.9821423,24/7,default,no,https://www.nycgovparks.org/parks/augustus-st-gaudens-playground/,,,,,4.7,4747.0,,107.0,60
way/480966277,148th Street Block Association Park,,Park,park,40.8243789,-73.9389915,24/7,default,no,,,,,Park for neighborhood residents of 148th Street and their guests.,4.9,5997.0,,42.0,60
way/479358564,Rooftop Park,,Park,park,40.7576241,-73.9686533,24/7,default,no,,,,,,4.5,1314.0,,229.0,60
way/474199302,Monsignor Kett Playground,,Park,park,40.8625304,-73.9209396,24/7,default,no,https://www.nycgovparks.org/parks/monsignor-kett-playground,,West 204th Street,,,4.4,1772.0,,127.0,60
way/474169900,Lieutenant William Tighe Triangle,,Park,park,40.8658571,-73.9279994,24/7,default,no,https://www.nycgovparks.org/parks/lt-wm-tighe-triangle/,,,,,4.3,5604.0,,243.0,60
way/473565702,Rapkin-Gayle Plaza,,Park,park,40.7204001,-73.9991398,Mo-Su 06:00-22:00,osm,no,https://www.nycgovparks.org/parks/M413,,,,,5.0,4799.0,,144.0,60
way/516204836,Bridge Park,,Park,park,40.8475521,-73.9261429,24/7,default,no,,,,,,4.1,4995.0,,235.0,60
way/562642205,Ryan Triangle,,Park,park,40.8153696,-73.9243714,24/7,default,no,,,,,,4.9,2148.0,,168.0,60
way/563074623,Ranaqua Playground,,Park,park,40.8067559,-73.9223292,24/7,default,no,https://www.nycgovparks.org/parks/ranaqua-park,,,,,4.5,3541.0,,168.0,60
way/580123906,Mulry Square,,Park,park,40.7362506,-74.0010873,24/7,default,no,,,,,,4.3,5879.0,,249.0,60
way/664153164,"Bill ""Bojangles"" Robinson Playground",,Park,park,40.825291,-73.9372932,24/7,default,no,https://www.nycgovparks.org/parks/bill-bojangles-robinson-playground,,West 150th Street,,,4.5,4895.0,,42.0,60
way/643861444,Patterson Playground,,Park,park,40.8158014,-73.9225082,24/7,default,no,https://www.nycgovparks.org/parks/patterson-playground,,,,,4.7,2597.0,,168.0,60
way/642720326,Ten Eyck Playground,,Park,park,40.7088616,-73.9388498,Mo-Su 06:00-21:00,osm,no,https://www.nycgovparks.org/parks/ten-eyck-playground,,,,,5.0,2542.0,,37.0,60
way/627960061,Half-Nelson Playground,,Park,park,40.8467829,-73.9193193,24/7,default,no,,,,,,4.6,7380.0,,235.0,60
way/627959357,University Park,,Park,park,40.8477259,-73.9185556,24/7,default,no,,,,,,4.1,855.0,,235.0,60
way/627958594,Brandt Park,,Park,park,40.8477688,-73.917997,24/7,default,no,,,,,,4.0,9610.0,,235.0,60
way/627958210,Galileo Park,,Park,park,40.8486091,-73.9156595,24/7,default,no,,,,,,4.3,27094.0,,235.0,60
way/617699515,Cooper Park,,Park,park,40.7159761,-73.9373408,24/7,default,no,https://www.nycgovparks.org/parks/cooper-park,,,,,5.0,17420.0,,80.0,60
way/617699508,Frost Playground,,Park,park,40.7187265,-73.9390136,24/7,default,no,,,,,,5.0,9202.0,,80.0,60
way/613509792,Tribeca Park,,Park,park,40.7202231,-74.0057003,Mo-Su 06:00-01:00,osm,no,https://www.nycgovparks.org/parks/tribeca-park,,,,,4.8,5622.0,,231.0,60
way/608663280,Domino Park,,Park,park,40.7146788,-73.967802,Mo-Su 06:00-23:00,osm,no,,,,,,4.7,2251.0,,256.0,60
way/582732638,William Sheridan Playground,,Park,park,40.715297,-73.9641562,24/7,default,no,,,,,,4.7,7515.0,,256.0,60
way/581666857,Jane Street Garden,,Park,park,40.738004,-74.0045481,24/7,default,no,https://greenthumb.nycgovparks.org/,,Jane Street,36-40,"Community garden.  Locked gate, but open to public on weekends.",4.5,11413.0,,249.0,60
way/667073866,Penn Triangle,,Park,park,40.7007785,-73.9608439,24/7,default,no,,,Penn Street,,,5.0,5797.0,,217.0,60
way/1080842930,Kenkeleba House Garden,,Park,garden,40.7221355,-73.9826839,24/7,default,no,,,,,,4.2,15425.0,,4.0,60
way/1081174783,Los Amigos,,Park,garden,40.7224987,-73.9820851,24/7,default,no,,,East 3rd Street,221,,4.9,5575.0,,4.0,60
way/1081579829,Umbrella House Garden,,Park,garden,40.7213778,-73.9811317,24/7,default,no,,,,,,4.4,1624.0,,4.0,60
way/280136872,Saint Alphonsus Roman Catholic Church,,Culture,place_of_worship,40.731208,-73.9536065,Mo-Su 08:00-20:00,default,no,,,Kent Street,175,,4.1,1911.0,,112.0,45
way/280143353,Saints Cyril and Methodius,,Culture,place_of_worship,40.7355855,-73.9541354,Mo-Su 08:00-20:00,default,no,,+1-718-389-4424,Eagle Street,161,,4.9,2749.0,,112.0,45
way/280150500,Saint Calixtus Chapel,,Culture,place_of_worship,40.7320842,-73.93217,Mo-Su 08:00-20:00,default,no,https://calvaryandalliedcemeteries.com/venue/st-callixtus-chapel/,,Greenpoint Ave,34-02,,4.0,326.0,,226.0,45
way/280340005,El Renuevo Christian Church,,Culture,place_of_worship,40.7432253,-73.9124031,Mo-Su 08:00-20:00,default,no,,,52nd Street,43-25,,4.2,194.0,,226.0,45
way/280340479,N.Y. Nam Presbyterian Church,,Culture,place_of_worship,40.7430057,-73.9137405,Mo-Su 08:00-20:00,default,no,,+1 718-639-8383,Queens Boulevard,51-05,,4.3,710.0,,226.0,45
way/280340520,Seh Moon Baptist Church,,Culture,place_of_worship,40.7450362,-73.90737,Mo-Su 08:00-20:00,default,no,,,Roosevelt Avenue,57-04,,4.0,223.0,,260.0,45
way/280346906,Saint Teresa's Roman Catholic Church,,Culture,place_of_worship,40.7373171,-73.9212836,Mo-Su 08:00-20:00,default,no,,,,,,4.4,522.0,,226.0,45
way/280348662,Biserica Ortodoxă Română „Sfântul Nicolae” New York,St. Nicholas Romanian Orthodox Church New York,Culture,place_of_worship,40.7396376,-73.920103,Mo-Su 08:00-20:00,default,no,http://www.stnicholaschurch.net,+1 718-784-4453,48th Avenue,45-03,,3.8,80.0,,226.0,45
way/280354485,Queens Assembly Hall of Jehovahs Witnesses,,Culture,place_of_worship,40.742045,-73.9201683,"Mo-Fr 08:00-17:00; Sa, Su 08:00-16:00",osm,no,,+1 718-784-9296,,,,4.2,3302.0,,226.0,45
way/280132420,Saint John's Evangelical Lutheran Church,,Culture,place_of_worship,40.729643,-73.9550103,Mo-Su 08:00-20:00,default,no,,,Milton Street,153,,4.8,554.0,,112.0,45
way/280359384,Sunnyside Jewish Center,,Culture,place_of_worship,40.7415052,-73.9239288,Mo-Su 08:00-20:00,default,no,,,47th Avenue,40-20,,4.0,1164.0,,226.0,45
way/280375128,Seventh Day Adventist Reform Movement Church,,Culture,place_of_worship,40.7486383,-73.9132423,Mo-Su 08:00-20:00,default,no,,,39th Avenue,50-14,,3.9,1018.0,,226.0,45
way/280375131,Chuch of New York,,Culture,place_of_worship,40.7485949,-73.9131336,Mo-Su 08:00-20:00,default,no,,,39th Avenue,50-18,,4.5,2134.0,,226.0,45
way/280402587,Iglesia Nueva Vida,,Culture,place_of_worship,40.7514853,-73.9080554,Mo-Su 08:00-20:00,default,no,https://www.nvny.org/,+1-718-424-9161,37th Avenue,53-21,,4.2,679.0,,260.0,45
way/280403288,New York Presbyterian Church,,Culture,place_of_worship,40.7509359,-73.9186044,Mo-Su 08:00-20:00,default,no,https://www.nypc.net/,,37th Avenue,44-01,,3.9,412.0,,226.0,45
way/280559359,The New Apostolic Church,,Culture,place_of_worship,40.7600112,-73.9109083,Mo-Su 08:00-20:00,default,no,https://www.nac-usa.org,+1 718-279-3626,47th Street,30-60,,4.1,1073.0,,7.0,45
way/280568766,Saint Joseph's Roman Catholic Church,,Culture,place_of_worship,40.7630182,-73.911835,Mo-Su 08:00-20:00,default,yes,,,,,,4.5,420.0,,7.0,45
way/280569756,Al-Amin Jame Masjid,,Culture,place_of_worship,40.754973,-73.9257415,Mo-Su 08:00-20:00,default,yes,https://alaminjamemasjid.com/,+1 718-729-6325,36th Street,35-19,,4.7,644.0,,7.0,45
way/280575613,Trinity Lutheran Church,,Culture,place_of_worship,40.7618904,-73.9191942,Mo-Su 08:00-20:00,default,no,,,,,,4.2,440.0,,7.0,45
way/280575615,Church of the Most Precious Blood,,Culture,place_of_worship,40.7591769,-73.9216056,Mo-Su 08:00-20:00,default,no,,,,,,3.4,1622.0,,7.0,45
way/280372387,Ahlul Bayt Mission Masjid,,Culture,place_of_worship,40.7451,-73.9096921,Mo-Su 08:00-20:00,default,no,,+1 929-800-4188,55th Street,41-02,,4.5,638.0,,260.0,45
way/280584330,Open Door Bible Baptist Church,,Culture,place_of_worship,40.7631611,-73.9197604,Mo-Su 08:00-20:00,default,no,,,35th Street,30-85,,4.2,1208.0,,7.0,45
way/280131977,Greenpoint Reformed Church,,Culture,place_of_worship,40.7291866,-73.9549728,Mo-Su 08:00-20:00,default,no,,,Milton Street,136,,3.7,523.0,,112.0,45
way/280128462,Polish National Catholic Church of the Resurrection,,Culture,place_of_worship,40.7278666,-73.9517793,Mo-Su 08:00-20:00,default,no,,,Leonard Street,678,,4.5,293.0,,112.0,45
way/279597152,Epiphany Roman Catholic Church,,Culture,place_of_worship,40.708616,-73.9651641,Mo-Su 08:00-20:00,default,no,,,South 9th Street,96,,4.3,270.0,,256.0,45
way/279622727,All Saints Roman Catholic Church,,Culture,place_of_worship,40.70097,-73.9445706,Mo-Su 08:00-20:00,default,no,,,Throop Avenue,115,,4.4,777.0,,17.0,45
way/279655164,Iglesia Pentecostal Misionera,,Culture,place_of_worship,40.7082702,-73.9503453,Mo-Su 08:00-20:00,default,no,,,Union Avenue,262,,3.6,2031.0,,80.0,45
way/279656020,Little Zion Baptist Church,,Culture,place_of_worship,40.7083318,-73.945958,Mo-Su 08:00-20:00,default,no,,,Scholes Street,98,,3.9,418.0,,80.0,45
way/279659031,Kingdom Hall of Jehova's Witnesses,,Culture,place_of_worship,40.7093099,-73.9505582,Mo-Su 08:00-20:00,default,no,,,Ten Eyck Street,10,,4.3,2005.0,,80.0,45
way/279662363,Iglesia de Dios de La Profecia,,Culture,place_of_worship,40.7104152,-73.9517462,Mo-Su 08:00-20:00,default,no,,,South 1st Street,387,,3.8,840.0,,256.0,45
way/279666624,Williamsburg Pentecostal Church,,Culture,place_of_worship,40.714094,-73.9465469,Mo-Su 08:00-20:00,default,no,,+1-718-821-8085,Metropolitan Avenue,674,,4.4,1392.0,,80.0,45
way/279667814,First Italian Baptist Church,,Culture,place_of_worship,40.7134679,-73.9454032,Mo-Su 08:00-20:00,default,no,,,Devoe Street,140,,4.3,596.0,,80.0,45
way/279772153,Church of the Annunciation,,Culture,place_of_worship,40.7144121,-73.9546699,Mo-Su 08:00-20:00,default,no,,,North 5th Street,259,,3.9,857.0,,255.0,45
way/280128464,Saint Anthony - Saint Alphonsus,,Culture,place_of_worship,40.7295771,-73.9535131,Mo-Su 08:00-20:00,default,no,,,Manhattan Avenue,864,,3.8,77.0,,112.0,45
way/279772201,Iglesia Bautista Calvario,,Culture,place_of_worship,40.7157311,-73.9569308,Mo-Su 08:00-20:00,default,no,,,North 5th Street,199,,4.4,1648.0,,255.0,45
way/279772398,Saint Vincent De Paul's Roman Catholic Church,,Culture,place_of_worship,40.7170223,-73.9575325,Mo-Su 08:00-20:00,default,no,,,North 6th Street,167,,3.4,356.0,,255.0,45
way/279777187,Ukrainian Catholic Church of the Holy Ghost,,Culture,place_of_worship,40.7160428,-73.9582808,Mo-Su 08:00-20:00,default,no,,,North 5th Street,160,,4.4,4148.0,,255.0,45
way/279812995,St. Cecilia Roman Catholic Church,,Culture,place_of_worship,40.720109,-73.9422297,Mo-Su 08:00-20:00,default,no,,,,,,4.2,446.0,,80.0,45
way/280075421,Our Lady of Mount Carmel Roman Catholic Church,,Culture,place_of_worship,40.7158018,-73.9525929,Mo-Su 08:00-20:00,default,no,,,North 8th Street,275,,4.1,2403.0,,255.0,45
way/280079027,Russian Orthodox Cathedral of the Transfiguration of Our Lord,,Culture,place_of_worship,40.719502,-73.9533885,Mo-Su 08:00-20:00,default,no,https://www.roct.org/,+1-718-387-1064,North 12th Street,228,,4.0,422.0,,255.0,45
way/280081616,Kingdom Hall Jehovah's Witnesses,,Culture,place_of_worship,40.7228166,-73.9487702,Mo-Su 08:00-20:00,default,no,,,Driggs Avenue,278,,4.0,373.0,,112.0,45
way/280115118,Church of God of Greenpoint,,Culture,place_of_worship,40.727412,-73.9512844,Mo-Su 08:00-20:00,default,no,,,Meserole Avenue,130,,4.2,2934.0,,112.0,45
way/280115131,Kościół Odkupiciela (Church of the Redeemer),Church of the Redeemer,Culture,place_of_worship,40.7270471,-73.9520825,Mo-Su 08:00-20:00,default,no,https://kosciol.nyc,,Meserole Avenue,112,,4.3,653.0,,112.0,45
way/280118854,Roman Catholic Church of the Holy Family,,Culture,place_of_worship,40.7230866,-73.9538876,Mo-Su 08:00-20:00,default,no,,,North 15th Street,81,,4.1,229.0,,112.0,45
way/279772394,Order of Saint Dominic Convent,,Culture,place_of_worship,40.7147272,-73.9548999,Mo-Su 08:00-20:00,default,no,,,Havemeyer Street,64,,4.5,751.0,,255.0,45
way/279587272,בית המדרש סקווירא,,Culture,place_of_worship,40.7041053,-73.9607124,Mo-Su 08:00-20:00,default,no,,,Bedford Avenue,571,,4.1,10291.0,,217.0,45
way/280586702,Holy Trinity Church,,Culture,place_of_worship,40.7680448,-73.9141714,Mo-Su 08:00-20:00,default,no,,,37th Street,25-36,,4.3,438.0,,7.0,45
way/280599864,Holy Cross Ukrainian Church,,Culture,place_of_worship,40.7645225,-73.9247125,Mo-Su 08:00-20:00,default,no,,,30th Street,31-02,,4.1,2004.0,,7.0,45
way/381429969,Holy Trinity Cathedral,,Culture,place_of_worship,40.7197584,-73.9956578,Mo-Su 08:00-20:00,default,no,,+1-212-226-4351,Broome Street,359,,4.9,340.0,,144.0,45
way/280590586,Taiwan Union Christian Church,,Culture,place_of_worship,40.7654313,-73.922157,Mo-Su 08:00-20:00,default,no,,,31st Street,30-55,,3.5,491.0,,7.0,45
way/354612946,Holy Family Catholic Church,,Culture,place_of_worship,40.7526878,-73.9685878,Mo-Su 08:00-20:00,default,no,https://churchholyfamily.org/,+1 212-753-3401,East 47th Street,315,,4.7,785.0,,233.0,45
way/295242013,Madison Avenue Church,,Culture,place_of_worship,40.7724994,-73.9645375,Mo-Su 08:00-20:00,default,no,https://www.mapc.com/,,Madison Avenue,921,,3.9,534.0,,237.0,45
way/280611983,Saint Demetrios Cathedral,,Culture,place_of_worship,40.7655544,-73.9229149,Mo-Su 08:00-20:00,default,no,https://www.saintdemetriosastoria.com/,+1-718-728-1718,31st Street,30-50,,4.5,1238.0,,7.0,45
way/280613203,Community Church of Astoria,,Culture,place_of_worship,40.7653907,-73.9324766,Mo-Su 08:00-20:00,default,no,,,Broadway,14-42,,4.1,596.0,,7.0,45
way/280613353,Astoria Baptist Church,,Culture,place_of_worship,40.7666478,-73.9300514,Mo-Su 08:00-20:00,default,no,,,21st Street,31-17,,4.1,382.0,,7.0,45
way/280642402,Saint Rita's Roman Catholic Church,,Culture,place_of_worship,40.7606444,-73.9398129,Mo-Su 08:00-20:00,default,no,,,,,,4.8,618.0,,193.0,45
way/280645196,Evangel Church,,Culture,place_of_worship,40.7538412,-73.9368383,Mo-Su 08:00-20:00,default,no,,,,,,4.6,2701.0,,146.0,45
way/281330790,Saint Patrick's Roman Catholic Church,,Culture,place_of_worship,40.7526041,-73.9357838,Mo-Su 08:00-20:00,default,no,,,,,,4.5,566.0,,146.0,45
way/281336803,New York Central Korean SDA Church,,Culture,place_of_worship,40.7469639,-73.9474225,Mo-Su 08:00-20:00,default,no,,,21st Street,45-11,,4.3,784.0,,145.0,45
way/281336898,Iglesia Ni Cristo Locale of Long Island City,,Culture,place_of_worship,40.7464398,-73.9475989,Mo-Su 08:00-20:00,default,no,https://www.iglesianicristo.net/directory/,,21st Street,45-33,,3.9,1037.0,,145.0,45
way/295335317,Church of the Holy Trinity,,Culture,place_of_worship,40.778345,-73.9495654,Mo-Su 08:00-20:00,default,no,https://www.holytrinity-nyc.org/,,East 88th Street,316,,3.8,2068.0,,263.0,45
way/281346700,First Reformed Church of Astoria,,Culture,place_of_worship,40.7729,-73.9303106,Mo-Su 08:00-20:00,default,no,,,12th Street,27-30,,4.0,939.0,,179.0,45
way/281352890,Saint Irene Chrysovalantou Greek Orthodox Church,,Culture,place_of_worship,40.7725607,-73.9098392,Mo-Su 08:00-20:00,default,no,,,23rd Avenue,36-07,,4.3,650.0,,223.0,45
way/281355306,Grace Lutheran Church,,Culture,place_of_worship,40.777284,-73.9080405,Mo-Su 08:00-20:00,default,no,,,21st Avenue,31-20,,4.4,547.0,,223.0,45
way/281355405,St. Catherine and St. George Church,,Culture,place_of_worship,40.7748976,-73.910783,Mo-Su 08:00-20:00,default,no,,+1-718-545-4796,33rd Street,22-30,,4.5,272.0,,223.0,45
way/281364446,Saint Markella Greek Orthodox Church,,Culture,place_of_worship,40.7770035,-73.9157098,Mo-Su 08:00-20:00,default,no,,,26th Street,22-68,,4.2,3773.0,,223.0,45
way/281366064,Church of the Immaculate Conception,,Culture,place_of_worship,40.7774766,-73.9106039,Mo-Su 08:00-20:00,default,no,,,29th Street,21-47,,3.8,465.0,,223.0,45
way/284868921,Dayspring Church,,Culture,place_of_worship,40.7684941,-73.9450538,Mo-Su 08:00-20:00,default,no,,,,,,4.4,923.0,,202.0,45
way/284879988,Church of the Good Shepherd,,Culture,place_of_worship,40.7618495,-73.9502422,Mo-Su 08:00-20:00,default,no,http://www.goodshepherdchapel.net/,,Main Street,543,,4.3,1183.0,,202.0,45
way/285899562,Edgehill Church of Spuyten Duyvil,,Culture,place_of_worship,40.8803106,-73.9204637,Mo-Su 08:00-20:00,default,no,,,,,,4.4,1943.0,,220.0,45
way/285900671,Fuentidueña Chapel,,Culture,place_of_worship,40.8651462,-73.9317207,Mo-Su 08:00-20:00,default,no,https://www.metmuseum.org/art/collection/search/472507,,,,,4.3,659.0,,243.0,45
way/281346734,St. Margaret Mary Church and Parish Center,,Culture,place_of_worship,40.7734907,-73.930653,Mo-Su 08:00-20:00,default,no,,,27th Avenue,9-18,,4.4,3657.0,,179.0,45
way/279580111,Temple Beth Elohim,,Culture,place_of_worship,40.7065865,-73.955583,Mo-Su 08:00-20:00,default,no,,,Keap Street,274,,4.6,726.0,,217.0,45
way/278326923,St. Vartan Cathedral,St. Vartan Cathedral,Culture,place_of_worship,40.7451462,-73.9752244,Mo-Su 08:00-20:00,default,no,http://www.armenianchurch-ed.net/eastern-diocese/st-vartan-cathedral,,2nd Avenue,630,,3.4,1575.0,,170.0,45
way/274995768,Saint Paul's Chapel,,Culture,place_of_worship,40.8078594,-73.9609516,Mo-Su 08:00-20:00,default,no,,,Amsterdam Avenue,1160,,4.0,744.0,,166.0,45
way/274996134,Church of Notre Dame,,Culture,place_of_worship,40.8051075,-73.9603667,Mo-Su 08:00-20:00,default,no,https://ndparish.org/,+1 212-866-1500,West 114th Street,405,,4.3,931.0,,166.0,45
way/275059307,Roman Catholic Church of the Incarnation,,Culture,place_of_worship,40.8449848,-73.9365274,Mo-Su 08:00-20:00,default,no,,,Saint Nicholas Avenue,1290,,4.4,564.0,,244.0,45
way/275060277,Beth Medrash Hagadol,,Culture,place_of_worship,40.8455215,-73.937391,Mo-Su 08:00-20:00,default,no,,,West 175th Street,610,,4.4,650.0,,244.0,45
way/275060278,Fort Washington Presbyterian Church,,Culture,place_of_worship,40.8453607,-73.9378619,Mo-Su 08:00-20:00,default,no,,,Wadsworth Avenue,21,,4.5,1308.0,,244.0,45
way/275089474,Congregation Shaare Hatikvah,,Culture,place_of_worship,40.8493388,-73.9379134,Mo-Su 08:00-20:00,default,no,,,West 179th Street,711,,3.9,1907.0,,244.0,45
way/275089480,Holy Rood Episcopal Church,,Culture,place_of_worship,40.8493898,-73.9384193,Mo-Su 08:00-20:00,default,no,,,West 179th Street,715,,4.0,1526.0,,244.0,45
way/275096012,Fort Washington Collegiate Church,,Culture,place_of_worship,40.8509796,-73.9375564,Mo-Su 08:00-20:00,default,no,,,West 181st Street,729,,4.3,3481.0,,243.0,45
way/275097230,Congregation Shmuel Yosef VChaya,,Culture,place_of_worship,40.8548349,-73.9372929,Mo-Su 08:00-20:00,default,no,,,Fort Washington Avenue,587,,4.1,604.0,,243.0,45
way/274986253,Riverside Church,,Culture,place_of_worship,40.811997,-73.9630275,Mo-Su 08:00-20:00,default,no,,,Riverside Drive,490,,4.2,627.0,,166.0,45
way/275097255,Hebrew Tabernacle of Washington Heights,,Culture,place_of_worship,40.8536395,-73.9376634,Mo-Su 08:00-20:00,default,no,,,,,,4.5,219.0,,243.0,45
way/275098308,Khal Adath Jeshurun,,Culture,place_of_worship,40.8529841,-73.9350769,Mo-Su 08:00-20:00,default,no,,,Bennett Avenue,85,,3.8,340.0,,243.0,45
way/275099201,Yeshiva Community Shul at Shenk,,Culture,place_of_worship,40.8512532,-73.9314806,Mo-Su 08:00-20:00,default,no,,,West 185th Street,560,,4.5,3143.0,,243.0,45
way/275103020,Saints Anargyroi Greek Orthodox Church,,Culture,place_of_worship,40.8534575,-73.9310852,Mo-Su 08:00-20:00,default,no,https://www.saintsanargyroi.org/,+1-212-568-0367,Saint Nicholas Avenue,1547,,4.2,698.0,,243.0,45
way/275110817,St. Frances Cabrini Shrine,,Culture,place_of_worship,40.8584372,-73.9353308,Mo-Su 08:00-20:00,default,no,https://cabrinishrinenyc.org/,,Fort Washington Avenue,701,,4.2,2026.0,,243.0,45
way/275114059,Kingdom Hall of Jehovah's Witnesses,,Culture,place_of_worship,40.8613252,-73.9264294,Mo-Su 08:00-20:00,default,no,,,,,,3.9,968.0,,243.0,45
way/275116424,Our Lady Queen of Martyrs Roman Catholic Church,,Culture,place_of_worship,40.8636555,-73.9279717,Mo-Su 08:00-20:00,default,no,,,Arden Street,71,,4.5,1194.0,,243.0,45
way/275118793,Saint Jude,,Culture,place_of_worship,40.8628741,-73.9197031,Mo-Su 08:00-20:00,default,no,,,,,,4.3,1781.0,,127.0,45
way/275120593,Dyckman Spanish Seventh Day Adventist,,Culture,place_of_worship,40.8661465,-73.9217028,Mo-Su 08:00-20:00,default,no,,,Vermilyea Avenue,111,,3.3,1375.0,,127.0,45
way/275120913,Mount Washington Presbyterian Church,,Culture,place_of_worship,40.8661184,-73.9232539,Mo-Su 08:00-20:00,default,no,,,Vermilyea Avenue,84,,4.0,184.0,,127.0,45
way/275097676,Fort Tryon Jewish Center,,Culture,place_of_worship,40.8527835,-73.9372895,Mo-Su 08:00-20:00,default,no,,,Fort Washington Avenue,524,,4.4,2400.0,,243.0,45
way/275121196,Holy Trinity Episcopal Church,,Culture,place_of_worship,40.8664121,-73.9265803,Mo-Su 08:00-20:00,default,no,,,,,,4.2,1714.0,,127.0,45
way/274982921,Broadway Presbyterian Church,,Culture,place_of_worship,40.807085,-73.9651704,Mo-Su 08:00-20:00,default,no,http://www.bpcnyc.org/#/directions-contact,,,,,4.8,2290.0,,166.0,45
way/271912606,Antioch Baptist Church,,Culture,place_of_worship,40.8141695,-73.9565322,Mo-Su 08:00-20:00,default,no,Antioch Baptist Church,,West 125th Street,515,,4.8,1448.0,,152.0,45
way/271830367,Victory Tabernacle Seventh Day Christian Church,,Culture,place_of_worship,40.8180423,-73.9448393,Mo-Su 08:00-20:00,default,no,,,West 138th Street,252,,4.2,222.0,,42.0,45
way/271833728,New Mount Zion Baptist Church,,Culture,place_of_worship,40.8183945,-73.9406427,Mo-Su 08:00-20:00,default,no,,,West 140th Street,171,,4.1,407.0,,42.0,45
way/48598139,Memorial Gore,,Park,garden,40.7148711,-73.9423756,24/7,default,no,,,,,,5.0,3040.0,,80.0,60
way/271872145,St. Paul Community Church,,Culture,place_of_worship,40.8222266,-73.9411784,Mo-Su 08:00-20:00,default,no,,+1 212-234-1714,West 145th Street,256,,4.2,1243.0,,42.0,45
way/271885510,Saint James Presbyterian Church,,Culture,place_of_worship,40.8215776,-73.9463564,Mo-Su 08:00-20:00,default,no,,,West 141st Street,409,,4.2,3104.0,,116.0,45
way/271885591,Saint Luke's Church,,Culture,place_of_worship,40.8221091,-73.9475633,Mo-Su 08:00-20:00,default,no,,,West 141st Street,435,,4.0,934.0,,116.0,45
way/354587586,Central Park Zoo,,Zoo,zoo,40.7677015,-73.9716988,Nov-Mar: 10:00-16:00; Apr-Oct: 10:00-17:00,osm,no,https://centralparkzoo.com/,+1 212-439-6500,,,,4.2,1043.0,,43.0,150
way/108111425,Tisch's Children Zoo,,Zoo,zoo,40.7684708,-73.9705034,Mo-Su 10:00-17:00,default,no,,,,,,4.2,2912.0,,43.0,150
way/271893758,Saint Joseph of the Holy Family Church,,Culture,place_of_worship,40.8117627,-73.9540515,Mo-Su 08:00-20:00,default,no,,,West 125th Street,405,,4.0,459.0,,166.0,45
way/271912608,St. Mary's Episcopal Church Harlem,,Culture,place_of_worship,40.8148864,-73.9560802,Mo-Su 08:00-20:00,default,no,https://stmarysharlem.org,,West 126th Street,517,,3.7,748.0,,152.0,45
way/1349122395,Anat Egbi,,Museum,gallery,40.7175972,-74.002932,Tu-Sa 11:00-18:00,osm,no,https://anatebgi.com,+1-646-927-3513,Broadway,372,,3.8,3673.0,,231.0,120
way/249664383,a83,,Museum,gallery,40.7215845,-74.0026147,We-Su 12:00-18:00; Mo-Tu closed,osm,no,https://a83.site,,Grand Street,83,,4.2,1095.0,,211.0,120
way/247920477,Sperone Westwater,,Museum,gallery,40.7231513,-73.9925667,Tu-Sa 10:00-18:00,osm,no,https://www.speronewestwater.com/,,Bowery,257,,4.4,5844.0,,148.0,120
way/247850404,Hauser & Wirth,,Museum,gallery,40.7255943,-73.9996082,Mo-Fr 10:00-6:00,osm,no,,+1 212-542-5660,Wooster Street,134,,3.6,2192.0,,211.0,120
way/271896284,Holy Fathers Russian Orthodox Church,,Culture,place_of_worship,40.8306477,-73.9454609,Mo-Su 08:00-20:00,default,no,https://eadiocese.org/parishes.html?type=details&id=89,+1-212-281-3992,West 153rd Street,524,,4.1,1368.0,,116.0,45
way/271896287,Saint Luke Church,,Culture,place_of_worship,40.8302706,-73.9443581,Mo-Su 08:00-20:00,default,no,https://www.thelukenyc.org/,,Amsterdam Avenue,1872,,4.3,438.0,,116.0,45
way/271896289,St. Catherine of Genoa's Church,,Culture,place_of_worship,40.8303105,-73.9446212,Mo-Su 08:00-20:00,default,no,,,West 153rd Street,502,,4.1,423.0,,116.0,45
way/271912600,Templo Biblico,,Culture,place_of_worship,40.8145309,-73.9557187,Mo-Su 08:00-20:00,default,no,https://templobiblico126.com,,West 126th Street,503,,4.6,813.0,,152.0,45
way/664903764,Lenfest Center for the Arts,,Museum,gallery,40.8172335,-73.9586965,Tu-Su 10:00-17:00,default,yes,,,West 130th Street;West 129th Street,615,,5.0,1905.0,,152.0,120
way/278346592,Saint Thomas Episcopal Church,,Culture,place_of_worship,40.7608432,-73.9762822,Mo-Su 08:00-20:00,default,no,https://www.saintthomaschurch.org/,,West 53rd Street,1,,4.0,238.0,,161.0,45
way/275251184,Saint Lukes Roman Catholic Church,,Culture,place_of_worship,40.8062624,-73.9155275,Mo-Su 08:00-20:00,default,no,,,East 138th Street,623,,3.6,225.0,,168.0,45
way/275261419,Thessalonica Christian Church,,Culture,place_of_worship,40.8091221,-73.9162973,Mo-Su 08:00-20:00,default,no,,,Saint Anns Avenue,313,,4.3,1201.0,,168.0,45
way/276420114,Saint Stephens English Methodist Church,,Culture,place_of_worship,40.8769246,-73.9090575,Mo-Su 08:00-20:00,default,no,,,,,,3.6,1637.0,,153.0,45
way/277904749,Saint Peter's Church,,Culture,place_of_worship,40.7123689,-74.0095718,Mo-Su 08:00-20:00,default,no,,,Barclay Street,22,,4.0,899.0,,231.0,45
way/278033625,St. Nicholas Greek Orthodox Church,,Culture,place_of_worship,40.710143,-74.0132253,Mo-Su 08:00-20:00,default,no,https://stnicholaswtc.org/,,Liberty Street,130,,4.8,1639.0,,261.0,45
way/278039438,John Street Methodist Church,,Culture,place_of_worship,40.7090902,-74.0081499,Mo-Su 08:00-20:00,default,no,https://www.johnstreetchurch.org/,,John Street,44,,4.1,392.0,,87.0,45
way/278039453,Trinity Church,,Culture,place_of_worship,40.708055,-74.0122157,Mo-Su 08:00-20:00,default,no,https://www.trinitywallstreet.org/,,Broadway,,,3.4,450.0,,261.0,45
way/278053534,Shrine of Saint Elizabeth Ann Bayley Seton,,Culture,place_of_worship,40.7026659,-74.0136926,Mo-Su 08:00-20:00,default,no,,,State Street,8,,4.1,363.0,,88.0,45
way/278069550,Church of Our Lady of Victory,,Culture,place_of_worship,40.7070139,-74.0087164,Mo-Su 08:00-20:00,default,no,https://www.wscya.org/olov/,,,,,4.2,850.0,,87.0,45
way/278084913,Kingdom Hall of Jehovah's Withesses,,Culture,place_of_worship,40.7091393,-74.0016207,Mo-Su 08:00-20:00,default,no,,,,,,4.1,475.0,,209.0,45
way/278087812,Wall Street Synagogue,,Culture,place_of_worship,40.7099809,-74.0054866,Mo-Su 08:00-20:00,default,no,https://wallstreetsynagogue.org/,+1 212-227-7542,Beekman Street,47,,4.3,1139.0,,209.0,45
way/276418183,Church of the Mediator,,Culture,place_of_worship,40.8797337,-73.9073474,Mo-Su 08:00-20:00,default,no,https://www.churchofthemediator.org/,,Kingsbridge Avenue,3053,,3.8,2473.0,,220.0,45
way/278106870,St. James Church,,Culture,place_of_worship,40.7122393,-73.9984918,Mo-Su 08:00-20:00,default,no,,,James Street,32,,4.2,812.0,,45.0,45
way/278112880,St. Andrew Church,,Culture,place_of_worship,40.7133394,-74.002667,Mo-Su 08:00-20:00,default,no,,,Cardinal Hayes Place,20,,4.4,964.0,,45.0,45
way/278241648,First Chinese Presbyterian Church,,Culture,place_of_worship,40.7131882,-73.9947657,Mo-Su 08:00-20:00,default,no,http://www.fcpc.org/,,Market Street,19,,4.5,1006.0,,45.0,45
way/278245571,St. Teresa's Church,,Culture,place_of_worship,40.7135419,-73.9904648,Mo-Su 08:00-20:00,default,no,,,Rutgers Street,,,4.0,1068.0,,232.0,45
way/278256373,Primative Christian Church,,Culture,place_of_worship,40.7140281,-73.9877683,Mo-Su 08:00-20:00,default,no,https://www.primitivechurch.org,+1-212-673-7868,East Broadway,207,,3.8,872.0,,232.0,45
way/278256429,Young Israel,,Culture,place_of_worship,40.714389,-73.9819037,Mo-Su 08:00-20:00,default,no,https://www.yimanhattan.org/,,Grand Street,519,,4.2,677.0,,232.0,45
way/278256447,St. Augustine's Church,,Culture,place_of_worship,40.7137505,-73.9831842,Mo-Su 08:00-20:00,default,no,https://staugnyc.org/,,Henry Street,290,,4.2,177.0,,232.0,45
way/278284165,Congregation Chasam Sofer,,Culture,place_of_worship,40.7209217,-73.9838671,Mo-Su 08:00-20:00,default,no,http://www.chasamsopher.org/,,Clinton Street,10,,4.0,861.0,,232.0,45
way/278284295,The Stanton Street Shul,,Culture,place_of_worship,40.7202656,-73.9838591,Mo-Su 08:00-20:00,default,no,https://www.stantonstshul.com/,,Stanton Street,180,,4.3,351.0,,232.0,45
way/278326137,Chapel of the Sacred Hearts of Jesus & Mary,,Culture,place_of_worship,40.7438307,-73.9750364,Mo-Su 08:00-20:00,default,no,,,East 33rd Street,325,,4.6,400.0,,137.0,45
way/278106874,Mariners Temple,,Culture,place_of_worship,40.7129684,-73.9977079,Mo-Su 08:00-20:00,default,no,www.marinerstemple.org,,Henry Street,3,,4.5,1125.0,,45.0,45
way/275258616,Iglesia Bautista Misionera,,Culture,place_of_worship,40.8072623,-73.9209948,Mo-Su 08:00-20:00,default,no,,,East 137th Street,470,,4.0,3310.0,,168.0,45
way/276418181,Roman Catholic Church of Saint John,,Culture,place_of_worship,40.8792631,-73.9076731,Mo-Su 08:00-20:00,default,no,https://stjohnvisitationparish.org/english/?option=com_content&view=article&id=2&Itemid=101,,Kingsbridge Avenue,3033,,3.8,1668.0,,220.0,45
way/276251584,Holy Spirit Catholic Church,,Culture,place_of_worship,40.8535479,-73.9120311,Mo-Su 08:00-20:00,default,no,https://holyspiritchurchbronx.org/,+1 718-583-0120,University Avenue,1940,,4.6,467.0,,235.0,45
way/275261552,Saint Ann's Episcopal Church,,Culture,place_of_worship,40.8084858,-73.9169796,Mo-Su 08:00-20:00,default,no,,,Saint Anns Avenue,295,,4.7,654.0,,168.0,45
way/275276735,Mott Haven Reformed Church,,Culture,place_of_worship,40.8149461,-73.9211854,Mo-Su 08:00-20:00,default,no,,,East 146th Street,348,,4.3,985.0,,168.0,45
way/275280782,Saint Pius V Roman Catholic Church,,Culture,place_of_worship,40.813026,-73.9191052,Mo-Su 08:00-20:00,default,no,,,East 145th Street,416,,4.2,1530.0,,168.0,45
way/275283224,Saint Roch's Roman Catholic Church,,Culture,place_of_worship,40.8122452,-73.9077296,Mo-Su 08:00-20:00,default,no,,,Wales Avenue,525,,4.5,197.0,,168.0,45
way/275288849,Immaculate Conception Church of the Blessed Virgin Mary,,Culture,place_of_worship,40.8172278,-73.9179999,Mo-Su 08:00-20:00,default,no,https://iccmelrose.com,+1 718-292-6970,East 150th Street,381,,4.7,211.0,,159.0,45
way/275310649,Greater Eternal Baptist Church,,Culture,place_of_worship,40.8204604,-73.9136837,Mo-Su 08:00-20:00,default,no,,,Elton Avenue,746,,4.6,1970.0,,159.0,45
way/275313987,Saint Davis's,,Culture,place_of_worship,40.823565,-73.9148195,Mo-Su 08:00-20:00,default,no,,,East 160th Street,384,,3.8,575.0,,167.0,45
way/275314820,Epworth Methodist Church,,Culture,place_of_worship,40.8244498,-73.9187419,Mo-Su 08:00-20:00,default,no,,,Concourse Village East,834,,3.8,673.0,,69.0,45
way/276258163,Calvary Methodist Church,,Culture,place_of_worship,40.8527012,-73.913598,Mo-Su 08:00-20:00,default,no,,,Doctor Martin Luther King Junior Boulevard,1885,,4.1,1492.0,,235.0,45
way/275317414,Church of Saints Peter and Paul,,Culture,place_of_worship,40.8216195,-73.9100416,Mo-Su 08:00-20:00,default,no,,,Saint Anns Avenue,833,,4.7,2443.0,,159.0,45
way/275319920,Grace Gospel Church,,Culture,place_of_worship,40.8251971,-73.9069061,Mo-Su 08:00-20:00,default,no,,,East 164th Street,589,,4.0,676.0,,167.0,45
way/275322912,African Methodist Episcopal Zion Church,,Culture,place_of_worship,40.8259199,-73.9073252,Mo-Su 08:00-20:00,default,no,https://amez.org/,,Boston Road,1015,,3.6,419.0,,167.0,45
way/275351153,Sacred Heart Roman Catholic Church,,Culture,place_of_worship,40.8385505,-73.9235719,Mo-Su 08:00-20:00,default,no,,,Shakespeare Avenue,1253,,4.5,2913.0,,119.0,45
way/275353421,Iglesia De Dios Pentecostal,,Culture,place_of_worship,40.83923,-73.918941,Mo-Su 08:00-20:00,default,no,,,Jerome Avenue,1345,,3.8,498.0,,119.0,45
way/276121947,Islamia Sunna Wal Jam'ah,,Culture,place_of_worship,40.8489987,-73.9101615,Mo-Su 08:00-20:00,default,no,,,Mt Hope Place,24,,4.2,1000.0,,169.0,45
way/276140799,Saint Edmunds Episcopal Church,,Culture,place_of_worship,40.8499828,-73.9082065,Mo-Su 08:00-20:00,default,no,,,Morris Avenue,1905,,3.9,1123.0,,169.0,45
way/276140800,Saint Margaret Mary Roman Catholic Church,,Culture,place_of_worship,40.8501445,-73.9075737,Mo-Su 08:00-20:00,default,no,,,Morris Avenue,1914,,4.0,790.0,,169.0,45
way/276249034,Featherbed Lane Presbyterian Church,,Culture,place_of_worship,40.8464783,-73.9203646,Mo-Su 08:00-20:00,default,no,,,Featherbed Lane,141B,,4.4,804.0,,235.0,45
way/275319884,Bethany Lutheran Church,,Culture,place_of_worship,40.8241129,-73.907822,Mo-Su 08:00-20:00,default,no,,,East 163rd Street,585,,4.0,732.0,,167.0,45
way/518696795,St. Joseph Cursillo Center,,Culture,place_of_worship,40.8789665,-73.9086063,Mo-Su 08:00-20:00,default,no,,,,,,4.2,595.0,,220.0,45
way/162755458,Paley Center for Media,,Museum,museum,40.760591,-73.9775846,We-Su 12:00-18:00; Jan 01 off; Jul 04 off; Nov Th[4] off; Dec 25 off,osm,yes,https://www.paleycenter.org/,,West 52nd Street,25,,4.5,1578.0,,161.0,120
way/109269297,Museum of Arts and Design,,Museum,museum,40.7673824,-73.9820053,Tu-Su 10:00-18:00; Oct 14 off,osm,yes,https://www.madmuseum.org/,+1 212-299-7777,Columbus Circle,2,,4.5,1531.0,,163.0,120
way/903942434,Saint Nicholas Avenue,,Landmark,memorial,40.8423974,-73.939071,24/7,default,no,,,,,This honorary street name memorializes Juan Pablo Duarte.,4.6,1344.0,,244.0,30
way/959930316,Eternal Light Flagstaff,,Landmark,memorial,40.7420586,-73.9887138,24/7,default,no,,,,,,4.1,1430.0,,234.0,30
way/962669696,Broadway,Broadway,Landmark,memorial,40.8606937,-73.9306715,24/7,default,no,,,,,This honorary street name memorializes Juan Rodriguez.,3.5,405.0,,243.0,30
way/170149134,Guggenheim Museum,,Museum,museum,40.7829919,-73.9588842,Mo-Su 10:30-17:30; Nov Th[4] off; Dec 24 10:30-16:00; Dec 25 off,osm,yes,https://www.guggenheim.org/new-york,+1 212-423-3500,5th Avenue,1071,Hint: Saturdays 18:00-20:00 Pay-What-You-Wish Admission,3.9,2242.0,,236.0,120
way/1007846636,Edgecombe Avenue,,Landmark,memorial,40.8371485,-73.9367112,24/7,default,no,,,,,This honorary street name memorializes Paul Robeson.,4.8,5959.0,,120.0,30
way/1124734562,Soldiers' Monument,,Landmark,memorial,40.7084317,-74.0114478,24/7,default,no,,,,,,4.4,1492.0,,261.0,30
way/1127609567,Titanic Memorial Lighthouse,,Landmark,memorial,40.7074001,-74.0038607,24/7,default,no,,,,,,3.4,647.0,,209.0,30
way/1146402190,Amsterdam Avenue,,Landmark,memorial,40.8388481,-73.9376528,24/7,default,no,,,,,This honorary street name memorializes Normandía Maldonado.,3.8,608.0,,244.0,30
way/1266344612,Chelsea Piers Section Improvement,,Landmark,memorial,40.7479945,-74.0090083,24/7,default,no,,,,,,4.0,685.0,,246.0,30
way/1015975228,American Merchant Mariners' Memorial,,Landmark,memorial,40.7039909,-74.0178021,24/7,default,no,,,,,"Four merchant seamen with their sinking vessel. During high tide, one is completely covered by the water.",3.3,1819.0,,13.0,30
way/241833272,The Ukrainian Museum,,Museum,museum,40.7276617,-73.9897653,We-Su 12:00-18:00,osm,yes,https://www.theukrainianmuseum.org/,+1 212 228 0110,East 6th Street,222,,3.9,2421.0,,79.0,120
way/249664327,The Drawing Center,,Museum,museum,40.7224437,-74.0028908,We-Su 12:00-18:00,osm,no,https://drawingcenter.org,+1-212-219-2166,Wooster Street,35,,5.0,958.0,,211.0,120
way/278033604,9/11 Memorial & Museum,9/11 Memorial & Museum,Museum,museum,40.711456,-74.0127418,"Mo-Th 09:00-20:00, Fr-Sa 09:00-21:00, Su 09:00-20:00",osm,yes,https://www.911memorial.org/,,Greenwich Street,180,,3.4,1590.0,,261.0,120
way/275014150,Morris-Jumel Mansion,,Museum,museum,40.8344678,-73.9385796,"Th 13:00-16:00; Fr,Sa 11:00-16:00",osm,limited,https://www.morrisjumel.org/,,,,,4.7,9581.0,,244.0,120
way/271922197,General Grant National Memorial,,Museum,museum,40.8134537,-73.9630506,Tu-Su 10:00-17:00,default,no,,,Riverside Drive,501,,3.9,2975.0,,166.0,120
way/271885447,Hamilton Grange National Memorial,,Museum,museum,40.82136,-73.9473012,Tu-Su 10:00-17:00,default,yes,https://www.nps.gov/hagr/index.htm,,West 141st Street,414,"In 1801, Hamilton hired John McComb Jr. to design his country home in Harlem. Hamilton’s impact on society reaches far beyond New York City, but it was the backdrop to his many personal and professional developments.",4.1,1837.0,,152.0,120
way/271592477,National Museum of Catholic Art and History,,Museum,museum,40.7949253,-73.934369,Tu-Su 10:00-17:00,default,no,,,East 115th Street,443,,5.0,600.0,,74.0,120
way/271274003,El Museo Del Barrio,,Museum,museum,40.7931062,-73.9513946,"Th-Su 11:00-17:00; Sep 04-Oct 10 off; Jan 01, Jul 04, Nov Th[4], Dec 25 off",osm,yes,https://elmuseo.org/,,5th Avenue,1230,,4.4,2907.0,,75.0,120
way/271220752,Museum of the City of New York,,Museum,museum,40.792506,-73.9519079,"Mo-Fr 10:00-17:00; Sa-Su 10:00-18:00; Jan 01, Nov Th[4], Dec 25 off",osm,yes,https://www.mcny.org/,,5th Avenue,1220,,4.7,2163.0,,75.0,120
way/271205008,Nicholas Roerich Museum,,Museum,museum,40.802929,-73.9690037,"Tu-Fr 12:00-16:00, Sa, Su 12:00-17:00, Dec 25 off, Nov Th[4] off, Jan 01 off, Jul 04 off",osm,limited,https://www.roerich.org/,,West 107th Street,319,,4.4,1462.0,,24.0,120
way/270901657,Children's Museum of Manhattan,,Museum,museum,40.7858798,-73.9773343,Tu-Su 10:00-17:00,osm,limited,https://www.cmom.org/,,West 83rd Street,212,,4.4,1519.0,,239.0,120
way/247838607,Merchant's House Museum,,Museum,museum,40.7276576,-73.9923438,Sep-May Th-Su 13:00-17:00; Jun-Aug We-Su 13:00-17:00; PH off,osm,no,https://merchantshouse.org/,,East 4th Street,29,,4.5,1488.0,,113.0,120
way/266940107,The Jewish Museum,,Museum,museum,40.7854051,-73.957186,"Th-Mo 11:00-16:00; Tu-We off; Oct 03-04, Oct 12, Nov 28 off; Oct 11 11:00-15:00; Apr 12 11:00-15:00",osm,yes,https://thejewishmuseum.org,+1-212-423-3200,5th Avenue,1109,,4.4,1953.0,,236.0,120
way/266934250,Institute for the Study of the Ancient World,,Museum,museum,40.7799803,-73.9602334,Tu-Su 10:00-17:00,default,no,https://isaw.nyu.edu/,+1 212-992-7800,East 85th Street,15,,4.7,1919.0,,236.0,120
way/266926168,"Cooper–Hewitt, Smithsonian Design Museum","Cooper–Hewitt, Smithsonian Design Museum",Museum,museum,40.7842886,-73.9577609,Sep 05-Nov 01 off; Mo-Su 10:00-18:00; Nov Th[4] off; Dec 25 off,osm,yes,https://www.cooperhewitt.org/,+1 212-849-8400,East 91st Street,2,,3.7,5488.0,,236.0,120
way/266894185,Frick Collection,,Museum,museum,40.7712772,-73.967146,"Mo,We-Su 10:30-17:30",osm,no,http://www.frick.org/,+1-212-288-0700,East 70th Street,1,,4.0,1185.0,,237.0,120
way/266887857,Asia Society,,Museum,museum,40.7698384,-73.9642913,"Tu-Su 11:00-18:00; Jul 03, Nov 27, Dec 24, Dec 31 11:00-14:00; Jan 01 off; Nov 05 off; Nov Th[4] off; Dec 25 off",osm,yes,https://asiasociety.org/new-york,,Park Avenue,725,,4.1,6005.0,,237.0,120
way/266199252,Mount Vernon Hotel Museum,,Museum,museum,40.7605217,-73.9597128,Tu-Su 10:00-17:00,default,no,https://mvhm.org/,,East 61st Street,421,,3.6,24614.0,,140.0,120
way/265357846,Intrepid Museum,,Museum,museum,40.7645198,-73.9995256,"Apr 01-Sep 30 Mo-Fr 10:00-17:00; Apr 01-Sep 30 Sa,Su, PH 10:00-18:00; Oct 01-Mar 31 10:00-17:00; Nov Th[4] off; Dec 25 off",osm,yes,https://www.intrepidmuseum.org/,,West 46th Street,86,"Museum of Marine, Aircraft and Space",4.7,2391.0,,50.0,120
way/250402662,Brooklyn Bridge Park Environmental Education Center,,Museum,museum,40.7040995,-73.9892573,Tu-Su 10:00-17:00,default,yes,https://www.brooklynbridgepark.org/activities/classroom,,Plymouth Street,99,,4.3,2513.0,,66.0,120
way/250267911,Museum at Eldridge Street,,Museum,museum,40.7147291,-73.993461,Mo-Su 10:00-17:00; Sa off; Dec 31-Jan 01 off; Nov Th[4] off; Nov Fr[4] off,osm,yes,https://www.eldridgestreet.org/,,Eldridge Street,12,,4.5,3351.0,,148.0,120
way/249664614,New York City Fire Museum,,Museum,museum,40.7255756,-74.0069355,"24/7 off ""Temporarily closed until further notice""",osm,yes,https://www.nycfiremuseum.org/,,Spring Street,278,,4.5,2148.0,,125.0,120
way/266934254,Neue Galerie New York,,Museum,museum,40.7812191,-73.9602374,Mo-Su 11:00-18:00; Tu off; Fr[1] 11:00-20:00,osm,yes,https://www.neuegalerie.org/,,5th Avenue,1048,,4.2,1772.0,,236.0,120
way/278346578,MoMA,,Museum,museum,40.761612,-73.9775451,Mo-Su 10:30-17:30; Sa 10:30-19:00; Dec 25 off; Nov Th[4] off,osm,yes,https://www.moma.org/,,West 53rd Street,11,,4.2,4953.0,,161.0,120
way/1442850427,Fort Washington Avenue,,Landmark,memorial,40.8421356,-73.9422927,24/7,default,no,,,,,"The Herbert Irving Comprehensive Cancer Center at New York Presbyterian Hospital provides state of the art care for patients with various types of cancer, as well as supporting community programs, such as providing free mammograms for uninsured women. Flo",4.3,95.0,,244.0,30
way/1452415234,West 173rd Street,,Landmark,memorial,40.8458392,-73.9416232,24/7,default,no,,,,,This honorary street name memorializes Guadalupe Rodriguez.,4.4,1168.0,,244.0,30
way/1452454292,West 155th Street,,Landmark,memorial,40.8282124,-73.9350329,24/7,default,no,,,,,This honorary street name memorializes Charles Hamilton Houston.,4.1,732.0,,42.0,30
way/1452145328,West 159th Street,,Landmark,memorial,40.834276,-73.9415139,24/7,default,no,,,,,This honorary street name memorializes Lucille Bulger,4.5,2134.0,,244.0,30
way/1442853477,West 161st Street,,Landmark,memorial,40.8375783,-73.945489,24/7,default,no,,,,,Agripina Núñez immigrated to the United States in 1975. She was a parishioner of the Our Lady of Esperanza Church in Manhattan for 44 years and was very involved in causes for the poor and underserved communities. She served as president of the 894 Rivers,3.8,1384.0,,244.0,30
way/1442856572,West 184th Street,,Landmark,memorial,40.8508001,-73.9317334,24/7,default,no,,,,,"Louis M. Beltre was born on April 11, 1975 in New York City to Altagracia and Manuel Beltre. He was raised on 184th Street in Washington Heights, from where he attended John F. Kennedy High School in The Bronx. After high school, Louis continued his educa",3.7,331.0,,243.0,30
way/1450119818,West 183rd Street,,Landmark,memorial,40.8496102,-73.9307252,24/7,default,no,,,,,This honorary intersection name memorializes Rafael A. Estevez,3.8,1993.0,,243.0,30
way/1452119842,Cabrini Boulevard,,Landmark,memorial,40.8550877,-73.9383265,24/7,default,no,,,,,This honorary street name memorializes Jacob Birnbaum,4.5,1507.0,,243.0,30
way/1452124855,West 180th Street,,Landmark,memorial,40.848868,-73.934813,24/7,default,no,,,,,This honorary street name memorializes Staff Sgt. Riayan Agusto Tejeda,4.4,1511.0,,243.0,30
way/1452129970,West 174th Street,,Landmark,memorial,40.845399,-73.9385554,24/7,default,no,,,,,This honorary street name memorializes Freddy Beras-Goico,3.8,1412.0,,244.0,30
way/1452133605,Vermilyea Avenue,,Landmark,memorial,40.8649569,-73.9255134,24/7,default,no,,,,,This honorary street name memorializes Thomas C. Brick,4.4,1828.0,,127.0,30
way/1452137222,West 160th Street,,Landmark,memorial,40.8344915,-73.940045,24/7,default,no,,,,,This honorary street name memorializes Count Basie,4.6,1762.0,,244.0,30
way/1452137604,West 165th Street,,Landmark,memorial,40.8387044,-73.9396012,24/7,default,no,,,,,This honorary street name memorializes Luís Días,4.2,2354.0,,244.0,30
way/1452139902,West 168th Street,,Landmark,memorial,40.8416382,-73.9410747,24/7,default,no,,,,,This honorary street name memorializes Dr. Norbert Sander,4.1,493.0,,244.0,30
way/1452142353,West 169th Street,,Landmark,memorial,40.8428205,-73.9420152,24/7,default,no,,,,,This honorary street name memorializes Edith Kamiat,4.0,551.0,,244.0,30
way/1452144343,West 166th Street,,Landmark,memorial,40.8394329,-73.9395608,24/7,default,no,,,,,This honorary street name memorializes Altagracia Diloné Levat,3.8,890.0,,244.0,30
way/278963033,Building 92,,Museum,museum,40.6981985,-73.9734354,Tu-Su 10:00-17:00,default,no,,,,,,4.0,1563.0,,34.0,120
way/280571506,Museum of the Moving Image,,Museum,museum,40.7562971,-73.9239196,Th 14:00-18:00; Fr 14:00-20:00; Sa-Su 12:00-18:00,osm,no,https://movingimage.org/,+1-718-777-6800,35th Avenue,36-01,,3.6,2372.0,,7.0,120
way/288749896,Whitney Museum of American Art,,Museum,museum,40.739633,-74.0089385,Mo-Su 10:30-18:00; Tu off; Fr 10:30-22:00,osm,yes,https://www.whitney.org/,+1-212-570-3600,Gansevoort Street,99,,4.3,1040.0,,158.0,120
way/5671645,Sickles Street,,Landmark,memorial,40.861645,-73.9279607,24/7,default,no,,,,,This honorary street name memorializes Santiago Cerόn,3.5,543.0,,243.0,30
way/5672053,West 162nd Street,,Landmark,memorial,40.8352794,-73.9386645,24/7,default,no,,,,,This honorary street name memorializes Emmett W. Bassett,3.8,471.0,,244.0,30
way/60813032,Riverside Drive,,Landmark,memorial,40.8343027,-73.9489971,24/7,default,no,,,,,This honorary street name memorializes Robert Lowery.,4.0,201.0,,244.0,30
way/129835611,National September 11 Memorial & Museum,National September 11 Memorial & Museum,Landmark,memorial,40.7115548,-74.0131702,24/7,default,yes,https://www.911memorial.org/,,Greenwich Street,180,,4.4,371.0,,261.0,30
way/165453010,Riverside Drive West,,Landmark,memorial,40.835392,-73.948834,24/7,default,no,,,,,This honorary street name memorializes Robert Lowery.,4.1,1248.0,,244.0,30
way/628329219,Marble Collegiate Church,,Culture,place_of_worship,40.7456801,-73.9871407,Mo-Su 08:00-20:00,default,no,https://www.marblechurch.org/,,,,,4.5,367.0,,164.0,45
way/768662427,Roman Catholic Church of the Transfiguration,,Culture,place_of_worship,40.7054316,-73.9558504,Mo-Su 08:00-20:00,default,no,,+1-718-388-8773,Marcy Avenue,263,,4.0,627.0,,217.0,45
way/954178927,Church of the Ascension,,Culture,place_of_worship,40.8018658,-73.9663286,Mo-Su 08:00-20:00,default,no,,,,,,4.3,934.0,,24.0,45
way/1026414196,Kingdom Hall of Jehovah’s Witnesses,,Culture,place_of_worship,40.8241368,-73.9419098,Mo-Su 08:00-20:00,default,no,,,Bradhurst Avenue,88-90,,4.5,716.0,,42.0,45
way/576185021,Peter Stuyvesant,,Landmark,memorial,40.7340256,-73.9842986,24/7,default,yes,,,,,,3.1,898.0,,107.0,30
way/693648911,Haven Avenue,,Landmark,memorial,40.8424641,-73.9427458,24/7,default,no,,,,,This honorary street name memorializes Joe Hintersteiner.,4.7,2097.0,,244.0,30
way/1233699772,Museum of Chinese in America,,Museum,museum,40.7194554,-73.9991571,"Tu, We, Fr-Su 11:00-18:00; Th 11:00-21:00",osm,limited,https://www.mocanyc.org,+1-855-955-6622,Centre Street,215,,4.3,2341.0,,144.0,120
way/705811842,Poster House,,Museum,museum,40.7435904,-73.9933334,"We-Mo 11:00-18:00, Tu off",osm,yes,https://posterhouse.org/,+1 917-722-2439,West 23rd Street,119,,4.1,1553.0,,90.0,120
way/586476446,Madame Tussauds New York,,Museum,museum,40.7562117,-73.9884505,"Mo-Fr 10:00-19:00; Sa,Su 10:00-21:00",osm,yes,https://www.madametussauds.com/new-york/,,West 42nd Street,234,,4.5,5239.0,,100.0,120
way/388436810,American Museum of Natural History,American Museum of Natural History,Museum,museum,40.7810986,-73.974211,Mo-Su 10:00-17:30,osm,yes,https://www.amnh.org/,+1 212-769-5100,Central Park West,180,"The American Museum of Natural History is a natural history museum on the Upper West Side of Manhattan in New York City. In Theodore Roosevelt Park, across the street from Central Park, the museum complex comprises 26 interconnected buildings.",4.3,1395.0,,239.0,120
way/383689939,The Noguchi Museum,,Museum,museum,40.7668672,-73.9377901,"Mo, Tu off; We-Su 11:00-18:00; Dec 25 off;",osm,yes,https://www.noguchi.org/,+1 718-204-7088,33rd Road,9-01,,4.3,3235.0,,7.0,120
way/370574294,MoMA PS1,,Museum,museum,40.7455513,-73.9474943,Tu-Su 10:00-17:00,default,no,https://momaps1.org/,,,,,3.8,318.0,,145.0,120
way/551646028,West 157th Street,,Landmark,memorial,40.8334531,-73.9433971,24/7,default,no,,,,,This honorary street name memorializes Juan M. Díaz,3.9,376.0,,244.0,30
way/471550476,New York City AIDS Memorial,,Landmark,memorial,40.7374205,-74.0014114,24/7,default,no,,,,,,3.9,888.0,,249.0,30
way/241051236,Franklin Delano Roosevelt,,Landmark,memorial,40.7498375,-73.9612685,24/7,default,no,,,,,,3.9,3196.0,,202.0,30
way/242514169,West 170th Street,,Landmark,memorial,40.8429548,-73.9404595,24/7,default,no,,,,,Mary Jane Matos volunteered for the deaf and blind in high school and volunteered in the Jr. Red Cross at East 19th Street Hospital. She became an Auxiliary Police Officer in the 34th Precinct for five years. She also worked for the Board of Education and,4.2,1271.0,,244.0,30
way/250373213,Brooklyn War Memorial,,Landmark,memorial,40.6984434,-73.9906261,24/7,default,no,https://www.nycgovparks.org/parks/cadman-plaza-park-and-brooklyn-war-memorial/monuments/177,,Cadman Plaza East,172,,4.3,402.0,,65.0,30
way/278076368,100 Old Slip - New York City Police Museum,,Landmark,memorial,40.7034935,-74.0081349,24/7,default,yes,,,Old Slip,100,,4.5,941.0,,87.0,30
way/320784249,East Coast Memorial,,Landmark,memorial,40.7020625,-74.0160101,24/7,default,yes,,,,,,4.4,424.0,,12.0,30
way/385307346,Kimlau War Memorial,,Landmark,memorial,40.7134967,-73.9981305,24/7,default,no,,,,,,3.5,1923.0,,45.0,30
way/271828025,Beulah Wesleyan Methodist Church,,Culture,place_of_worship,40.8166054,-73.9441356,Mo-Su 08:00-20:00,default,no,,,West 136th Street,219-223,,4.3,388.0,,42.0,45
way/271827342,Saint Mark's Roman Catholic Church,,Culture,place_of_worship,40.8158877,-73.9385355,Mo-Su 08:00-20:00,default,no,,,West 138th Street,59,,3.9,1968.0,,42.0,45
way/271872131,Union Baptist Church,,Culture,place_of_worship,40.8220909,-73.940895,Mo-Su 08:00-20:00,default,no,,+1 212-862-3002,West 145th Street,240,,3.8,2977.0,,42.0,45
way/271824433,Saint Philip's Episcopal Church,,Culture,place_of_worship,40.8147585,-73.945188,Mo-Su 08:00-20:00,default,no,,,West 133rd Street,213,,3.9,1333.0,,42.0,45
way/250268979,Bialystoker Synagogue,,Culture,place_of_worship,40.7155623,-73.9833139,Mo-Su 08:00-20:00,default,no,,,,,,4.1,1296.0,,232.0,45
way/250269735,St. Veronica's Church,,Culture,place_of_worship,40.7330046,-74.0080606,Mo-Su 08:00-20:00,default,no,,,Christopher Street,153,,4.0,702.0,,158.0,45
way/250324376,The Cathedral of Greater Free Gift Baptist Church,,Culture,place_of_worship,40.6961601,-73.9469818,Mo-Su 08:00-20:00,default,no,,+1-718-782-9385,Stockton Street,146,,4.2,358.0,,17.0,45
way/250351783,Saint Lucy's Cathedral Old Roman Catholic Church,,Culture,place_of_worship,40.6970199,-73.9601881,Mo-Su 08:00-20:00,default,no,,,Kent Avenue,802,,4.5,530.0,,17.0,45
way/250372681,Saint James Cathedral,,Culture,place_of_worship,40.6970714,-73.9865997,Mo-Su 08:00-20:00,default,no,https://brooklyncathedral.org/,+1 718-852-4002,Chapel Street,2,,4.1,361.0,,65.0,45
way/250411840,Asamblea Evangelical Evergreen,Evergreen Gospel Chapel,Culture,place_of_worship,40.6988404,-73.9301372,Mo-Su 08:00-20:00,default,no,,,Evergreen Avenue,145,,3.3,686.0,,37.0,45
way/250411999,Iglesia Cruzada De La Fe,,Culture,place_of_worship,40.6982972,-73.9318657,Mo-Su 08:00-20:00,default,no,,,Troutman Street,52,,5.0,1498.0,,37.0,45
way/250416728,Iglesia Pentecostal,,Culture,place_of_worship,40.6983704,-73.9206107,Mo-Su 08:00-20:00,default,no,,,Myrtle Avenue,1374,,4.2,648.0,,36.0,45
way/250423201,Iglesia Bautista Central,,Culture,place_of_worship,40.7022423,-73.9250973,Mo-Su 08:00-20:00,default,no,,,,,,4.2,1239.0,,36.0,45
way/250425444,Bushwick Abbey,,Culture,place_of_worship,40.7040802,-73.9162042,Mo-Su 08:00-20:00,default,no,,,Saint Nicholas Avenue,176,,3.8,1950.0,,36.0,45
way/250426812,Saint Brigid's Roman Catholic Church,,Culture,place_of_worship,40.7013681,-73.9119005,Mo-Su 08:00-20:00,default,no,,,,,,4.5,1421.0,,36.0,45
way/250428568,Faith Evangelical Assembly,,Culture,place_of_worship,40.6975404,-73.9071976,Mo-Su 08:00-20:00,default,no,,,Wyckoff Avenue,8-73,,4.4,812.0,,198.0,45
way/250437222,Saint John's Ridgewood United Methodist Church,,Culture,place_of_worship,40.7035816,-73.9097147,Mo-Su 08:00-20:00,default,no,,,,,,4.4,1284.0,,198.0,45
way/250444257,Iglesia Cristiana Bethel,,Culture,place_of_worship,40.7051326,-73.9086504,Mo-Su 08:00-20:00,default,no,,+1-347-608-9758,Onderdonk Avenue,601,,4.1,505.0,,198.0,45
way/250444266,Iglesia Vision Celestial,,Culture,place_of_worship,40.7057894,-73.9075631,Mo-Su 08:00-20:00,default,no,,,Woodward Avenue,610,,4.2,2762.0,,198.0,45
way/250444267,Saint Mary and Saint Antonios Coptic Orthodox Church,Saint Mary and Saint Antonios Coptic Orthodox Church,Culture,place_of_worship,40.7058511,-73.9077111,Mo-Su 08:00-20:00,default,no,,,Woodward Avenue,606,,3.8,247.0,,198.0,45
way/250474274,Saint John's Church,,Culture,place_of_worship,40.7361591,-74.0020741,Mo-Su 08:00-20:00,default,no,https://www.stjvny.org/,,Waverly Place,224,,4.3,833.0,,249.0,45
way/250474275,Seventh-Day Adventist Church,,Culture,place_of_worship,40.736068,-74.0027473,Mo-Su 08:00-20:00,default,no,http://www.manhattansdachurch.com/,,West 11th Street,232,,4.3,972.0,,249.0,45
way/250268367,St. Mary's Church,,Culture,place_of_worship,40.7158246,-73.9850677,Mo-Su 08:00-20:00,default,no,,,Grand Street,440,,4.1,2634.0,,232.0,45
way/250267959,Latin-American Pentecostal Church El Eden,,Culture,place_of_worship,40.7169011,-73.9933645,Mo-Su 08:00-20:00,default,no,,+1-917-995-3780,Forsyth Street,66,,3.6,412.0,,148.0,45
way/250267940,Saint Barbara Greek Orthodox Church,,Culture,place_of_worship,40.7151096,-73.9942104,Mo-Su 08:00-20:00,default,no,https://stbarbaragoc.com/,+1-212-226-0499,Forsyth Street,27,,4.2,214.0,,148.0,45
way/250265350,San Isidro Y San Leandro Church,,Culture,place_of_worship,40.7217562,-73.9783385,Mo-Su 08:00-20:00,default,no,,,East 4th Street,345,,4.1,3022.0,,4.0,45
way/248772992,Church of the Most Holy Redeemer,,Culture,place_of_worship,40.72362,-73.984244,Mo-Su 08:00-20:00,default,no,https://www.mhr173.org/,+1 212-673-4220,East 3rd Street,173,,4.2,962.0,,79.0,45
way/248773775,SGI-USA New York Culture Centre,,Culture,place_of_worship,40.7366055,-73.9923064,Mo-Su 08:00-20:00,default,no,,,East 15th Street,7,,3.8,488.0,,234.0,45
way/248827145,The Remnant Presbyterian Church,,Culture,place_of_worship,40.7421173,-73.9798795,Mo-Su 08:00-20:00,default,no,https://remnantchurch.org,+1-212-779-0901,East 29th Street,206,,4.1,620.0,,137.0,45
way/248878189,Kingdom Hall of Jehovah's Wittnesses,,Culture,place_of_worship,40.7935768,-73.9398624,Mo-Su 08:00-20:00,default,no,,,2nd Avenue,2160,,4.6,1249.0,,74.0,45
way/249657719,Saint Mary's Church,,Culture,place_of_worship,40.7329252,-73.9848555,Mo-Su 08:00-20:00,default,no,https://stmarybccnyc.org/,,,,,3.8,974.0,,107.0,45
way/249657860,The Father's Heart Ministry Center,,Culture,place_of_worship,40.7278434,-73.9797717,Mo-Su 08:00-20:00,default,no,https://www.fathersheartnyc.org/,,East 11th Street,545,,4.4,1991.0,,79.0,45
way/249657991,Bible Crusaders Assemblies of God,,Culture,place_of_worship,40.7287297,-73.9789977,Mo-Su 08:00-20:00,default,no,,+1 212-254-7257,East 13th Street,548,,4.8,355.0,,79.0,45
way/249663231,St. Anthony of Padua Church,,Culture,place_of_worship,40.7272279,-74.0012988,Mo-Su 08:00-20:00,default,no,https://stanthonynyc.org/,,Sullivan Street,154,,3.9,292.0,,211.0,45
way/249664033,St. Joseph's Church,,Culture,place_of_worship,40.7326141,-74.000709,Mo-Su 08:00-20:00,default,no,,,6th Avenue,365,,4.1,1161.0,,249.0,45
way/250474741,St. John’s Church,,Culture,place_of_worship,40.7336993,-74.003597,Mo-Su 08:00-20:00,default,no,,,Christopher Street,81,,4.5,752.0,,249.0,45
way/249666372,Church of St. Luke in the Fields,,Culture,place_of_worship,40.7324153,-74.0069879,Mo-Su 08:00-20:00,default,no,https://stlukeinthefields.org/,,Hudson Street,487,,4.1,903.0,,158.0,45
way/249847594,Basilica of Saint Patrick's Old Cathedral - Most Precious Blood Catholic Church,,Culture,place_of_worship,40.717775,-73.9988829,Mo-Su 08:00-20:00,default,no,,+1 212-226-8075,Baxter Street,113,,3.9,4256.0,,144.0,45
way/249848313,Church of the Transfiguration,Church of the Transfiguration,Culture,place_of_worship,40.7146196,-73.9990633,Mo-Su 08:00-20:00,default,no,,,,,,3.6,927.0,,45.0,45
way/249973855,Saint Paul's Evangelical Lutheran Church,,Culture,place_of_worship,40.6961125,-73.914125,Mo-Su 08:00-20:00,default,no,,,Knickerbocker Avenue,592,,4.9,804.0,,36.0,45
way/249976321,Saint Barbara's Roman Catholic Church,,Culture,place_of_worship,40.6957594,-73.9202499,Mo-Su 08:00-20:00,default,no,,,Bleecker Street,138,,4.1,601.0,,37.0,45
way/250072646,First Presbyterian Church,,Culture,place_of_worship,40.7344856,-73.9952546,Mo-Su 08:00-20:00,default,no,,,5th Avenue,48,,4.1,2399.0,,113.0,45
way/250265127,Trinity Lower East Side,,Culture,place_of_worship,40.7260167,-73.9801227,Mo-Su 08:00-20:00,default,no,https://trinitylowereastside.org/,,East 9th Street,602,,3.4,2728.0,,4.0,45
way/250265144,Saint Brigid Catholic Church,,Culture,place_of_worship,40.7253865,-73.9806255,Mo-Su 08:00-20:00,default,no,,+1 212-677-0044,Avenue B,119,,3.7,646.0,,4.0,45
way/250265262,Emmanuel Presbyterian Church,,Culture,place_of_worship,40.7230639,-73.977699,Mo-Su 08:00-20:00,default,no,,,East 6th Street,737,,4.0,1281.0,,4.0,45
way/249842422,New York City Rescue Mission,,Culture,place_of_worship,40.7175433,-74.0016136,Mo-Su 08:00-20:00,default,no,https://www.nycrescue.org/,,Lafayette Street,90,,3.6,1157.0,,231.0,45
way/248757361,Assafa Islamic Center,,Culture,place_of_worship,40.72015,-73.9906749,Mo-Su 08:00-20:00,default,no,https://assafaislamiccenter.org/,+1-212-253-1052,Eldridge Street,172,,4.9,268.0,,148.0,45
way/250490660,Church of the Village,,Culture,place_of_worship,40.7381575,-74.0003951,Mo-Su 08:00-20:00,default,no,https://www.churchofthevillage.org/,,West 13th Street,201,,4.3,471.0,,249.0,45
way/258744589,Saint Peter's Lutheran Church,,Culture,place_of_worship,40.7586707,-73.9702663,Mo-Su 08:00-20:00,default,no,https://www.saintpeters.org/,,,,,4.3,812.0,,162.0,45
way/265149191,Fifth Avenue Presbyterian Church,,Culture,place_of_worship,40.7620408,-73.9752456,Mo-Su 08:00-20:00,default,no,https://fapc.org/,,West 55th Street,7,,4.0,1181.0,,161.0,45
way/265151933,Saint George Greek Orthodox Church,,Culture,place_of_worship,40.7652338,-73.9847302,Mo-Su 08:00-20:00,default,no,https://saintgeorgenyc.org/,+1-929-515-6795,West 54th Street,307,,4.8,686.0,,48.0,45
way/265159144,Saint Raphael's Roman Catholic Church,,Culture,place_of_worship,40.7371691,-73.9296972,Mo-Su 08:00-20:00,default,no,https://straphael-queens.org/,,Hunters Point Avenue,37-02,,4.5,284.0,,226.0,45
way/265258258,West Side Jewish Center,,Culture,place_of_worship,40.7532149,-73.9951878,Mo-Su 08:00-20:00,default,no,http://www.westsidejewishcenter.org/,,West 34th Street,347,,3.9,1167.0,,68.0,45
way/265258280,St. Michael's Church,,Culture,place_of_worship,40.7533491,-73.9973365,Mo-Su 08:00-20:00,default,no,,,,,,4.7,1063.0,,68.0,45
way/265261773,Sukyo Mahikari,,Culture,place_of_worship,40.7445447,-73.981699,Mo-Su 08:00-20:00,default,no,,+1-212-447-5811,East 31st Street,124,,4.1,799.0,,170.0,45
way/265261984,Armenian Evangelical Church,,Culture,place_of_worship,40.7458103,-73.9790604,Mo-Su 08:00-20:00,default,no,https://aecnyc.org,+1-212-685-3177,East 34th Street,152,,3.8,1297.0,,170.0,45
way/265273001,Metropolitan Community Church,,Culture,place_of_worship,40.7553335,-73.997519,Mo-Su 08:00-20:00,default,no,https://mccny.org/,,West 36th Street,446,,4.5,557.0,,68.0,45
way/265299994,Church of Sts. Cyril & Methodius and St. Raphael,,Culture,place_of_worship,40.7590174,-73.9967467,Mo-Su 08:00-20:00,default,no,https://www.croatianchurchnewyork.org/,,West 41st Street,504,,4.0,989.0,,246.0,45
way/265301753,Church of The Holy Innocents,Church of The Holy Innocents,Culture,place_of_worship,40.7521591,-73.9881088,Mo-Su 08:00-20:00,default,no,https://shrineofholyinnocents.org,+1 212-279-5861,West 37th Street,126,,4.0,758.0,,100.0,45
way/265318777,Saints Kyril & Metodi Cathedral,,Culture,place_of_worship,40.7654398,-73.9941561,Mo-Su 08:00-20:00,default,no,https://www.bulgariandiocese.org/parishdirectory.html?type=details&id=7,+1-212-489-3940,West 50th Street,552,,4.9,656.0,,50.0,45
way/271825753,Mother African Methodist Episcopal Zion Church,,Culture,place_of_worship,40.8159506,-73.9418218,Mo-Su 08:00-20:00,default,no,,,West 137th Street,140,,4.1,476.0,,42.0,45
way/265322610,Congregation Ezrath Israel,,Culture,place_of_worship,40.7613052,-73.9890378,Mo-Su 08:00-20:00,default,limited,https://www.theactorstemple.org/,,West 47th Street,339,,4.5,692.0,,48.0,45
way/265327696,Church of the Sacred Heart of Jesus,,Culture,place_of_worship,40.7652276,-73.9903109,Mo-Su 08:00-20:00,default,no,https://shjnycparish.org/,,West 51st Street,457,,4.0,2302.0,,48.0,45
way/265329550,St. Benedict the Moor's Church,,Culture,place_of_worship,40.7646292,-73.9863563,Mo-Su 08:00-20:00,default,no,,,West 53rd Street,340,,4.7,494.0,,48.0,45
way/265345717,Fifth Avenue Synagogue,,Culture,place_of_worship,40.766043,-73.9707978,Mo-Su 08:00-20:00,default,no,https://www.5as.org/,,East 62nd Street,5,,3.5,1791.0,,237.0,45
way/265345828,Christ Church,,Culture,place_of_worship,40.7638882,-73.9696447,Mo-Su 08:00-20:00,default,no,http://www.christchurchnyc.org/,,Park Avenue,524,,4.0,1505.0,,237.0,45
way/265353548,Trinity Presbyterian Church,,Culture,place_of_worship,40.7681168,-73.9868596,Mo-Su 08:00-20:00,default,no,,,West 57th Street,420,,3.5,1633.0,,48.0,45
way/265353659,Church for All Nations,,Culture,place_of_worship,40.7684898,-73.9863298,Mo-Su 08:00-20:00,default,no,https://www.cfan.net/,,West 57th Street,417,,3.8,1435.0,,48.0,45
way/265147944,Calvary Baptist Church,,Culture,place_of_worship,40.7651119,-73.9783705,Mo-Su 08:00-20:00,default,no,https://www.cbcnyc.org/,,West 57th Street,123,,4.2,372.0,,163.0,45
way/265040072,First Moravian Church,,Culture,place_of_worship,40.7438539,-73.9819014,Mo-Su 08:00-20:00,default,no,,,Lexington Avenue,154,,4.1,1385.0,,170.0,45
way/264763059,First Christian Church Of The Valley,,Culture,place_of_worship,40.740453,-73.979856,Mo-Su 08:00-20:00,default,no,https://churchofthevalley.tripod.com/,,East 27th Street,234,,4.2,1276.0,,137.0,45
way/264620318,Bais Shlomo Zalman,,Culture,place_of_worship,40.7167632,-73.9806217,Mo-Su 08:00-20:00,default,no,,,Delancey Street,262,,4.9,228.0,,232.0,45
way/264637734,Church of Saint Francis Xavier,,Culture,place_of_worship,40.7380598,-73.9952895,Mo-Su 08:00-20:00,default,no,https://www.sfxavier.org/,,West 16th Street,36,,4.8,869.0,,234.0,45
way/264643155,Church of the Guardian Angel,,Culture,place_of_worship,40.746674,-74.0053228,Mo-Su 08:00-20:00,default,no,,+1 212-929-5966,10th Avenue,193,,3.9,275.0,,246.0,45
way/264651587,St. Paul's Church,,Culture,place_of_worship,40.7451531,-73.9996321,Mo-Su 08:00-20:00,default,no,https://www.stpaulny.org/,+1 212-929-1955,West 22nd Street,315,,4.1,1672.0,,68.0,45
way/264662211,St. Columba Catholic Church,,Culture,place_of_worship,40.7474314,-73.9989909,Mo-Su 08:00-20:00,default,no,,,West 25th Street,331,,4.2,2679.0,,68.0,45
way/264662215,Manor Community Church,,Culture,place_of_worship,40.7478071,-73.999128,Mo-Su 08:00-20:00,default,no,http://daytoninmanhattan.blogspot.com/2011/08/picturesque-1874-manor-chapel-348-west.html,,West 26th Street,348,,3.7,792.0,,68.0,45
way/264669366,Saint Eleftherios Greek Orthodox Church,,Culture,place_of_worship,40.7471254,-74.0001506,Mo-Su 08:00-20:00,default,no,https://www.steleftherios.ny.goarch.org/,+1-212-924-3919,West 24th Street,359,,3.8,1070.0,,68.0,45
way/250490950,Church of Our Lady of Guadalupe and St. Bernard,,Culture,place_of_worship,40.7401316,-74.0042524,Mo-Su 08:00-20:00,default,no,,,West 14th Street,,,4.5,571.0,,249.0,45
way/264671930,Church of the Holy Apostles,,Culture,place_of_worship,40.749225,-73.9987868,Mo-Su 08:00-20:00,default,no,https://www.holyapostlesnyc.org/,,,,,3.3,938.0,,68.0,45
way/264685193,Church of Saint Francis of Assisi,,Culture,place_of_worship,40.7488291,-73.9905283,Mo-Su 08:00-20:00,default,no,,,West 31st Street,137,,4.4,1105.0,,186.0,45
way/264751871,Fifteenth Street Meeting House,,Culture,place_of_worship,40.7338199,-73.9851963,Mo-Su 08:00-20:00,default,no,,,Rutherford Place,15,,4.6,339.0,,107.0,45
way/264752147,St. George's Church,,Culture,place_of_worship,40.7343734,-73.9849702,Mo-Su 08:00-20:00,default,no,,,East 16th Street,209,,4.4,2076.0,,107.0,45
way/264753471,St. John the Baptist,,Culture,place_of_worship,40.7355957,-73.9861696,Mo-Su 08:00-20:00,default,no,https://stjohn.ny.goarch.org/,+1-212-473-0648,East 17th Street,143,,3.6,1033.0,,107.0,45
way/264753502,The Brotherhood Synagogue,,Culture,place_of_worship,40.7370468,-73.9853824,Mo-Su 08:00-20:00,default,no,https://brotherhoodsynagogue.org/,,Gramercy Park South,28,,4.0,749.0,,107.0,45
way/264755314,Calvary Church,,Culture,place_of_worship,40.7389284,-73.9867599,Mo-Su 08:00-20:00,default,yes,https://www.calvarystgeorges.org/,,Park Avenue South,273,,4.3,541.0,,107.0,45
way/264757769,Gustavus Adolphus Church,,Culture,place_of_worship,40.7385811,-73.9840393,Mo-Su 08:00-20:00,default,no,https://www.gachurchnyc.org/,,East 22nd Street,151,,4.0,822.0,,107.0,45
way/264758450,Church of the Epiphany,,Culture,place_of_worship,40.7371137,-73.9820117,Mo-Su 08:00-20:00,default,no,https://epiphanychurch.nyc/,+1 212-475-1966,East 21st Street,239,,3.8,335.0,,107.0,45
way/264763009,St. Illuminator,,Culture,place_of_worship,40.7410814,-73.9801222,Mo-Su 08:00-20:00,default,no,https://stilluminators.org/,,East 27th Street,221,,4.4,319.0,,137.0,45
way/264678414,Church of St. John the Baptist,,Culture,place_of_worship,40.7489833,-73.9928442,Mo-Su 08:00-20:00,default,no,https://www.nycago.org/Organs/NYC/html/StJohnBaptist.html,,West 30th Street,211,,4.4,1158.0,,186.0,45
way/265355138,Church of Saint Paul the Apostle,,Landmark,place_of_worship,40.7698882,-73.9851415,24/7,default,no,https://stpaultheapostle.org/,,West 59th Street,405,,3.4,581.0,,142.0,30
way/248757280,Church of Grace to Fujianese,,Culture,place_of_worship,40.7202219,-73.9902958,Mo-Su 08:00-20:00,default,no,https://cgfchurch.org,+1-212-254-3886,Allen Street,133,,4.6,364.0,,148.0,45
way/248163424,Tenth Church of Christ Scientist,,Culture,place_of_worship,40.7326928,-73.9985382,Mo-Su 08:00-20:00,default,no,http://tenthchurchnyc.com/,,MacDougal Street,171,,4.0,1157.0,,113.0,45
way/1272374292,Frank White Memorial Garden,,Park,garden,40.8242562,-73.9498842,24/7,default,no,https://www.nycgovparks.org/opportunities/volunteer/group/frank-white-memorial-garden,,West 143rd Street,506,,4.7,2862.0,,116.0,60
way/1279786549,Maggie's Garden,,Park,garden,40.8285529,-73.9481274,24/7,default,no,https://www.nyrp.org/en/gardens-and-parks/maggies-garden/,,West 149,564,,4.3,10920.0,,116.0,60
way/1294627417,11 BC Serenity Garden,,Park,garden,40.7268204,-73.9784559,Apr-Oct: Sa-Su 11:00-16:00,osm,no,,,East 11th Street,626,,5.0,7658.0,,4.0,60
way/1298851327,La Perla Garden,,Park,garden,40.7982215,-73.9631431,24/7,default,no,http://www.manhattanlandtrust.org/our-gardens/,,,,,4.5,1833.0,,151.0,60
way/1304338829,Center Garden (Italian),Center Garden (Italian),Park,garden,40.7937344,-73.9524353,24/7,default,no,,,,,,4.3,5316.0,,43.0,60
way/1304338830,North Garden (French),North Garden (French),Park,garden,40.7942013,-73.9521002,24/7,default,no,,,,,,4.6,10740.0,,43.0,60
way/1304338831,South Garden (English),South Garden (English),Park,garden,40.7932586,-73.9526795,24/7,default,no,,,,,,4.7,1051.0,,43.0,60
way/1309062318,Lobby Garden,,Park,garden,40.755933,-73.9897204,24/7,default,no,,,,,,4.8,1575.0,,100.0,60
way/1372202194,Ten Eyck Garden,,Park,garden,40.7097924,-73.950142,24/7,default,no,,,,,,4.4,4275.0,,256.0,60
way/1372202517,Hooper Grove,,Park,garden,40.7079801,-73.9536293,24/7,default,no,,,,,,5.0,42127.0,,256.0,60
way/1372203149,George Washington Carver Community Garden,,Park,garden,40.7027279,-73.9480219,24/7,default,no,,,,,,4.7,3022.0,,17.0,60
way/1385382135,United We Stand Garden,,Park,garden,40.8053735,-73.9155401,24/7,default,no,https://www.grownyc.org/openspace/gardens/bx/united-we-stand-138th-street-community-garden,,,,,4.7,7119.0,,168.0,60
way/1385382136,138th Street Community Garden,,Park,garden,40.8056288,-73.9154018,24/7,default,no,https://www.grownyc.org/openspace/gardens/bx/united-we-stand-138th-street-community-garden,,,,,4.4,14715.0,,168.0,60
way/1385383627,Padre Plaza,,Park,garden,40.8078888,-73.9173801,24/7,default,no,https://www.nycgovparks.org/opportunities/volunteer/group/padre-plaza,,,,,4.6,5211.0,,168.0,60
way/1395776669,La Casita Community Garden,,Park,garden,40.7996674,-73.9374848,24/7,default,no,https://www.nyrp.org/en/gardens-and-parks/la-casita-community-garden/,,East 119th Street,223,,4.7,4903.0,,74.0,60
way/1410368742,Down to Earth Garden,,Park,garden,40.7280955,-73.9792509,24/7,default,no,https://www.nycgovparks.org/opportunities/volunteer/group/down-to-earth-garden,,,,,4.8,2136.0,,79.0,60
way/1421472600,Miraflores Community Garden,,Park,garden,40.6977502,-73.9370093,24/7,default,no,https://www.nyrp.org/en/gardens-and-parks/miraflores-community-garden/,,Broadway,900,,4.3,1451.0,,225.0,60
way/385442738,Hallett Nature Sanctuary,,Park,nature_reserve,40.7665785,-73.9749062,24/7,default,no,https://www.centralparknyc.org/locations/hallett-nature-sanctuary,,,,,4.6,13361.0,,43.0,60
way/1267725024,Juneteenth Grove,,Park,garden,40.6966581,-73.9906412,24/7,default,no,,,,,,4.5,5976.0,,65.0,60
way/1257264046,Lotus Garden,,Park,garden,40.7954354,-73.9721072,24/7,default,no,https://thelotusgarden.org,,West 97th Street,250,,4.2,2567.0,,238.0,60
way/1237389108,Yoya's Park,,Park,garden,40.7213114,-74.0050835,24/7,default,no,,,,,,4.7,6903.0,,231.0,60
way/1234755455,Pollinator Meadow,,Park,garden,40.8129668,-73.9649045,24/7,default,no,https://riversideparknyc.org/parks/pollinator-meadow/,,,,,4.4,3305.0,,166.0,60
way/1081582610,Le Petit Versailles,,Park,garden,40.7211386,-73.9817823,24/7,default,no,https://www.alliedproductions.org/about-the-garden,,East 2nd Street,247,,4.0,2630.0,,4.0,60
way/1096162155,Brisas del Caribe,,Park,garden,40.7222743,-73.9814813,Tu-Th 09:00-15:00,osm,no,,,East Third Street,237,,4.8,5545.0,,4.0,60
way/1096162156,The Humanitarians Garden,,Park,garden,40.7225685,-73.9814119,24/7,default,no,,,,,,4.7,3642.0,,4.0,60
way/1105883962,First Street Garden,,Park,garden,40.7240098,-73.9896015,24/7,default,no,,,,,,4.5,2063.0,,79.0,60
way/1105885308,Hope Garden,,Park,garden,40.7221024,-73.98416,24/7,default,no,,,East 2nd Street,193,,4.7,4901.0,,79.0,60
way/1110127587,Bridge Plaza Community Garden,,Park,garden,40.6977622,-73.9847362,24/7,default,no,,,,,,4.6,2297.0,,65.0,60
way/1112132869,Gandhi Garden,,Park,garden,40.7353926,-73.9914059,24/7,default,no,,,,,,3.9,8418.0,,234.0,60
way/1118444808,De Colores Community Yard & Cultural Center,,Park,garden,40.7254559,-73.9797354,24/7,default,no,,,East 8th Street,313,,4.4,1755.0,,4.0,60
way/1203287248,Bird Island,,Park,nature_reserve,40.6966173,-73.9993631,24/7,default,no,,,,,,4.8,5733.0,,33.0,60
way/1136811092,Casita Garden,,Park,garden,40.7250578,-73.9787012,Mo-Fr 12:00-17:00,osm,no,,,East 8th Street,339,,4.7,1173.0,,4.0,60
way/1136814823,Lower East Side Ecology Center Garden,,Park,garden,40.7246419,-73.9796469,24/7,default,no,https://www.lesecologycenter.org/,,East 7th Street,213,,4.9,4313.0,,4.0,60
way/1143800346,La Isla Usa,,Park,garden,40.8227531,-73.9124302,24/7,default,no,,,,,,4.4,3925.0,,167.0,60
way/1143801763,El Coqui Liberation Community Garden,,Park,garden,40.8251295,-73.9127974,24/7,default,no,,,,,,4.0,4853.0,,167.0,60
way/1162605323,Green Area,,Park,garden,40.7141861,-73.9321795,24/7,default,no,,,,,,4.2,1186.0,,80.0,60
way/1188140023,Robert Wagner Greenstreet,,Park,garden,40.7098548,-74.0008322,24/7,default,no,,,,,,4.0,8524.0,,45.0,60
way/1188951921,Asser Levy Sidewalk Arboretum,,Park,garden,40.7359948,-73.9758914,24/7,default,no,,,,,,4.3,11938.0,,137.0,60
way/1194063502,Oko Farms Aquaponics Education Garden,,Park,garden,40.703673,-73.9413201,24/7,default,no,,,,,,4.3,893.0,,80.0,60
way/1206522405,Paul Clinton Garden,,Park,garden,40.7254945,-73.9442068,24/7,default,no,,,,,,4.2,9406.0,,112.0,60
way/1228475064,Wedding Garden,,Park,garden,40.7147796,-74.0020281,24/7,default,no,,,,,,4.5,2257.0,,45.0,60
way/1136811093,Earth People Garden,,Park,garden,40.7251497,-73.9789253,24/7,default,no,,,East 8th Street,333,,4.5,5228.0,,4.0,60
way/248166298,Judson Memorial Church,,Culture,place_of_worship,40.7301922,-73.9984067,Mo-Fr 10:30-18:00,osm,no,https://judson.org/,+1-212-477-0351,Thompson Street,239,,4.6,2548.0,,114.0,45
way/247862776,Cinema Village,,Entertainment,cinema,40.7339403,-73.9934415,Mo-Su 12:00-23:00,default,no,https://www.cinemavillage.com,+1-212-924-3364,East 12th Street,22,,3.8,1477.0,,113.0,150
way/241854614,Masjid Al-Ikhlas,,Culture,place_of_worship,40.768169,-73.9280542,Mo-Su 08:00-20:00,default,no,,,30th Drive,21-23,,3.9,371.0,,179.0,45
way/241854645,Good Shepherd United Methodist Church,,Culture,place_of_worship,40.7676726,-73.9259679,Mo-Su 08:00-20:00,default,no,,,,,,4.3,769.0,,179.0,45
way/241854658,Episcopal Church of the Redeemer,,Culture,place_of_worship,40.7681236,-73.925849,Mo-Su 08:00-20:00,default,no,,,,,,4.2,436.0,,179.0,45
way/241862101,Saint George Episcopal Church,,Culture,place_of_worship,40.773004,-73.928765,Mo-Su 08:00-20:00,default,no,,,27th Avenue,14-22,,4.1,381.0,,179.0,45
way/247841479,Orthodox Cathedral of the Holy Virgin Protection,,Culture,place_of_worship,40.7242999,-73.9895032,Mo-Su 08:00-20:00,default,no,https://www.nycathedral.org/,+1-212-677-4664,East 2nd Street,59,,4.5,1831.0,,79.0,45
way/247845662,Saint Michael's Church,,Culture,place_of_worship,40.7239541,-73.9952219,Mo-Su 08:00-20:00,default,no,,,Mulberry Street,266,,3.6,380.0,,144.0,45
way/247845702,Saint Patrick's Old Cathedral,,Culture,place_of_worship,40.723587,-73.995193,Mo-Su 08:00-20:00,default,no,https://www.oldcathedral.org/,+1 212-226-8075,Mulberry Street,263,,3.7,475.0,,144.0,45
way/247852490,Slavic Evangelical Christian Church,,Culture,place_of_worship,40.7304843,-73.9835832,Mo-Su 08:00-20:00,default,no,,+1-845-889-4246,1st Avenue,207,,4.2,250.0,,79.0,45
way/247862758,Conservative Synagogue of 5th Avenue,,Culture,place_of_worship,40.7340399,-73.9942771,Mo-Su 08:00-20:00,default,no,,,East 11th Street,11,,3.9,358.0,,113.0,45
way/247864208,Tifereth Israel Synagogue,,Culture,place_of_worship,40.7314974,-73.9836787,Mo-Su 08:00-20:00,default,no,https://www.tandv.org/,+1-212-677-8090,East 14th Street,334,,4.3,845.0,,79.0,45
way/247864215,Immaculate Conception Catholic Church,,Culture,place_of_worship,40.7308022,-73.9822534,Mo-Su 08:00-20:00,default,no,https://immaculateconception-nyc.org,+1 212-254-0200,East 14th Street,414,,3.9,921.0,,79.0,45
way/247866912,San Lorenzo Ruiz Chapel,,Culture,place_of_worship,40.7205517,-73.9963025,Mo-Su 08:00-20:00,default,no,,,Broome Street,378,,4.0,643.0,,144.0,45
way/248138019,Oratory Parish of the Assumption,,Culture,place_of_worship,40.6998897,-73.9927953,Mo-Su 08:00-20:00,default,no,https://oratorychurch.org,+1-718-875-2096,Cranberry Street,55,,4.8,2337.0,,33.0,45
way/248142618,St Stanislaus Bishop & Martyr Church,,Culture,place_of_worship,40.7267921,-73.9846786,Mo-Su 08:00-20:00,default,no,,,,,,3.7,1553.0,,79.0,45
way/248142621,St. Stanislaus Roman Catholic Church,,Culture,place_of_worship,40.726702,-73.9846106,Mo-Su 08:00-20:00,default,no,https://stanislauschurch.com,+1 212-475-4576,East 7th Street,101,,4.5,319.0,,79.0,45
way/248142953,St. Nicholas of Myra Orthodox Church,,Culture,place_of_worship,40.7278285,-73.982622,Mo-Su 08:00-20:00,default,no,https://stnicholaschurchnyc.org/,+1-212-254-6685,East 10th Street,288,,4.5,2737.0,,79.0,45
way/248143101,Congregation Talmud Torah Adereth El,,Culture,place_of_worship,40.743223,-73.9813164,Mo-Su 08:00-20:00,default,no,,,East 29th Street,135,,3.8,383.0,,170.0,45
way/248143159,Episcopal Church of the Good Shepherd,,Culture,place_of_worship,40.7429853,-73.9781055,Mo-Su 08:00-20:00,default,no,https://www.goodshepherdchurchnyc.org,+1-212-689-1595,East 31st Street,240,,4.6,994.0,,137.0,45
way/241852892,Plymouth Church,,Culture,place_of_worship,40.6992903,-73.9930879,Mo-Su 08:00-20:00,default,no,https://www.plymouthchurch.org,+1-718-624-4743,Orange Street,57,,4.4,1050.0,,33.0,45
way/241844953,All Saints Ukrainian Orthodox Church,,Culture,place_of_worship,40.7308964,-73.9881101,Mo-Su 08:00-20:00,default,no,https://www.uocofusa.org,+1-914-208-5197,East 11th Street,206,,4.3,276.0,,79.0,45
way/241844932,Saint Mark's in-the-Bowery,,Culture,place_of_worship,40.7303555,-73.9870882,Mo-Su 08:00-20:00,default,no,https://stmarksbowery.org/,,East 10th Street,131,,4.6,2039.0,,79.0,45
way/241837965,Evangelistic Missionary Temple Inc.,,Culture,place_of_worship,40.7131677,-73.9606131,Mo-Su 08:00-20:00,default,no,,,Driggs Avenue,726,,4.1,772.0,,256.0,45
way/249665303,IFC Center,,Entertainment,cinema,40.7312243,-74.0016654,Mo-Su 12:00-23:00,default,no,https://www.ifccenter.com/,+1-212-924-7771,6th Avenue,323,,3.3,1810.0,,249.0,150
way/264650628,Cinépolis Chelsea,,Entertainment,cinema,40.7446504,-73.9980748,Mo-Su 12:00-23:00,default,no,https://www.cinepolisusa.com/our-locations/x0qt2-cinepolis-chelsea,,West 23rd Street,260,,4.3,1141.0,,90.0,150
way/264651626,SVA Theater,,Entertainment,cinema,40.7461142,-73.9998588,Mo-Su 12:00-23:00,default,no,https://www.svatheatre.com/,,West 23rd Street,333,,4.5,918.0,,68.0,150
way/265147960,Paris Theatre,,Entertainment,cinema,40.7637357,-73.9743189,Mo-Su 12:00-23:00,default,yes,https://www.paristheaternyc.com/,+1 212-823-8945,West 58th Street,4,,4.3,530.0,,163.0,150
way/266143298,AMC Empire 25,,Entertainment,cinema,40.7567058,-73.9892591,"""goes according to first and last movie times""",osm,no,https://www.amctheatres.com/movie-theatres/new-york-city/amc-empire-25,+12123982597,West 42nd Street,234,,4.0,1043.0,,100.0,150
way/266217091,Cinema 123 by Angelika,,Entertainment,cinema,40.7618184,-73.9659659,Mo-Su 12:00-23:00,default,no,https://www.angelikafilmcenter.com/cinemas123,+1 212-753-6022,3rd Avenue,1001,,4.1,892.0,,141.0,150
way/280569694,Regal UA Kaufman Astoria,,Entertainment,cinema,40.755255,-73.9236599,Mo-Su 12:00-23:00,default,no,https://www.regmovies.com/theatres/regal-ua-kaufman-astoria-rpx-1333,+1 844-462-7342,38th Street,35-30,,3.9,2323.0,,7.0,150
way/247852538,Village East Cinema,,Entertainment,cinema,40.7309633,-73.986389,Mo-Su 12:00-23:00,default,no,https://www.angelikafilmcenter.com/villageeast/cinema-info,,2nd Avenue,181-189,,4.8,3623.0,,79.0,150
way/147472865,DeWitt Reformed Church,,Culture,place_of_worship,40.7176221,-73.9795264,Mo-Su 08:00-20:00,default,no,http://churches.rca.org/dewittreformed/,,Rivington Street,280,,3.7,1389.0,,232.0,45
way/160947235,Grace Church,,Culture,place_of_worship,40.7319828,-73.9909081,Mo-Su 08:00-20:00,default,no,https://gracechurchnyc.org/,,Broadway,802,,4.0,987.0,,113.0,45
way/240140503,Sunnyside Reformed Church,,Culture,place_of_worship,40.7465196,-73.9158343,Mo-Su 08:00-20:00,default,no,,,,,,4.3,663.0,,226.0,45
way/241159293,Holy Trinity Ukrainian Orthodox Church,,Culture,place_of_worship,40.7107298,-73.9611066,Mo-Su 08:00-20:00,default,no,,+1-718-388-4723,South 5th Street,185,,3.9,460.0,,256.0,45
way/241830993,Sacred Heart Church,,Culture,place_of_worship,40.696726,-73.971989,Mo-Su 08:00-20:00,default,no,,,,,,3.9,411.0,,97.0,45
way/241833325,Cornerstone First Ukrainian Assembly of God,,Culture,place_of_worship,40.7289326,-73.9899949,Mo-Su 08:00-20:00,default,no,,+1-917-409-0415,Cooper Square,59,,4.2,451.0,,79.0,45
way/241836157,German Evangelical Lutheran Zion Church,,Culture,place_of_worship,40.6967731,-73.9930703,Mo-Su 08:00-20:00,default,no,,,Henry Street,125,,4.4,2629.0,,33.0,45
way/160143935,Manhattan New York Temple,,Culture,place_of_worship,40.7731124,-73.9815441,Mo-Su 08:00-20:00,default,no,https://www.churchofjesuschrist.org/temples/details/manhattan-new-york-temple,,Columbus Avenue,125,,4.0,968.0,,142.0,45
way/265419172,Church of Our Saviour,,Culture,place_of_worship,40.7492341,-73.979234,Mo-Su 08:00-20:00,default,no,https://www.oursaviournyc.org/,,Park Avenue,59,,4.4,1167.0,,170.0,45
way/265320987,Saint Clement's Church,,Culture,place_of_worship,40.7615725,-73.9915711,Mo-Su 08:00-20:00,default,no,https://www.stclementsnyc.org/,,West 46th Street,423,,4.2,1449.0,,48.0,45
way/265438037,Or Olam,,Culture,place_of_worship,40.7576087,-73.9658063,Mo-Su 08:00-20:00,default,no,https://www.east55.org/,,East 55th Street,308,,4.4,297.0,,229.0,45
way/109269254,Columbus Circle,,Landmark,attraction,40.7680767,-73.9818944,24/7,default,no,,,,,,4.4,2033.0,,142.0,30
way/86216911,Lincoln Center for the Performing Arts,,Entertainment,attraction,40.7726126,-73.9842234,Mo-Su 12:00-23:00,default,no,,+1-212-875-5456,Lincoln Center Plaza,10,,3.7,1236.0,,142.0,150
way/75363809,Woolworth Building,Woolworth Building,Landmark,attraction,40.7124541,-74.0083342,24/7,default,no,,,,,,4.4,845.0,,231.0,30
way/48869328,United Nations Headquarters,,Landmark,attraction,40.7496007,-73.9675511,24/7,default,yes,https://www.un.org/,,FDR Drive,405,,3.8,331.0,,233.0,30
way/47091894,Fort Clinton,Fort Clinton,Landmark,attraction,40.7952855,-73.9521501,24/7,default,no,https://www.centralparknyc.org/locations/fort-clinton,,,,,4.2,1781.0,,43.0,30
way/39243913,Blockhouse No. 1,Blockhouse No. 1,Landmark,attraction,40.7986699,-73.9562876,24/7,default,no,https://www.centralparknyc.org/locations/blockhouse,,,,,4.0,3198.0,,43.0,30
way/34633854,Empire State Building,Empire State Building,Landmark,attraction,40.748442,-73.9856589,Mo-Su 08:00-02:00,osm,yes,https://www.esbnyc.com/explore,+1-212-736-3100,5th Avenue,350,,3.6,1740.0,,164.0,30
way/22727025,Bryant Park,,Park,attraction,40.7537508,-73.9835384,Mo-Su 07:00-23:00,osm,yes,https://bryantpark.org/,,,,,4.3,13849.0,,164.0,60
way/138141251,Madison Square Garden,Madison Square Garden,Stadium,attraction,40.7505185,-73.9935059,,default,limited,http://www.thegarden.com/,+1-212-465-6741,Pennsylvania Plaza,4,,5.0,812.0,,186.0,180
way/5672001,Gay Street,,Landmark,attraction,40.7336111,-74.000518,24/7,default,no,,,,,,3.9,1989.0,,249.0,30
way/270730721,Congregation Rodeph Sholom,,Culture,place_of_worship,40.7838978,-73.9714958,Mo-Su 08:00-20:00,default,yes,https://rodephsholom.org/,,West 83rd Street,7,,4.1,771.0,,239.0,45
way/270730782,The Church of St. Matthew & St. Timothy,,Culture,place_of_worship,40.7842837,-73.971715,Mo-Fr 09:00-17:00; Sa 09:00-16:00; Su 09:00-15:00,osm,no,https://www.smstchurch.org/,+1-212-362-6750,West 84th Street,26,,4.2,172.0,,239.0,45
way/270859739,The Jewish Center,,Culture,place_of_worship,40.7872424,-73.9732386,Mo-Su 08:00-20:00,default,no,https://www.jewishcenter.org/,+1 212 724 2700,West 86th Street,131,,4.2,460.0,,238.0,45
way/270859755,West Park Presbyterian Church,,Culture,place_of_worship,40.7877451,-73.9744944,Mo-Su 08:00-20:00,default,no,https://westparkpresbyterian.org/,,West 86th Street,165,,4.0,2538.0,,238.0,45
way/270860860,St. Dumitru Romanian Orthodox Church,,Culture,place_of_worship,40.7877654,-73.9697417,Mo-Su 08:00-20:00,default,no,https://www.stdumitrunyc.org/,+1-212-874-4490,West 89th Street,50,,3.8,1533.0,,238.0,45
way/270889024,Central Baptist Church,,Culture,place_of_worship,40.7911768,-73.9720084,Mo-Su 08:00-20:00,default,no,https://www.centralbaptistnyc.org,,West 92nd Street,166,,4.1,639.0,,238.0,45
way/270894412,Ohab Zedek,,Culture,place_of_worship,40.7923658,-73.9690185,Mo-Su 08:00-20:00,default,no,,,West 95th Street,112,,4.5,1050.0,,238.0,45
way/270896906,Crenshaw Christian Center East,,Culture,place_of_worship,40.7920644,-73.9648907,Mo-Su 08:00-20:00,default,no,https://www.crenshawchristiancentereast.org/,,West 96th Street,1,,4.4,1735.0,,238.0,45
way/270898172,Congregation Kehillath Jacob,,Culture,place_of_worship,40.7847718,-73.9814338,Mo-Su 08:00-20:00,default,no,,,West 79th Street,305,,4.1,490.0,,239.0,45
way/269318057,All Angels Church,,Culture,place_of_worship,40.7849516,-73.9799971,Mo-Su 08:00-20:00,default,no,https://allangelschurch.com/,,West 80th Street,251,,3.8,413.0,,239.0,45
way/161605042,New York City Police Memorial,,Landmark,attraction,40.7119833,-74.0167253,24/7,default,yes,,,,,,5.0,2706.0,,13.0,30
way/162776008,McGraw-Hill Waterfall Tunnel,,Landmark,attraction,40.7603702,-73.9824692,24/7,default,yes,,,,,,3.6,347.0,,230.0,30
way/359253644,East 165th Street steps,,Landmark,attraction,40.8260774,-73.9074274,24/7,default,no,,,,,rainbow staircase,4.0,1299.0,,167.0,30
way/265419755,Church of the Incarnation,,Culture,place_of_worship,40.7484412,-73.981969,Mo-Su 08:00-20:00,default,no,,,Madison Avenue,205,,4.2,135.0,,170.0,45
way/278353405,Circle Line,,Landmark,attraction,40.7627645,-74.0015078,24/7,default,no,https://www.circleline.com,+1-212-563-3200,West 42nd Street,,,4.0,506.0,,50.0,30
way/278053530,New York Stock Exchange,,Landmark,attraction,40.7070248,-74.0112103,24/7,default,limited,,,Wall Street,11,,4.2,10893.0,,87.0,30
way/271827575,Abyssinian Baptist Church,,Landmark,attraction,40.8166419,-73.9414779,24/7,default,no,,,Odell M Clarke Place,132,,4.2,778.0,,42.0,30
way/266774911,Times Square Ball,,Landmark,attraction,40.756132,-73.9865766,24/7,default,no,,,,,"The famous New Years Ball, as of 2020 the sixth ball is being used, sits atop this building year round.",4.5,1471.0,,230.0,30
way/266010379,Saint Patrick’s Cathedral,Saint Patrick’s Cathedral,Landmark,attraction,40.7585895,-73.9762957,24/7,default,no,https://www.saintpatrickscathedral.org,+1 212-753-2261,5th Avenue,625,,4.3,1624.0,,161.0,30
way/265947358,Grand Central Terminal,,Landmark,attraction,40.7526483,-73.9772748,Mo-Su 05:30-02:00,osm,yes,https://www.grandcentralterminal.com/,,East 42nd Street,89,,4.9,404.0,,162.0,30
way/265302076,Stephen A. Schwarzman Building,,Landmark,attraction,40.7532182,-73.9822454,"Mo,Th-Sa 10:00-18:00; Tu-We 08:00-20:00",osm,yes,https://www.nypl.org/locations/schwarzman,+1-917-275-6975,5th Avenue,476,,4.3,476.0,,164.0,30
way/264768896,Flatiron Building,Flatiron Building,Landmark,attraction,40.74103,-73.9896864,24/7,default,no,,,5th Avenue,175,,4.3,479.0,,234.0,30
way/250052723,FDNY Ladder 8,,Landmark,attraction,40.7195568,-74.0066188,24/7,default,no,,,North Moore Street,14,,3.6,1044.0,,231.0,30
way/248166269,Washington Square Arch,,Landmark,attraction,40.7312347,-73.9971025,24/7,default,no,https://www.nycgovparks.org/parks/washington-square-park/monuments/1657,,,,,3.8,365.0,,114.0,30
way/238974585,Pepsi-Cola Sign,,Landmark,attraction,40.7474749,-73.9576966,24/7,default,no,http://s-media.nyc.gov/agencies/lpc/lp/1653.pdf,,47th Road,4-09,,4.0,781.0,,145.0,30
way/230757260,Brooklyn Heights Promenade,,Landmark,attraction,40.6976511,-73.997099,24/7,default,no,,,,,,5.0,1413.0,,33.0,30
way/223183095,Jane's Carousel,,Landmark,attraction,40.7044341,-73.9923845,We-Mo 11:00-19:00,osm,no,https://janescarousel.com/,+1-718-222-2502,Main Street,45,,3.5,636.0,,66.0,30
way/179685272,Cleopatra's Needle,Cleopatra's Needle,Landmark,attraction,40.7796359,-73.9653965,24/7,default,yes,https://www.centralparknyc.org/locations/obelisk,,,,,4.5,5316.0,,43.0,30
way/270901661,Holy Trinity Catholic Church,,Culture,place_of_worship,40.7855721,-73.9773752,Mo-Su 08:00-20:00,default,no,https://htcny.org,+1 212-787-0634,West 82nd Street,209,,4.9,1092.0,,239.0,45
way/387380393,Nutter's Battery,Nutter's Battery,Landmark,attraction,40.7965408,-73.9528509,24/7,default,no,https://www.centralparknyc.org/locations/nutters-battery,,,,,3.8,1533.0,,43.0,30
way/270948782,Church of St. Paul and St. Andrew,,Culture,place_of_worship,40.7889381,-73.9772847,Mo-Su 08:00-20:00,default,yes,https://stpaulandstandrew.org/,,West 86th Street,263,,3.3,802.0,,238.0,45
way/270948862,Saint Ignatius of Antioch Church,,Culture,place_of_worship,40.7892773,-73.9771644,Mo-Su 08:00-20:00,default,no,https://www.saintignatiusnyc.org/,,West End Avenue,552,,4.3,1675.0,,238.0,45
way/271290369,Masjid Malcolm Shabazz,,Culture,place_of_worship,40.8019891,-73.9501962,Mo-Su 08:00-20:00,default,no,https://www.themasjidmalcolmshabazz.com/,+1 212-662-2200,West 116th Street,102,,3.8,856.0,,41.0,45
way/271291969,Saint Thomas the Apostle Roman Catholic Church (historical),,Culture,place_of_worship,40.8049223,-73.9532922,Mo-Su 08:00-20:00,default,no,,,,,,3.9,981.0,,41.0,45
way/271602933,La Casa Del Alfarero,,Culture,place_of_worship,40.801096,-73.9371494,Mo-Su 08:00-20:00,default,no,,,East 121st Street,207,,3.9,577.0,,74.0,45
way/271606954,Elmendorf Reformed Church,,Culture,place_of_worship,40.8016583,-73.9382543,Mo-Su 08:00-20:00,default,no,,,East 121st Street,171,,3.9,1346.0,,74.0,45
way/271630003,Mount Olivet Baptist Church,,Culture,place_of_worship,40.8049453,-73.9480698,Mo-Su 08:00-20:00,default,no,,,Lenox Avenue,201,,4.5,663.0,,41.0,45
way/271631722,Ebenezer Gospel Tabernacle,,Culture,place_of_worship,40.8054989,-73.947626,Mo-Su 08:00-20:00,default,no,,,Lenox Avenue,221,,4.2,251.0,,41.0,45
way/271631829,Saint Martin's Episcopal Church,,Culture,place_of_worship,40.8054746,-73.946589,Mo-Su 08:00-20:00,default,no,,,,,,4.1,768.0,,41.0,45
way/271631835,Bethelite Community Baptist Church,,Culture,place_of_worship,40.8061633,-73.9462676,Mo-Su 08:00-20:00,default,no,,,,,,5.0,328.0,,41.0,45
way/271277517,Church of the Good Neighbor,,Culture,place_of_worship,40.7927946,-73.9468708,Mo-Su 08:00-20:00,default,no,,,East 106th Street,115,,4.7,1775.0,,75.0,45
way/271798855,Greater Refuge Temple,,Culture,place_of_worship,40.8083086,-73.9482455,Mo-Su 08:00-20:00,default,no,https://www.greaterrefugetemple.org/,,,,,4.3,3266.0,,41.0,45
way/271803302,Church of the Master,,Culture,place_of_worship,40.8089858,-73.9553527,Mo-Su 08:00-20:00,default,no,,,Morningside Avenue,81,,4.3,1092.0,,41.0,45
way/271803329,Eglise Adventiste du 7eme jour,Morija 7th Day Adventist Church,Culture,place_of_worship,40.8071884,-73.9545987,Mo-Su 08:00-20:00,default,no,,,West 120th Street,314,,4.2,2129.0,,41.0,45
way/271807431,Pilgrim Cathedral,,Culture,place_of_worship,40.8076303,-73.9424498,Mo-Su 08:00-20:00,default,no,,,West 126th Street,15,,4.6,484.0,,42.0,45
way/271807938,Mount Moriah Baptist Church,,Culture,place_of_worship,40.8075673,-73.9418524,Mo-Su 08:00-20:00,default,no,,,5th Avenue,2050,,3.7,680.0,,42.0,45
way/271811786,Metropolitan Baptist Church,,Culture,place_of_worship,40.8109188,-73.9464102,Mo-Su 08:00-20:00,default,no,,,,,,3.9,760.0,,42.0,45
way/271812767,Greater Zion Hill Baptist Church,,Culture,place_of_worship,40.8114434,-73.950574,Mo-Su 08:00-20:00,default,no,,,Frederick Douglass Boulevard,2365,,4.6,554.0,,42.0,45
way/271813664,Salem United Methodist Church,,Culture,place_of_worship,40.8118927,-73.9467787,Mo-Su 08:00-20:00,default,no,,,,,,4.2,838.0,,42.0,45
way/271814751,Saint Aloysius Roman Catholic Church,,Culture,place_of_worship,40.8139017,-73.9458669,Mo-Su 08:00-20:00,default,no,,,West 132nd Street,219,,4.5,132.0,,42.0,45
way/271822573,A.M.E. Metropolitan Church,,Culture,place_of_worship,40.8135891,-73.9403917,Mo-Su 08:00-20:00,default,no,,,West 135th Street,58,,4.0,947.0,,42.0,45
way/271798859,Ephesus Seventh Day Adventist Church,,Culture,place_of_worship,40.8068686,-73.9468014,Mo-Su 08:00-20:00,default,no,,,,,,4.6,539.0,,41.0,45
way/271225625,St. Cecilia's Church,,Culture,place_of_worship,40.7922522,-73.94715,Mo-Su 08:00-20:00,default,no,http://www.saintceciliaparishnyc.org/,,East 106th Street,120,,3.5,1313.0,,75.0,45
way/271224384,Church of the Living Hope,,Culture,place_of_worship,40.7908257,-73.9465068,Mo-Su 08:00-20:00,default,no,,,East 104th Street,161,,4.0,308.0,,75.0,45
way/271222230,Iglesia Pentecostal Macedonia,,Culture,place_of_worship,40.78969,-73.9409605,Mo-Su 08:00-20:00,default,no,,+1 212-410-3412,East 106th Street,340,,4.0,690.0,,75.0,45
way/270975141,Annunciation Greek Orthodox Church,,Culture,place_of_worship,40.7920518,-73.9760257,Mo-Su 08:00-20:00,default,no,https://www.annunciation-nyc.org/,+1-212-724-2070,West 91st Street,302,,4.0,137.0,,238.0,45
way/270977369,Advent Lutheran Church,,Culture,place_of_worship,40.7926971,-73.9727002,Mo-Su 08:00-20:00,default,no,https://www.adventnyc.org/,+1 212 665 2504,Broadway,2504,,4.5,2218.0,,238.0,45
way/271003185,Holy Name of Jesus Catholic Church,,Culture,place_of_worship,40.7944859,-73.9706391,Mo-Su 08:00-20:00,default,yes,https://www.holynamenyc.org,+1 212-749-0276,,,,4.4,321.0,,238.0,45
way/271157807,Trinity Lutheran Church of Manhattan,,Culture,place_of_worship,40.796222,-73.968075,Mo-Su 08:00-20:00,default,no,http://www.trinitylutherannyc.org/,,West 100th Street,164,,4.1,795.0,,151.0,45
way/271172470,Jehovah's Witnesses West Manhattan Congregation,,Culture,place_of_worship,40.7946985,-73.9628734,Mo-Su 08:00-20:00,default,no,,,Central Park West,409,,4.4,1365.0,,151.0,45
way/271176991,Anshe Chesed,,Culture,place_of_worship,40.7978393,-73.9708428,Mo-Su 08:00-20:00,default,no,,,West 100th Street,251,,3.9,854.0,,151.0,45
way/271193399,Southern Baptist Church,,Culture,place_of_worship,40.7995401,-73.9601233,Mo-Su 08:00-20:00,default,no,,,West 108th Street,12,,4.4,2563.0,,24.0,45
way/271193902,Saint Gerasimos Greek Orthodox Church,,Culture,place_of_worship,40.7995911,-73.9652018,Mo-Su 08:00-20:00,default,no,https://www.stgnyc.org/,+1-212-749-0017,West 105th Street,153,,4.4,1503.0,,151.0,45
way/271193903,West End Presbyterian Church,,Culture,place_of_worship,40.7998263,-73.9657465,Mo-Su 08:00-20:00,default,no,https://westendchurchny.org,,West 105th Street,165,,4.2,2472.0,,151.0,45
way/271203193,Iglesia Pentecostal Juan 8:32,,Culture,place_of_worship,40.8029884,-73.9652416,Mo-Su 08:00-20:00,default,no,,,West 109th Street,221,,4.3,401.0,,24.0,45
way/271203237,Congregation Ramath Orah,,Culture,place_of_worship,40.8036501,-73.966094,Mo-Su 08:00-20:00,default,no,,,Cathedral Parkway,550,,4.7,1398.0,,24.0,45
way/271212662,East Ward Missionary Baptist Church,,Culture,place_of_worship,40.7882003,-73.9415211,Mo-Su 08:00-20:00,default,no,,+1 212-410-9073,1st Avenue,2011,,4.0,545.0,,75.0,45
way/271212705,St. Lucy's Church,,Culture,place_of_worship,40.7884567,-73.9419527,Mo-Su 08:00-20:00,default,no,http://www.saintlucychurch.com,,East 104th Street,340,,4.3,1158.0,,75.0,45
way/271219033,Segundia Iglesia Bautista Hispana,,Culture,place_of_worship,40.7896533,-73.9474719,Mo-Su 08:00-20:00,default,no,,+1 212-534-8672,East 102nd Street,163,,4.3,1026.0,,75.0,45
way/271219040,Living Grace Worship Center,,Culture,place_of_worship,40.7900497,-73.9465601,Mo-Su 08:00-20:00,default,no,http://livinggraceworshipcenter.com,+1 212-860-3732,East 103rd Street,165,,4.8,1885.0,,75.0,45
way/271219660,Iglesia Cristiana Spiritu Santo,,Culture,place_of_worship,40.7906528,-73.9490468,Mo-Su 08:00-20:00,default,no,,+1 212-427-5367,East 103rd Street,108,,4.3,1698.0,,75.0,45
way/271219666,Iglesia Gethsemani Pentecosta,,Culture,place_of_worship,40.7912137,-73.9484173,Mo-Su 08:00-20:00,default,no,,,East 104th Street,112,,3.8,1099.0,,75.0,45
way/271219709,Bethany Christian Church,,Culture,place_of_worship,40.790767,-73.9481706,Mo-Su 08:00-20:00,default,no,,+1 212-831-9398,East 103rd Street,133,,4.8,671.0,,75.0,45
way/271219737,Saint George & Saint Demetrios Greek Orthodox Church,,Culture,place_of_worship,40.7902776,-73.9480382,Mo-Su 08:00-20:00,default,no,https://stgeorge-stdemetrios.ny.goarch.org/,+1-212-722-6750;+1-212-774-0584,East 103rd Street,140,,3.9,474.0,,75.0,45
way/270948789,Congregation B'nai Jeshurun,,Culture,place_of_worship,40.7901028,-73.9761675,Mo-Su 08:00-20:00,default,no,https://www.bj.org/,,West 88th Street,257,,3.8,427.0,,238.0,45
way/387386578,Glen Span Arch,Glen Span Arch,Landmark,attraction,40.7946779,-73.9591729,24/7,default,no,https://www.centralparknyc.org/locations/glen-span-arch,,,,,4.0,324.0,,43.0,30
way/284880674,Blackwell House,,Landmark,attraction,40.7603348,-73.9511335,24/7,default,no,,,Main Street,500,,4.1,2058.0,,202.0,30
way/580516390,Bow Bridge,,Landmark,attraction,40.7757593,-73.971768,24/7,default,no,https://www.centralparknyc.org/locations/bow-bridge,,,,,3.7,3371.0,,43.0,30
way/266874646,Jan Hus Church,,Culture,place_of_worship,40.7695645,-73.9554953,Mo-Su 08:00-20:00,default,no,https://janhus.org/,,East 74th Street,351,,4.4,1824.0,,141.0,45
way/266879271,Park East Synagogue,,Culture,place_of_worship,40.7669961,-73.9633664,Mo-Su 08:00-20:00,default,no,https://parkeastsynagogue.org/,+1 212-737-6900,East 67th Street,163,,4.0,1584.0,,237.0,45
way/266879939,St. Jean Baptiste Church,,Culture,place_of_worship,40.7726132,-73.9600254,Mo-Su 08:00-20:00,default,no,http://stjeanbaptisteny.org/,,Lexington Avenue,1067,,3.8,1630.0,,237.0,45
way/266894275,Saint James Church,,Culture,place_of_worship,40.7711245,-73.9653809,Mo-Su 08:00-20:00,default,no,https://www.stjames.org/,,Madison Avenue,865,,4.3,1245.0,,237.0,45
way/266894421,Temple Israel,,Culture,place_of_worship,40.7725694,-73.9618479,Mo-Su 08:00-20:00,default,no,http://templeisraelnyc.org/,,East 75th Street,112,,3.8,390.0,,237.0,45
way/266894428,Church of the Resurrection,,Culture,place_of_worship,40.772251,-73.9619339,Mo-Su 08:00-20:00,default,no,http://www.resurrectionnyc.org/,,East 74th Street,119,,4.4,374.0,,237.0,45
way/266899967,Temple Shaaray Tefila,,Culture,place_of_worship,40.7732323,-73.9555454,Mo-Su 08:00-20:00,default,no,https://shaaraytefilanyc.org/,+1 212-535-8008,East 79th Street,250,,4.4,267.0,,141.0,45
way/266900593,East Manhattan Congregation of Jehovah's Witnesses,,Culture,place_of_worship,40.7719595,-73.9533645,Mo-Su 08:00-20:00,default,no,,,1st Avenue,1499,,4.5,298.0,,141.0,45
way/266874645,Cathedral of the Holy Trinity,,Culture,place_of_worship,40.7698293,-73.95612,Mo-Su 08:00-20:00,default,no,https://www.thecathedralnyc.org/,+1-212-288-3215,East 74th Street,337,,4.4,1319.0,,141.0,45
way/266901356,The Yorkville Synagogue,,Culture,place_of_worship,40.7717245,-73.9539068,Mo-Su 08:00-20:00,default,no,http://yorkvilleshul.com/,+1 212-249-0766,East 78th Street,352,,4.0,1274.0,,141.0,45
way/266904793,Saint Joseph's Church,,Culture,place_of_worship,40.7770844,-73.9484111,Mo-Su 08:00-20:00,default,no,https://www.stjosephsyorkville.org/,+1 212-289-6030,East 87th Street,406,,4.3,519.0,,262.0,45
way/296038615,Harlem Fire Watchtower,,Landmark,viewpoint,40.8041111,-73.9435894,24/7,default,no,,,,,,3.7,208.0,,74.0,30
way/546663191,Gapstow Bridge,,Landmark,attraction,40.7669275,-73.9738307,24/7,default,no,https://www.centralparknyc.org/locations/gapstow-bridge,,,,,4.2,285.0,,43.0,30
way/266909355,Hungarian Baptist Church,,Culture,place_of_worship,40.7746452,-73.9555558,Mo-Su 08:00-20:00,default,no,https://www.hungarianbaptistchurchnyc.org/,,East 80th Street,225,,4.2,647.0,,263.0,45
way/266910327,Zion Saint Mark's Church,,Culture,place_of_worship,40.7761161,-73.9510466,Mo-Su 08:00-20:00,default,no,http://www.zionstmarks.org/,,East 84th Street,339,,4.4,628.0,,263.0,45
way/266910535,Saint Elizabeth of Hungary Roman Catholic Church,,Culture,place_of_worship,40.7767104,-73.9546204,Mo-Su 08:00-20:00,default,no,,,East 83rd Street,211,,4.1,1436.0,,263.0,45
way/266915759,Our Lady of Good Counsel Church,,Culture,place_of_worship,40.780644,-73.9509645,Mo-Su 08:00-20:00,default,no,https://olgcstm.org/,+1 212-281-7842,East 90th Street,232,,4.3,1030.0,,263.0,45
way/266902078,St. Monica Church,,Culture,place_of_worship,40.7723534,-73.9518326,Mo-Su 08:00-20:00,default,no,http://stmonicanyc.org/,,East 79th Street,409,,4.4,234.0,,262.0,45
way/266873609,Christ the Savior Orthodox Church,,Culture,place_of_worship,40.7671104,-73.9570671,Mo-Su 08:00-20:00,default,no,https://christthesaviornyc.org/,+1-212-744-8502,East 71st Street,340,,4.5,1305.0,,141.0,45
way/266873438,First Hungarian Reformed Church,First Hungarian Reformed Church,Culture,place_of_worship,40.7661157,-73.9584991,Mo-Su 08:00-20:00,default,no,https://www.parokia.hu/lap/fhrcnyc/cikk/mutat/first-hungarian-reformed-church-of-new-york-city/,,East 69th Street,346,,3.8,658.0,,141.0,45
way/266866307,St. Catherine of Siena Church,,Culture,place_of_worship,40.7653143,-73.9570198,Mo-Su 08:00-20:00,default,no,,,,,,4.2,718.0,,140.0,45
way/265520328,Church of the Covenant,,Culture,place_of_worship,40.7493093,-73.9717968,Mo-Su 08:00-20:00,default,no,http://covenantnyc.org/,,East 42nd Street,310,,4.3,2514.0,,233.0,45
way/265799244,Salvation and Deliverence Church,,Culture,place_of_worship,40.8016583,-73.9480902,Mo-Su 08:00-20:00,default,no,https://www.sndhq.org,+1 212-722-5488,West 116th Street,37,,4.6,280.0,,41.0,45
way/265800196,Bethel Way of the Cross Church of Christ,,Culture,place_of_worship,40.8027269,-73.9467427,Mo-Su 08:00-20:00,default,no,,,West 118th Street,23,,4.4,2316.0,,41.0,45
way/265869490,Saint Agnes Church,,Culture,place_of_worship,40.7518997,-73.9744477,Mo-Su 08:00-20:00,default,no,https://www.stagneschurchnyc.org/,,East 43rd Street,143,,4.3,1914.0,,162.0,45
way/266010326,Church of Sweden,,Culture,place_of_worship,40.7572087,-73.977389,Mo-Su 08:00-20:00,default,no,,,East 48th Street,5,,4.9,1814.0,,161.0,45
way/266024854,St. Luke's Church,,Culture,place_of_worship,40.7598671,-73.9886829,Mo-Su 08:00-20:00,default,no,http://www.stlukesnyc.org/,,West 46th Street,308,,4.3,1845.0,,48.0,45
way/266033992,Holy Cross Catholic Church,,Culture,place_of_worship,40.7581531,-73.9911636,Mo-Su 08:00-20:00,default,no,https://holycrossnyc.com/,,West 42nd Street,329,,4.3,815.0,,48.0,45
way/266149309,Church of Scientology of New York,,Culture,place_of_worship,40.7594616,-73.9865652,Mo-Fr 09:00-22:00; Sa-Su 09:00-18:30,osm,no,https://www.scientology-newyork.org/,,West 46th Street,227,,4.1,2794.0,,230.0,45
way/266151919,Saint Malachy Church,,Culture,place_of_worship,40.7615716,-73.9857449,Mo-Su 08:00-20:00,default,no,https://www.actorschapel.org/,,West 49th Street,241,,3.9,2725.0,,230.0,45
way/266170537,Church of Saint Mary the Virgin,,Culture,place_of_worship,40.7583578,-73.9836159,Mo-Su 08:00-20:00,default,no,https://www.stmvirgin.org/,,West 46th Street,145,,4.4,261.0,,230.0,45
way/266233360,Central Synagogue,,Culture,place_of_worship,40.7595855,-73.9705658,Mo-Su 08:00-20:00,default,no,https://www.centralsynagogue.org/,,,,,4.3,149.0,,162.0,45
way/266233450,Msil Shuva Israel,,Culture,place_of_worship,40.7616612,-73.9694858,Mo-Su 08:00-20:00,default,no,,,East 58th Street,,,4.4,1624.0,,162.0,45
way/266236180,Central Presbyterian Church,,Culture,place_of_worship,40.7657033,-73.9672671,Mo-Su 08:00-20:00,default,no,https://www.centralchurchnyc.org/,,Park Avenue,593,,4.0,883.0,,237.0,45
way/266237396,Providence Baptist Church,,Culture,place_of_worship,40.7640492,-73.9660768,Mo-Su 08:00-20:00,default,no,https://pbc.nyc/,,East 62nd Street,153,,4.9,533.0,,237.0,45
way/266238410,Trinity Baptist Church,,Culture,place_of_worship,40.7619096,-73.9641123,Mo-Su 08:00-20:00,default,no,http://www.tbcny.org/,,East 61st Street,250,,3.8,2617.0,,141.0,45
way/266244347,Church Of Our Lady Of Peace,,Culture,place_of_worship,40.7629888,-73.9635535,Mo-Su 08:00-20:00,default,no,http://www.churchofourladyofpeace.org/,,East 62nd Street,239,,4.9,802.0,,141.0,45
way/266853180,Church of St. Vincent Ferrer,,Culture,place_of_worship,40.7662012,-73.9646622,Mo-Su 08:00-20:00,default,no,https://www.csvf.org/,,,,,4.6,2339.0,,237.0,45
way/266864072,Temple Emanu-El,,Culture,place_of_worship,40.768019,-73.9695834,Mo-Su 08:00-20:00,default,no,,,East 65th Street,1,,3.9,542.0,,237.0,45
way/266866300,Saint John Nepomucene Catholic Church,,Culture,place_of_worship,40.7640088,-73.9583171,Mo-Su 08:00-20:00,default,no,https://www.stjohnnepomucene.org/,+1 212-734-4613,East 66th Street,411,,4.6,3079.0,,140.0,45
way/266921726,Islamic Cultural Center of New York,,Culture,place_of_worship,40.7854708,-73.948571,Mo-Su 08:00-20:00,default,no,https://www.icc-ny.us/,,3rd Avenue,1711,,4.4,395.0,,75.0,45
way/266923308,St. Francis de Sales Church,,Culture,place_of_worship,40.7863167,-73.9512563,"Mo-Fr 08:00-16:00; Sa, Su 08:30-16:00",osm,no,https://www.sfdsnyc.org/,+1 212-289-0425,East 96th Street,137,,4.9,523.0,,75.0,45
way/25419502,Two Coves Community Garden,,Park,garden,40.7723476,-73.9318779,24/7,default,no,http://www.twocovescommunitygarden.org/,,,,,4.4,4602.0,,179.0,60
way/266926166,Church of the Heavenly Rest,,Culture,place_of_worship,40.7836884,-73.9581905,Mo-Su 08:00-20:00,default,no,https://www.heavenlyrest.org/,,5th Avenue,,,4.7,1584.0,,236.0,45
way/1121218991,Huddlestone Arch,Huddlestone Arch,Landmark,attraction,40.7957947,-73.9556793,24/7,default,no,https://www.centralparknyc.org/locations/huddlestone-arch,,,,,4.3,1448.0,,43.0,30
way/266925678,Brick Presbyterian Church,,Culture,place_of_worship,40.7837334,-73.9551879,Mo-Su 08:00-20:00,default,no,https://www.brickchurch.org/,,Park Avenue,1140,,4.2,1250.0,,236.0,45
way/269227112,"Second Church of Christ, Scientist",,Culture,place_of_worship,40.7739832,-73.9791668,Mo-Su 08:00-20:00,default,no,,,West 68th Street,30,,3.3,631.0,,142.0,45
way/958635828,Bethesda Fountain,,Landmark,attraction,40.7743162,-73.9708332,24/7,default,no,https://www.centralparknyc.org/locations/bethesda-fountain,,,,,4.2,398.0,,43.0,30
way/269229979,Congregation Sherith Israel,,Landmark,place_of_worship,40.7748551,-73.9773498,24/7,default,no,https://www.shearithisrael.org/,,Central Park West,,,4.3,849.0,,142.0,30
way/269233876,Lincoln Square Synagogue,,Culture,place_of_worship,40.7764161,-73.9836538,Mo-Su 08:00-20:00,default,yes,https://www.lss.org/,,Amsterdam Avenue,180,,4.8,2815.0,,143.0,45
way/269233877,West End Synagogue,,Culture,place_of_worship,40.7766002,-73.9834711,Mo-Su 08:00-20:00,default,no,https://westendsynagogue.org/,+1-212-579-0777,Amsterdam Avenue,190,,4.0,709.0,,143.0,45
way/269289735,Rutgers Church,,Culture,place_of_worship,40.7795938,-73.9824431,Mo-Su 08:00-20:00,default,no,https://www.rutgerschurch.org/,,West 73d Street,236,,4.2,557.0,,143.0,45
way/269294950,Universalist Church of New York,,Culture,place_of_worship,40.7787574,-73.9745886,Mo-Su 08:00-20:00,default,no,,,Central Park West,160,,4.3,436.0,,239.0,45
way/269297172,West Side Institutional Synagogue,,Culture,place_of_worship,40.7802638,-73.9781535,Mo-Su 08:00-20:00,default,limited,https://www.wsisny.org/,,West 76th Street,122,,3.8,1316.0,,239.0,45
way/269302949,West End Collegiate Church,,Culture,place_of_worship,40.783039,-73.9815543,Mo-Su 08:00-20:00,default,no,https://www.westendchurch.org/,,West End Avenue,368,,4.4,420.0,,239.0,45
way/269307361,Mount Pleasant Baptist Church,,Culture,place_of_worship,40.7837512,-73.9762549,Mo-Su 08:00-20:00,default,no,,,West 81st Street,142,,4.5,482.0,,239.0,45
way/269309257,St. Volodymyr Orthodox Cathedral,,Culture,place_of_worship,40.7845942,-73.9762847,Mo-Su 08:00-20:00,default,no,https://stvuoc.org/,+1-212-873-8550,West 82nd Street,160,,4.3,1542.0,,239.0,45
way/269232102,Church of the Blessed Sacrament,,Culture,place_of_worship,40.7771101,-73.981222,Mo-Su 08:00-20:00,default,no,https://www.blessedsacramentnyc.com/,,West 71st Street,152,,4.2,1151.0,,142.0,45
way/928018701,Moynihan Train Hall,,Landmark,attraction,40.7512987,-73.9953378,24/7,default,yes,,,,,,3.9,854.0,,68.0,30
way/269227110,"First Church of Christ, Scientist",,Culture,place_of_worship,40.7736177,-73.978297,Mo-Su 08:00-20:00,default,no,https://firstchristiansciencechurchnyc.com,+1-212-877-6100,,,,4.1,440.0,,142.0,45
way/269224876,Christ and Saint Stephen's Church,,Culture,place_of_worship,40.775629,-73.9813182,Mo-Su 08:00-20:00,default,no,,,West 69th Street,122,,4.1,231.0,,142.0,45
way/266926556,Church of Saint Thomas More,,Culture,place_of_worship,40.782749,-73.9567285,Mo-Su 08:00-20:00,default,no,https://thomasmorechurch.org,+1 212-876-7718,East 89th Street,59,,4.0,636.0,,236.0,45
way/266927303,Unitarian Church of All Souls,,Culture,place_of_worship,40.7753259,-73.9581923,Mo-Su 08:00-20:00,default,no,https://allsoulsnyc.org/,+1 212 535 5530,Lexington Avenue,1157,,4.1,659.0,,236.0,45
way/266928800,Manhattan Church of Christ,,Culture,place_of_worship,40.7766333,-73.9613189,Mo-Su 08:00-20:00,default,no,https://www.manhattanchurch.org/,,East 80th Street,48,,4.2,1173.0,,236.0,45
way/266932811,Church of Saint Ignatius Loyola,,Culture,place_of_worship,40.7789529,-73.9589553,Mo-Su 08:00-20:00,default,no,,,,,,4.5,475.0,,236.0,45
way/266933141,Park Avenue Christian Church,,Culture,place_of_worship,40.7794885,-73.9582631,Mo-Su 08:00-20:00,default,no,https://www.parkavenuechristian.com/,,Park Avenue,1010,,3.8,347.0,,236.0,45
way/266933299,Immanuel Lutheran Church,,Culture,place_of_worship,40.7806955,-73.9549979,Mo-Su 08:00-20:00,default,no,https://www.immanuelnyc.org,+1-212-289-8128,East 88th Street,124,,4.0,603.0,,236.0,45
way/585788256,Central Park Carousel,,Landmark,attraction,40.7699426,-73.9752476,24/7,default,no,https://www.centralparknyc.org/locations/carousel,,,,,3.8,354.0,,43.0,30
way/266933639,Park Avenue Synagogue,,Culture,place_of_worship,40.7811161,-73.9579547,Mo-Su 08:00-20:00,default,no,https://pasyn.org/,+1 212-369-2600,East 87th Street,50,,4.0,924.0,,236.0,45
way/591988949,Ripley's Believe It or Not!,,Landmark,attraction,40.756466,-73.9885078,Mo-Su 09:00-01:00,osm,no,https://ripleysnewyork.com,+1-212-398-3133,West 42nd Street,234,,4.3,640.0,,100.0,30
way/266941348,Saint Nicholas Russian Orthodox Church,,Culture,place_of_worship,40.7882831,-73.9540597,Mo-Su 08:00-20:00,default,no,https://mospatusa.com/stnicholascathedral.html,+1-877-431-7348,East 97th Street,15,,4.1,381.0,,75.0,45
way/266941471,Ebenezer Wesleyan Methodist Church & Community Center,,Culture,place_of_worship,40.7886948,-73.9491979,Mo-Su 08:00-20:00,default,no,,+1 212-534-5655,Lexington Avenue,1572,,4.2,405.0,,75.0,45
way/269219552,Holy Trinity Lutheran Church,,Culture,place_of_worship,40.7720687,-73.9794097,Mo-Su 08:00-20:00,default,no,https://www.holytrinitynyc.org/,,West 65th Street,3,,4.4,191.0,,142.0,45
way/702492597,Diamond District,Diamond District,Landmark,attraction,40.7573718,-73.9801578,24/7,default,no,,,,,,4.2,8622.0,,161.0,30
way/713565776,One World Trade Center,One World Trade Center,Landmark,attraction,40.7129993,-74.0131894,24/7,default,no,https://www.wtc.com/,,Fulton Street,285,,4.2,447.0,,261.0,30
way/890862705,Lower East Side Skatepark,,Landmark,attraction,40.7113458,-73.9928785,24/7,default,no,,,,,,4.1,513.0,,45.0,30
way/269223977,Good Shepherd Faith Church,,Culture,place_of_worship,40.7743301,-73.9839024,Mo-Su 08:00-20:00,default,no,https://goodshepherdfaith.com/,,West 66th Street,152,,4.5,515.0,,142.0,45
way/269313805,First Baptist Church,,Culture,place_of_worship,40.784296,-73.9802365,Mo-Su 08:00-20:00,default,no,http://firstbaptist-nyc.org,,West 79th Street,265,,4.2,481.0,,239.0,45
relation/3357433,Our Lady of Pompeii Church,,Culture,place_of_worship,40.7305607,-74.0029047,Mo-Su 08:00-20:00,default,no,https://www.olpnyc.org/,,Carmine Street,25,,4.8,1534.0,,249.0,45
relation/3625893,Greater Bethel African Methodist Episcopal Church,,Culture,place_of_worship,40.8061146,-73.9461601,Mo-Su 08:00-20:00,default,no,,,West 123rd Street,32,,4.4,1074.0,,41.0,45
relation/20779582,Hudson River Park Estuarine Sanctuary,,Park,nature_reserve,40.7462395,-74.0052928,24/7,default,no,https://hudsonriverpark.org/the-park/river-sanctuary/,,,,,4.6,748.0,,246.0,60
relation/20153665,LaGuardia Corner Gardens,,Park,garden,40.7277282,-73.9990274,24/7,default,no,https://www.laguardiacornergarden.org,,Laguardia Place,511,,4.5,1137.0,,114.0,60
relation/16033971,Gardens of Remembrance,,Park,garden,40.702519,-74.0162739,24/7,default,no,,,,,,4.5,13681.0,,12.0,60
relation/16029654,Tiffany Woodland Gardens,,Park,garden,40.7020793,-74.0148965,24/7,default,no,,,,,,4.9,3330.0,,12.0,60
relation/14032470,Schiff Mall,,Park,garden,40.7194102,-73.9910451,24/7,default,no,https://www.nycgovparks.org/parks/schiff-mall/,,,,,4.8,2610.0,,148.0,60
relation/3573490,St. Bartholomew's,,Culture,place_of_worship,40.7572136,-73.9730736,Mo-Su 08:00-20:00,default,no,https://stbarts.org/,,Park Avenue,325,,3.6,381.0,,162.0,45
relation/13694947,Heather Garden,,Park,garden,40.8606292,-73.9338482,24/7,default,no,https://www.nycgovparks.org/parks/fort-tryon-park/highlights/12337,,,,,5.0,2811.0,,243.0,60
relation/17563990,Iglesia Pentecostal el Sinai,,Culture,place_of_worship,40.8009229,-73.9641687,Mo-Su 08:00-20:00,default,no,,+1-973-246-2873,West 107th Street,163,,4.1,629.0,,24.0,45
relation/9489179,Cathedral of St. Sava,,Culture,place_of_worship,40.7437647,-73.989894,Mo-Su 08:00-20:00,default,no,https://www.stsavanyc.org/,,West 26th Street,20,,4.9,2937.0,,234.0,45
relation/9219294,Saint Spyridon Greek Orthodox Church,,Culture,place_of_worship,40.8488681,-73.9360651,Mo-Su 08:00-20:00,default,no,https://www.saintspyridon.net/,+1-212-795-5870,Wadsworth Avenue,124,,5.0,704.0,,244.0,45
relation/3718815,בית הכנסת סאטמר,,Culture,place_of_worship,40.7045048,-73.9600501,Mo-Su 08:00-20:00,default,no,,,Rodney Street,,,4.3,237.0,,217.0,45
relation/3629376,Church of the Intercession,,Culture,place_of_worship,40.8321227,-73.9453051,Mo-Su 08:00-20:00,default,no,,,Broadway,3718,,4.7,314.0,,116.0,45
relation/13599516,Bosque Gardens,,Park,garden,40.7022531,-74.0160442,24/7,default,no,,,,,,4.6,1454.0,,12.0,60
relation/14374902,Swindler Cove Park,,Park,nature_reserve,40.8574471,-73.9220988,24/7,default,no,,,,,,4.3,1791.0,,127.0,60
relation/14727220,Korean War Veterans Plaza Wall of Honor,,Landmark,memorial,40.6960105,-73.9906498,24/7,default,no,,,,,,3.9,649.0,,65.0,30
relation/3910502,Aqueduct Walk,,Park,park,40.8592962,-73.9075663,24/7,default,no,https://www.nycgovparks.org/parks/X001A/map,,,,,4.3,6817.0,,235.0,60
relation/10170445,Low Plaza,,Park,park,40.8076784,-73.9622466,24/7,default,no,,,,,,4.2,4175.0,,166.0,60
relation/10571875,Duke Ellington Circle,,Park,park,40.7968563,-73.949257,24/7,default,no,,,,,,4.9,2321.0,,43.0,60
relation/11037505,Charles B. Benenson Grove,,Park,park,40.7714021,-73.9835705,24/7,default,no,,,,,,4.3,2910.0,,142.0,60
relation/11077079,African Burial Ground National Monument,,Park,park,40.7145261,-74.004464,24/7,default,no,,,Broadway,290,,4.9,4087.0,,231.0,60
relation/11225305,Honey Locust Park,,Park,park,40.7601461,-73.9628632,24/7,default,no,https://www.nycgovparks.org/parks/honey-locust-park,,,,,4.3,5154.0,,141.0,60
relation/12045634,Bridge Park 3,,Park,park,40.7002536,-73.9854547,24/7,default,no,https://www.nycgovparks.org/parks/bridge-park-3/map,,Prospect Street,,,4.2,6036.0,,66.0,60
relation/12922566,Under The K Bridge Park,,Park,park,40.7262108,-73.931148,24/7,default,no,https://www.instagram.com/underthek/,,,,,4.6,2736.0,,80.0,60
relation/9340888,United Nations Garden,,Park,park,40.7509687,-73.9664023,24/7,default,no,,,,,,4.2,1721.0,,233.0,60
relation/13613032,Thomas Paine Park,,Park,park,40.7147806,-74.0023618,Mo-Su 06:00-01:00,osm,no,https://www.nycgovparks.org/parks/thomas-paine-park,,,,,4.7,9355.0,,45.0,60
relation/13902286,McCarren Park,,Park,park,40.7211155,-73.9522671,24/7,default,no,https://www.nycgovparks.org/parks/mccarren-park/,,,,,4.3,5050.0,,255.0,60
relation/14374901,Sherman Creek,,Park,park,40.8600163,-73.9192626,24/7,default,no,https://www.nycgovparks.org/parks/sherman-creek-park,,,,,3.9,2192.0,,127.0,60
relation/14523417,Newtown Creek Nature Walk,,Park,park,40.7358077,-73.9476547,24/7,default,no,,,,,,4.5,1690.0,,112.0,60
relation/14735368,Henry Hudson Park,,Park,park,40.8814861,-73.9199974,24/7,default,no,,,,,,4.2,2051.0,,220.0,60
relation/14982184,Macombs Dam Park,,Park,park,40.8283317,-73.9291665,24/7,default,no,https://www.nycgovparks.org/parks/macombs-dam-park,,,,,4.6,3012.0,,247.0,60
relation/15429442,La Guardia Playground,,Park,park,40.7101719,-73.9594209,24/7,default,no,,,,,,3.8,641.0,,256.0,60
relation/15461143,Grant Avenue Park,,Park,park,40.8368823,-73.9129144,24/7,default,no,,,,,,4.3,5047.0,,69.0,60
relation/13678220,Bella Abzug Park,,Park,park,40.7558419,-74.0003811,24/7,default,no,,,,,,3.7,2346.0,,246.0,60
relation/8456861,Columbia University Well Garden,,Park,park,40.8081586,-73.9607078,24/7,default,no,,,,,,4.3,10627.0,,166.0,60
relation/8176996,Old Slip Park,,Park,park,40.7038707,-74.0085649,24/7,default,no,,,Old Slip,,,4.4,4754.0,,87.0,60
relation/7109446,Theodore Roosevelt Park,,Park,park,40.7813637,-73.9740819,24/7,default,no,https://www.nycgovparks.org/parks/theodore-roosevelt-park/,,Central Park West,200,,4.5,636.0,,239.0,60
relation/18351439,Rockefeller Center,Rockefeller Center,Landmark,attraction,40.7592398,-73.9800939,24/7,default,yes,https://www.rockefellercenter.com/,+1 212-332-6868,Rockefeller Plaza,45,,4.4,1188.0,,161.0,30
relation/7141751,The High Line,,Park,attraction,40.7479527,-74.0039539,Mo-Su 07:00-19:00,osm,yes,https://www.thehighline.org/,+1 212-500-6035,,,"The High Line is a 1.45-mile-long elevated linear park, greenway, and rail trail created on a former New York Central Railroad spur on the west side of Manhattan in New York City.",3.9,13908.0,,68.0,60
relation/6424088,The Cloisters,,Landmark,attraction,40.8648228,-73.9317918,24/7,default,no,https://www.metmuseum.org/visit/plan-your-visit/met-cloisters,,Margaret Corbin Drive,99,,4.0,1258.0,,243.0,30
relation/3624833,Cathedral of Saint John the Divine,,Landmark,attraction,40.803767,-73.9617468,24/7,default,no,https://www.stjohndivine.org,,Amsterdam Avenue,1047,,4.1,712.0,,166.0,30
relation/1341944,The Dakota,,Landmark,attraction,40.7767769,-73.9761539,24/7,default,no,,,West 72nd Street,1,,3.9,1301.0,,142.0,30
relation/1751075,John Jay Park,,Park,park,40.7692516,-73.9496384,24/7,default,no,,,,,,4.0,6380.0,,140.0,60
relation/3690749,Franz Sigel Park,,Park,park,40.8232862,-73.925748,24/7,default,no,,,,,,4.4,1417.0,,247.0,60
relation/3690816,Highbridge Park,,Park,park,40.8460051,-73.9319502,24/7,default,no,https://www.nycgovparks.org/parks/highbridge-park/;https://www.nycgovparks.org/parks/highbridge-park_bronx/,,,,,4.4,9568.0,,120.0,60
relation/4099553,Sara D. Roosevelt Park,,Park,park,40.7196275,-73.9925973,24/7,default,no,https://www.nycgovparks.org/parks/sara-d-roosevelt-park,,,,,4.3,4662.0,,148.0,60
relation/5625630,Fort Tryon Park,,Park,park,40.8619781,-73.9326365,24/7,default,no,https://www.nycgovparks.org/parks/fort-tryon-park,,,,,4.3,6417.0,,243.0,60
relation/6802606,Mannahatta Park,,Park,park,40.704784,-74.0066646,24/7,default,no,https://www.nycgovparks.org/parks/mannahatta-park,,Wall Street,,,4.7,15358.0,,87.0,60
relation/6992452,Dag Hammarskjold Plaza,,Park,park,40.7523203,-73.9688866,24/7,default,no,https://hammarskjoldplaza.org,,,,,4.4,5975.0,,233.0,60
relation/7095444,Union Square Park,,Park,park,40.7358088,-73.9904565,24/7,default,no,https://www.nycgovparks.org/parks/union-square-park,,Park Avenue South,201,1,4.5,9869.0,,234.0,60
relation/7095669,Stuyvesant Square,,Park,park,40.7336501,-73.9839997,24/7,default,no,https://www.nycgovparks.org/parks/stuyvesant-square,,,,,4.3,6351.0,,107.0,60
relation/15534187,Maspeth Park,,Park,park,40.7314953,-73.9251163,24/7,default,no,https://www.nycgovparks.org/parks/maspeth-park/,,,,,4.4,3324.0,,226.0,60
relation/15902634,Brooklyn Banks,,Park,park,40.7114732,-74.0029473,24/7,default,no,,,,,,4.5,4282.0,,45.0,60
relation/11510854,Serpentine Structures,,Landmark,artwork,40.7228701,-74.0121533,24/7,default,no,https://hudsonriverpark.org/activities/serpentine-structures/,,,,,4.7,2199.0,,231.0,30
relation/16000824,Sutton Parks,,Park,park,40.7565069,-73.9605051,24/7,default,no,https://www.nycgovparks.org/parks/sutton-parks,,,,,4.8,2431.0,,229.0,60
relation/17722706,Two Too Large Tables,,Landmark,artwork,40.7537791,-74.0076615,24/7,default,no,https://hudsonriverpark.org/activities/two-too-large-tables/,,,,,3.7,2147.0,,246.0,30
relation/7281773,Museum of Jewish Heritage,,Museum,museum,40.7060437,-74.0186031,We-Su 10:00-17:00; Th 10:00-20:00; Sa off,osm,yes,https://mjhnyc.org/,,,,,4.6,6496.0,,13.0,120
relation/3698894,The Metropolitan Museum of Art,The Metropolitan Museum of Art,Museum,museum,40.7793968,-73.9634178,10:00-17:00; Fr-Sa 10:00-21:00; We off; May Mo[1] off; Nov Th[4] off; Dec 25 off; Jan 01 off,osm,yes,https://www.metmuseum.org/,+1 212-535-7710,5th Avenue,1000,,4.1,1664.0,,43.0,120
relation/3606825,New-York Historical Society,,Museum,museum,40.779286,-73.974265,Tu-Su 11:00-17:00; Fr 11:00-20:00,osm,yes,https://www.nyhistory.org/,+1 212-873-3400,Central Park West,170,,3.7,1461.0,,239.0,120
relation/20781110,Inwood Hill Park,,Park,park,40.8722604,-73.9253479,24/7,default,no,https://www.nycgovparks.org/parks/inwood-hill-park,,,,,4.8,2409.0,,128.0,60
relation/20781076,Riverside Park South,,Park,park,40.7772239,-73.990521,24/7,default,no,https://www.nycgovparks.org/parks/riverside-park-south,,,,,4.7,3005.0,,143.0,60
relation/20662454,River Avenue Parks,,Park,park,40.8254997,-73.9268251,24/7,default,no,https://www.nycgovparks.org/parks/river-avenue-parks,,,,,4.6,1397.0,,247.0,60
relation/20065064,Mill Rock Park,,Park,park,40.7804775,-73.9385885,24/7,default,no,https://www.nycgovparks.org/parks/mill-rock-park,,,,,4.5,319.0,,262.0,60
relation/19816039,Mount Eden Malls,,Park,park,40.8429572,-73.9097973,24/7,default,no,,,,,,4.4,949.0,,169.0,60
relation/16231018,Vessel,Vessel,Landmark,artwork,40.7538056,-74.0021586,24/7,default,yes,https://www.hudsonyardsnewyork.com/discover/vessel,,,,"A cascading set of staircases by architect Thomas Heatherwick. Vessel was opened March 15, 2019 and is located in Hudson Yards in Manhattan.",4.6,1862.0,,246.0,30
relation/17327758,Trinity Park,,Park,park,40.6991706,-73.9846524,24/7,default,no,https://www.nycgovparks.org/parks/trinity-park/,,Nassau Street,,,4.6,11817.0,,66.0,60
relation/17563989,Booker T Washington Playground,,Park,park,40.8009593,-73.9637796,24/7,default,no,https://www.nycgovparks.org/parks/booker-t-washington-playground,,,,,4.2,14163.0,,24.0,60
relation/16090931,Reverend T. Wendell Foster Park,,Park,park,40.8327661,-73.924313,24/7,default,no,https://www.nycgovparks.org/parks/foster-park,,,,,4.8,2896.0,,247.0,60
relation/16711715,Grand Army Plaza,,Park,park,40.7643938,-73.9734133,24/7,default,no,,,Grand Army Plaza,,,4.8,1444.0,,163.0,60
relation/17033398,Catherine Slip Malls,,Park,park,40.7097474,-73.9962146,24/7,default,no,https://www.nycgovparks.org/parks/catherine-slip-malls,,Catherine Slip,,,4.3,2150.0,,45.0,60
relation/16822857,Rector Park,,Park,park,40.7091901,-74.0169212,24/7,default,no,https://bpca.ny.gov/place/rector-park/,,Rector Place,,,4.3,1503.0,,13.0,60
relation/17283426,Clumber Corner,,Park,park,40.7007805,-73.9891664,24/7,default,no,,,Prospect Street,,,4.9,2845.0,,66.0,60
relation/17295579,Playground One Thirty Four CXXXIV,,Park,park,40.8031244,-73.9177674,24/7,default,no,https://www.nycgovparks.org/parks/playground-one-thirty-four-cxxxiv,,,,,4.6,2217.0,,168.0,60
relation/17285229,Anchorage Plaza,,Park,park,40.7021402,-73.992269,24/7,default,no,,,,,,4.0,4344.0,,66.0,60
relation/17290189,Cadman Plaza Park,,Park,park,40.6985199,-73.9905345,06:00-25:00,osm,no,https://www.nycgovparks.org/parks/cadman-plaza-park-and-brooklyn-war-memorial/,,,,,3.9,3313.0,,65.0,60
node/10861543609,DC Moore Gallery,,Museum,gallery,40.7477676,-74.006149,Tu-Sa 10:00-18:00,osm,no,https://www.dcmooregallery.com,+1-212-247-2111,West 22nd Street,535,,3.8,9805.0,,246.0,120
node/10861543610,Dia Chelsea,,Museum,gallery,40.7478387,-74.0063018,We-Sa 12:00-18:00,osm,no,https://diaart.org/visit/visit-our-locations-sites/dia-chelsea-new-york-united-states,+1-212-989-5566,West 22nd Street,537,,4.6,2176.0,,246.0,120
node/10861434356,Friedman Benda Gallery,,Museum,gallery,40.7501029,-74.0035148,Tu-Sa 10:00-18:00,osm,no,https://friedmanbenda.com,+1-212-239-8700,West 26th Street,515,,4.7,1016.0,,246.0,120
node/10861434355,Hollis Taggart Gallery,,Museum,gallery,40.7501299,-74.0037594,Tu-Sa 11:00-17:00,osm,no,https://www.hollistaggart.com,+1-212-628-4000,West 26th Street,521,,4.5,2346.0,,246.0,120
node/10861434353,Davidson Gallery,,Museum,gallery,40.7501702,-74.0037157,Tu-Sa 11:00-18:00,osm,no,http://www.davidsongallery.com,+1-212-759-7555,West 26th Street,521,,4.4,5534.0,,246.0,120
node/10860703834,Galerie Templon,,Museum,gallery,40.7501683,-74.0026414,Tu-Sa 10:00-18:00,osm,no,https://www.templon.com,+1-212-922-3745,10th Avenue,293,,4.6,2519.0,,246.0,120
node/10861434352,Sugarlift Gallery,,Museum,gallery,40.7509297,-74.0024163,Tu-Fr 10:00-18:00; Sa 12:00-18:00,osm,no,https://www.sugarlift.com,,West 28th Street,508,,3.7,927.0,,246.0,120
node/10861543608,Yancey Richardson Gallery,,Museum,gallery,40.7475857,-74.0057016,Tu-Sa 10:00-18:00,osm,no,https://www.yanceyrichardson.com,+1-646-230-9610,West 22nd Street,525,,4.3,2155.0,,246.0,120
node/10861418204,Miles McEnery Gallery,,Museum,gallery,40.7474277,-74.0053206,Tu-Sa 10:00-18:00,osm,no,https://www.milesmcenery.com,+1-212-445-0051,West 22nd Street,511,,3.9,13769.0,,246.0,120
node/10860703835,Nancy Hoffman Gallery,,Museum,gallery,40.7505666,-74.0034944,Tu-Sa 11:00-17:30,osm,no,https://www.nancyhoffmangallery.com,+1-212-966-6676,West 27th Street,520,,4.8,3237.0,,246.0,120
node/10861434354,Albertz Benda Gallery,,Museum,gallery,40.7500552,-74.0035864,Mo-Fr 10:00-18:00,osm,no,https://www.albertzbenda.com/,+1-212-244-2579,West 26th Street,515,,4.3,1687.0,,246.0,120
node/10861507195,David Richard Gallery,,Museum,gallery,40.7496717,-74.0036627,Tu-Sa 10:00-18:00,osm,no,https://davidrichardgallery.com,+1-212-882-1705,West 26th Street,508,,4.0,2127.0,,246.0,120
node/10861507198,Pace Gallery,,Museum,gallery,40.7491212,-74.0039931,Tu-Sa 10:00-18:00,osm,no,https://www.pacegallery.com,+1-212-421-3292,West 25th Street,510,,4.4,740.0,,246.0,120
node/10861507197,Yossi Milo Gallery,,Museum,gallery,40.7487598,-74.0036923,Tu-Sa 10:00-18:00,osm,no,https://www.yossimilo.com/,,10th Avenue,245,,4.4,1766.0,,246.0,120
node/10861434364,Daniel Cooney Fine Art Gallery,,Museum,gallery,40.7497076,-74.0036348,We-Sa 11:00-18:00,osm,no,https://www.danielcooneyfineart.com,+1-212-255-8158,West 26th Street,508,,3.6,1004.0,,246.0,120
node/10861434357,Ryan Lee Gallery,,Museum,gallery,40.7501197,-74.0035878,Tu-Sa 10:00-18:00,osm,no,https://ryanleegallery.com,+1-212-397-0742,West 26th Street,515,,4.2,9054.0,,246.0,120
node/10861434358,Thomas Erben Gallery,,Museum,gallery,40.7499597,-74.0041571,Tu-Sa 11:00-18:00,osm,no,https://www.thomaserben.com,+1-212-645-8701,West 26th Street,526,,4.5,687.0,,246.0,120
node/10861434359,BravinLee Gallery,,Museum,gallery,40.7499417,-74.0042354,We-Sa 12:00-17:00,osm,no,https://www.bravinlee.com,+1-212-462-4404,West 26th Street,526,,4.5,580.0,,246.0,120
node/10861434363,Alexander Gray Associates Gallery,,Museum,gallery,40.7497859,-74.0036422,Tu-Sa 10:30-18:00,osm,no,https://alexandergray.com,+1-212-399-2636,West 26th Street,510,,4.7,1371.0,,246.0,120
node/10861434360,Morgan Lehman Gallery,,Museum,gallery,40.7499777,-74.0041101,Tu-Sa 11:00-18:00,osm,no,https://www.morganlehmangallery.com,+1-212-268-6699,West 26th Street,526,,4.3,5776.0,,246.0,120
node/10861434361,Hesse Flatow Gallery,,Museum,gallery,40.7497344,-74.0036085,Tu-Sa 11:00-18:00,osm,no,https://hesseflatow.com,+1-646-892-3032,West 26th Street,508,,3.8,654.0,,246.0,120
node/10861543612,Harper's Chelsea,,Museum,gallery,40.747657,-74.0064084,Tu-Sa 10:00-18:00,osm,no,https://www.harpersgallery.com,+1-917-675-6124,West 22nd Street,534,,4.1,4589.0,,246.0,120
node/10861434362,Deborah Bell Photographs,,Museum,gallery,40.749941,-74.0041149,Th-Sa 11:00-17:00,osm,no,https://www.deborahbellphotographs.com,+1-212-249-9400,West 26th Street,526,,3.8,207.0,,246.0,120
node/10861543613,Sikkema Jenkins & Co.,,Museum,gallery,40.7474851,-74.0060323,Tu-Sa 10:00-18:00,osm,no,https://www.sikkemajenkinsco.com,+1-212-929-2262,West 22nd Street,530,,4.1,3109.0,,246.0,120
node/10861543615,Matthew Marks Gallery,,Museum,gallery,40.7473449,-74.0056957,Tu-Su 10:00-17:00,default,no,,+1-212-243-0200,West 22nd Street,522,,4.7,1380.0,,246.0,120
node/10873303786,Slag Gallery,,Museum,gallery,40.745518,-74.0069617,"Tu-Fr 10:00-13:00,14:00-18:00; Sa 10:00-18:00",osm,no,https://www.slaggallery.com,+1-212-967-9818,West 19th Street,522,,4.2,5034.0,,246.0,120
node/10873303787,Michael Rosenfield Art,,Museum,gallery,40.7461924,-74.0077206,Tu-Sa 10:00-18:00,osm,no,https://michaelrosenfeldart.com,+1-212-247-0082,11th Avenue,100,,3.6,1465.0,,246.0,120
node/10873303788,Pratt Manhattan Gallery,,Museum,gallery,40.7380759,-73.9989918,Mo-Sa 11:00-18:00,osm,no,https://www.pratt.edu/about/exhibitions/pratt-manhattan-gallery/,+1-212-647-7778,,,,4.4,2864.0,,249.0,120
node/10873303789,The 8th Floor Gallery,,Museum,gallery,40.7385275,-73.9932713,Th-Sa 11:00-18:00,osm,no,https://www.the8thfloor.org,+1-646-839-5908,West 17th Street,17,,4.1,2055.0,,234.0,120
node/10873303790,Ethan Cohen Gallery,,Museum,gallery,40.742528,-73.9991606,Tu-Su 10:00-17:00,default,no,https://www.ecfa.com,+1-212-625-1250,West 19th Street,251,,3.4,1181.0,,90.0,120
node/10992263596,Eden Gallery,,Museum,gallery,40.7226991,-74.0014366,Mo-Su 09:00-21:00,osm,no,https://www.eden-gallery.com/gallery/nyc-soho,,,,,4.5,911.0,,211.0,120
node/11066047179,Jeffrey Deitch,,Museum,gallery,40.7219434,-74.002655,Tu-Su 10:00-17:00,default,no,https://www.deitch.com/new-york/exhibitions,,Grand Street,76,,4.3,2859.0,,211.0,120
node/11079239447,Cloud Gallery,,Museum,gallery,40.7147386,-74.0100483,Tu-Su 10:00-17:00,default,yes,https://www.cloudgallery.nyc,+1 212-619-2180,,,,4.2,2292.0,,231.0,120
node/10873303785,Ulrik Gallery,,Museum,gallery,40.7439372,-74.0061805,We-Sa 12:00-18:00,osm,no,https://ulrik.nyc,+1-917-382-0546,West 17th Street,453,,4.0,1695.0,,68.0,120
node/11079651705,Grey Art Gallery,,Museum,gallery,40.7303986,-73.9957606,Tu-Su 10:00-17:00,default,no,https://greyartgallery.nyu.edu/,+1-212-998-6780,Washington Square East,100,,4.5,2267.0,,113.0,120
node/11196495052,Richard Taittinger Gallery,,Museum,gallery,40.7209094,-73.987787,Tu-Su 10:00-17:00,default,no,,,,,,4.1,2392.0,,148.0,120
node/11289156254,Pace African & Oceanic Art,,Museum,gallery,40.7476065,-74.0062822,Tu-Su 10:00-17:00,default,no,https://www.paceafricanart.com/,,West 22nd Street,536,,4.6,387.0,,246.0,120
node/11329804755,Gerben Fine Art,,Museum,gallery,40.7173575,-74.008036,Tu-Su 10:00-17:00,default,no,,,,,,4.7,1528.0,,231.0,120
node/11340692126,Agora Gallery,,Museum,gallery,40.7494529,-74.0046681,Tu-Sa 11:00-18:00,osm,no,https://agora-gallery.com/,+1-212-226-4151,West 25th Street,530,,4.4,5211.0,,246.0,120
node/11515450682,Harkawik,,Museum,gallery,40.7156401,-73.9913906,We-Su 11:00-18:00,osm,no,https://www.harkawik.com,+1-212-970-3284,,,,3.8,1133.0,,148.0,120
node/11528829825,Beloosesky Gallery,,Museum,gallery,40.7675123,-73.95493,Tu-Su 10:00-17:00,default,no,,+1 646-837-6428,East 72nd Street,415,,4.2,1068.0,,140.0,120
node/11649887398,Shoot the Lobster,,Museum,gallery,40.7190494,-73.9913811,Tu-Su 10:00-17:00,default,no,https://www.shootthelobster.com/stl-ny,,,,,4.9,1007.0,,148.0,120
node/11760991013,Howl! Happening,,Museum,gallery,40.7247539,-73.9916906,We-Su 11:00-18:00,osm,no,https://www.howlarts.org,+1-917-475-1294,,,,4.1,2355.0,,79.0,120
node/11157790185,Buck House,,Museum,gallery,40.7856332,-73.9555693,Tu-Su 10:00-17:00,default,no,https://www.buckhouse.com/,,,,,3.9,1457.0,,236.0,120
node/10873196753,David Kordansky Gallery,,Museum,gallery,40.7462173,-74.0067977,Tu-Sa 10:00-18:00,osm,no,https://www.davidkordanskygallery.com,+1-212-390-0079,West 20th Street,520,,4.4,1532.0,,246.0,120
node/10860703833,Kasmin Gallery,,Museum,gallery,40.750406,-74.0024698,Tu-Sa 10:00-18:00,osm,no,https://www.kasmingallery.com,+1-212-563-4474,10th Avenue,297,,4.3,1309.0,,246.0,120
node/10873196752,Kurimanzutto Gallery,,Museum,gallery,40.7462706,-74.0069444,Tu-Sa 10:00-18:00,osm,no,,+1-212-933-4470,West 20th Street,520,,3.8,2586.0,,246.0,120
node/10873196734,Nara Roesler Gallery,,Museum,gallery,40.7467918,-74.0057122,Tu-Sa 10:00-18:00,osm,no,https://nararoesler.art,+1-212-794-5038,West 21st Street,511,,4.9,2029.0,,246.0,120
node/10873196735,Tina Kim Gallery,,Museum,gallery,40.7470553,-74.0063448,Tu-Sa 10:00-18:00,osm,no,https://www.tinakimgallery.com,+1-212-716-1100,West 21st Street,525,,4.4,3481.0,,246.0,120
node/10873196736,Kravets Wehby Gallery,,Museum,gallery,40.7469617,-74.006111,Tu-Sa 11:00-18:00,osm,no,https://www.kravetswehbygallery.com,+1-212-352-2238,West 21st Street,521,,3.9,7808.0,,246.0,120
node/10873196737,Tanya Bonakdar Gallery,,Museum,gallery,40.7470364,-74.0062914,Tu-Sa 10:00-18:00,osm,no,https://www.tanyabonakdargallery.com,+1-212-414-4144,West 21st Street,521,,4.4,7378.0,,246.0,120
node/10873196738,Hales Gallery,,Museum,gallery,40.746867,-74.0076175,Tu-Sa 10:00-18:00,osm,no,https://halesgallery.com,+1-646-590-0776,West 20th Street,547,,4.0,8564.0,,246.0,120
node/10873196739,Paula Cooper Gallery,,Museum,gallery,40.7470049,-74.0068341,Tu-Sa 10:00-18:00,osm,no,https://www.paulacoopergallery.com,+1-212-255-1105,West 21st Street,534,,4.6,3112.0,,246.0,120
node/10873196740,Gladstone Gallery,,Museum,gallery,40.7469471,-74.0066777,Tu-Sa 10:00-18:00,osm,no,https://www.gladstonegallery.com,+1-212-206-7606,West 21st Street,530,,4.4,1639.0,,246.0,120
node/10873196741,Gagosian,,Museum,gallery,40.7468093,-74.0063973,Tu-Sa 10:00-18:00,osm,no,https://gagosian.com,+1-212-741-1111,West 21st Street,522,,4.7,2237.0,,246.0,120
node/10873196742,Galleria Ca' d'Oro,,Museum,gallery,40.7462737,-74.0054234,Mo-Fr 10:00-18:00; Sa 11:00-18:00; Su 12:00-17:00,osm,no,https://www.galleriacadoro.com,+1-212-620-0549,10th Avenue,179,,3.6,818.0,,246.0,120
node/10873196743,Washburn Gallery,,Museum,gallery,40.7462423,-74.0054891,Tu-Sa 10:00-18:00,osm,no,,+1-212-397-6780,10th Avenue,177,,4.2,2562.0,,246.0,120
node/10873196744,Praxis Gallery,,Museum,gallery,40.7460607,-74.0057581,Tu-Sa 9:00-17:00,osm,no,https://www.praxis-art.com,+1-212-772-9478,West 20th Street,501,,4.3,5303.0,,246.0,120
node/10873196745,Jack Shainman Gallery,,Museum,gallery,40.7462478,-74.0062412,Tu-Sa 10:00-18:00,osm,no,https://jackshainman.com,+1-212-645-1701,West 20th Street,513,,3.6,2243.0,,246.0,120
node/10873196746,Sean Horton Gallery,,Museum,gallery,40.7462709,-74.006296,We-Sa 12:00-18:00,osm,no,https://www.seanhortonpresents.com,+1-212-243-2663,West 20th Street,515,,3.7,3672.0,,246.0,120
node/10873196747,Ricco/Maresca Gallery,,Museum,gallery,40.7465171,-74.0068656,Tu-Fr 10:30-18:00; Sa 11:00-18:00,osm,no,https://www.riccomaresca.com,+1-212-627-4819,West 20th Street,529,,4.3,2797.0,,246.0,120
node/10873196748,Kathryn Markel Fine Arts,,Museum,gallery,40.7465678,-74.0068303,Tu-Fr 10:00-18:00; Sa 11:00-18:00,osm,no,https://www.markelfinearts.com,+1-212-366-5368,West 20th Street,529,,4.0,5566.0,,246.0,120
node/10873196749,ACA Galleries,,Museum,gallery,40.7465429,-74.0068474,Tu-Sa 11:00-18:00,osm,no,,+1-212-206-8080,West 20th Street,529,,4.7,3189.0,,246.0,120
node/10873196750,Elizabeth Harris Gallery,,Museum,gallery,40.7465936,-74.0068108,Tu-Sa 12:00-18:00,osm,no,https://www.ehgallery.com,+1-212-463-9666,West 20th Street,529,,4.3,3180.0,,246.0,120
node/10873196751,David Zwirner Gallery,,Museum,gallery,40.7466379,-74.0071808,Tu-Su 10:00-17:00,default,no,https://www.davidzwirner.com,+1-212-517-8677,West 20th Street,537,,4.1,3965.0,,246.0,120
node/10860703832,The Global Fine Art Contemporary Art Gallery,,Museum,gallery,40.7505158,-74.0027353,Tu-Su 10:00-17:00,default,no,https://www.artcapitalgain.com,+1-646-378-7907,West 27th Street,507,,4.9,4709.0,,246.0,120
node/10859974158,Print Center New York,,Museum,gallery,40.749162,-74.0052774,Tu-Su 10:00-17:00,default,no,https://www.printcenternewyork.org,+1-212-989-5090,West 24th Street,535,,4.0,2670.0,,246.0,120
node/10286844704,SFA Gallery,,Museum,gallery,40.7194437,-73.9933697,Tu-Su 10:00-17:00,default,no,https://sfaprojects.com,,,,,3.8,3161.0,,148.0,120
node/10422361409,Fountain Gallery,,Museum,gallery,40.7622461,-73.989593,Tu-Su 10:00-17:00,default,no,,,,,,4.5,448.0,,48.0,120
node/10695291115,Georges Bergès Gallery,,Museum,gallery,40.7263278,-74.0006603,Tu-Su 10:00-17:00,default,no,,,West Broadway,462,,3.9,1594.0,,211.0,120
node/10695291116,DTR Modern Galleries,,Museum,gallery,40.7262,-74.0007365,Tu-Su 10:00-17:00,default,no,,,West Broadway,456,,4.2,760.0,,211.0,120
node/10716466801,AM:PM Gallery,,Museum,gallery,40.7107596,-73.9565553,Tu-Su 10:00-17:00,default,no,https://ampmgallery.com/,,Marcy Avenue,108,,4.4,2445.0,,256.0,120
node/10717839795,Moshava Art,,Museum,gallery,40.7332901,-73.9984234,Tu-Su 10:00-17:00,default,no,,,,,,4.2,1092.0,,113.0,120
node/10784508205,Allouche Gallery,,Museum,gallery,40.7227411,-74.0003875,Mo-Su 11:00-18:00,osm,no,https://allouchegallery.com,+1 212-966-6675,,,,4.7,7519.0,,211.0,120
node/10830960867,Louis K.Meisel Gallery,,Museum,gallery,40.7256775,-74.0005096,Mo-Su 10:00-17:00,osm,no,https://www.meiselgallery.com/,,Prince Street,141,,4.1,1225.0,,211.0,120
node/10859974139,Mitchell-Innes & Nash Art Gallery,,Museum,gallery,40.7501321,-74.0044964,Tu-Sa 10:00-18:00,osm,no,https://www.miandn.com,+1-212-744-7400,West 26th Street,534,,4.5,1501.0,,246.0,120
node/10859974140,Rick Wester Fine Art,,Museum,gallery,40.7500174,-74.0041806,We-Sa 11:00-18:00,osm,no,https://www.rickwesterfineart.com,+1-212-255-5560,West 26th Street,526,,4.3,3614.0,,246.0,120
node/10859974141,Galerie Lelong & Co.,,Museum,gallery,40.7500805,-74.0043727,Tu-Sa 10:00-18:00,osm,no,https://www.galerielelong.com,+1-212-315-0480,West 26th Street,528,,3.6,5741.0,,246.0,120
node/10859974142,Berry Campbell Gallery,,Museum,gallery,40.7499492,-74.0040157,Tu-Sa 10:00-18:00,osm,no,https://berrycampbell.com,+1-212-924-2178,West 26th Street,524,,4.3,1439.0,,246.0,120
node/10859974143,Caelum Gallery,,Museum,gallery,40.7499804,-74.0042111,Mo-Sa 12:00-18:00,osm,no,https://www.caelumgallery.com,+1-646-894-8565,West 26th Street,526,,4.3,1940.0,,246.0,120
node/10859974144,Fergus McCaffrey Gallery,,Museum,gallery,40.7498115,-74.0037006,Tu-Sa 10:00-18:00,osm,no,https://fergusmccaffrey.com,+1-212-988-2200,West 26th Street,514,,3.7,6613.0,,246.0,120
node/10859974145,Greene Naftali Gallery,,Museum,gallery,40.7497696,-74.0035852,Tu-Sa 10:00-18:00,osm,no,https://greenenaftaligallery.com,+1-212-463-7770,West 26th Street,508,,4.3,2850.0,,246.0,120
node/10115105166,Pop International Galleries,,Museum,gallery,40.7208794,-73.993585,Mo-Sa 11:00-18:00,osm,no,https://www.popinternational.com,+1-212-533-4262,,,,4.6,883.0,,148.0,120
node/10859974146,Marlborough Gallery,,Museum,gallery,40.7498665,-74.005004,Tu-Sa 10:00-18:00,osm,no,https://www.marlboroughnewyork.com,+1-212-541-4900,West 25th Street,545,,4.5,1614.0,,246.0,120
node/10090538376,Guild Gallery,,Museum,gallery,40.7202528,-74.0027872,Tu-Su 10:00-17:00,default,no,https://rwguildgalleryny.com/,,,,,4.6,364.0,,211.0,120
node/10031806788,Pomegranate Gallery,,Museum,gallery,40.7258312,-73.9987925,Tu-Su 10:00-17:00,default,no,https://www.pomegranategallery.art,+1 212-260-4014,Greene Street,137,,4.3,1234.0,,211.0,120
node/8694261205,Martos Gallery,,Museum,gallery,40.7170446,-73.9968271,Tu-Su 10:00-17:00,default,no,https://www.martosgallery.com/,+1-212-560-0670,,,,4.5,2912.0,,144.0,120
node/8907715020,HB381,,Museum,gallery,40.7181813,-74.0031452,Tu-Sa 10:00-18:00,osm,no,https://hb381gallery.com,+1 646-707-0873,Broadway,381,,4.1,1131.0,,231.0,120
node/8958523252,Space 776,,Museum,gallery,40.7200219,-73.9847106,Tu-Su 10:00-17:00,default,no,https://www.space776.com,,Clinton Street,37,,4.3,976.0,,148.0,120
node/9118807105,David Lewis Gallery,,Museum,gallery,40.7188402,-74.0032329,Tu-Sa 10:00-18:00,osm,no,https://www.davidlewisgallery.com/,+1-212-966-7990,Walker Street,57,,4.6,1488.0,,231.0,120
node/9346533768,Miguel Abreu Gallery,,Museum,gallery,40.715832,-73.9912912,We-Su 10:00-18:00,osm,no,https://miguelabreugallery.com/,+1-212-995-1774,Orchard Street,36,,3.3,1481.0,,148.0,120
node/9630409566,The 4th Street Photo Gallery,,Museum,gallery,40.7267758,-73.9905701,Tu-Th 14:00-20:00; Fr-Sa 15:00-22:00; Su 14:00-20:00,osm,no,http://www.the4thstreetphotogallery.com,+1-212-673-1021,,,,3.9,542.0,,79.0,120
node/9652307019,Arsenal Contemporary Art,,Museum,gallery,40.7218041,-73.9937691,Tu-Su 10:00-17:00,default,no,https://www.arsenalcontemporary.com/ny/home,,Bowery,214,,3.9,2182.0,,144.0,120
node/9661358847,The Hole,,Museum,gallery,40.7250551,-73.9925494,We-Su 12:00-19:00,osm,no,http://theholenyc.com,+1-212-466-1100,,,,4.8,2569.0,,114.0,120
node/9872651423,Woodward Gallery,,Museum,gallery,40.7188556,-73.9914924,Tu-Su 10:00-17:00,default,no,https://woodwardgallery.net/,+1-212-966-3411,Eldridge Street,132A,,4.1,2880.0,,148.0,120
node/9886306365,Intercomm,,Museum,gallery,40.7062622,-73.9082817,"Mo-Fr 15:00-21:00;Sa-Su 13:00-18:00,19:00-23:00",osm,no,,,Woodward Avenue,584,,4.1,1147.0,,198.0,120
node/9934094719,Spencer Brownstone Gallery,,Museum,gallery,40.7208764,-73.9850036,Tu-Su 10:00-17:00,default,no,,,Suffolk Street,170-A,,3.9,492.0,,148.0,120
node/9941138673,trotter&sholer,,Museum,gallery,40.7208132,-73.9850348,Tu-Su 10:00-17:00,default,no,,,Suffolk Street,168,,4.2,2269.0,,148.0,120
node/9978637392,Fortnight Institute,,Museum,gallery,40.7259794,-73.9905535,Tu-Su 10:00-17:00,default,no,https://fortnight.institute,,,,,4.3,1433.0,,79.0,120
node/9978882268,MARCH,,Museum,gallery,40.7244007,-73.9845324,Tu-Sa 11:00-18:00,osm,no,https://www.marchgallery.org,,Avenue A,64,,4.0,3253.0,,79.0,120
node/10064063749,Nohra Haime Gallery,,Museum,gallery,40.7464281,-74.0054994,Tu-Sa 10:00-18:00,osm,no,https://nohrahaimegallery.com,+1-212-888-3550,West 21st Street,500A,,3.8,3720.0,,246.0,120
node/10860703830,De Buck Gallery,,Museum,gallery,40.7505056,-74.0027621,Tu-Su 10:00-17:00,default,no,https://www.debuckgallery.com,+1-212-255-5735,West 27th Street,507,,3.9,1095.0,,246.0,120
node/10859974147,Cheim & Read,,Museum,gallery,40.7499342,-74.0051872,Tu-Sa 10:00-18:00,osm,no,https://www.cheimread.com,+1-212-242-7727,West 25th Street,547,,3.8,1339.0,,246.0,120
node/10859974149,The FLAG Art Foundation,,Museum,gallery,40.749778,-74.0055421,We-Sa 11:00-17:00,osm,no,https://www.flagartfoundation.org,+1-212-206-0220,West 25th Street,545,,4.6,3021.0,,246.0,120
node/10859974169,Lisson Gallery,,Museum,gallery,40.7485172,-74.0043407,Tu-Sa 10:00-18:00,osm,no,https://www.lissongallery.com,+1-212-505-6431,West 24th Street,504,,4.6,3036.0,,246.0,120
node/10859974170,Asya Geisberg Gallery,,Museum,gallery,40.7484842,-74.0055651,Tu-Sa 11:00-18:00,osm,no,https://www.asyageisberggallery.com,+1-212-675-7525,West 23rd Street,537b,,3.9,1534.0,,246.0,120
node/10859974171,Margaret Thatcher Projects,,Museum,gallery,40.7485387,-74.0056655,Tu-Sa 11:00-18:00,osm,no,https://thatcherprojects.com,+1-212-675-0222,West 23rd Street,539,,4.0,5798.0,,246.0,120
node/10859974172,Crossing Art,,Museum,gallery,40.7488232,-74.006396,Tu-Sa 10:00-18:00,osm,no,https://crossingart.com,+1-212-359-4333,West 23rd Street,559,,3.9,4088.0,,246.0,120
node/10859974173,Fremin Gallery,,Museum,gallery,40.7478552,-74.0049853,Tu-Sa 11:00-18:00,osm,yes,https://fremingallery.com,+1-212-279-8555,West 23rd Street,520,,4.6,8643.0,,246.0,120
node/10860703819,Malin Gallery,,Museum,gallery,40.75193,-74.0022364,Tu-Sa 10:00-18:00,osm,no,https://www.malingallery.com,+1-646-918-7696,West 29th Street,515,,4.2,3536.0,,246.0,120
node/10860703820,Microscope Gallery,,Museum,gallery,40.7521088,-74.0026522,Tu-Sa 12:00-18:00,osm,no,https://microscopegallery.com,+1-347-925-1433,West 29th Street,525,,5.0,1220.0,,246.0,120
node/10860703821,Viridian Artists,,Museum,gallery,40.7516496,-74.0041354,Tu-Sa 10:00-18:00,osm,no,https://viridianartist.com,+1-212-414-4040,West 28th Street,548,,3.8,444.0,,246.0,120
node/10860703822,Carter Burden Gallery,,Museum,gallery,40.7516054,-74.0041652,Tu-Fr 11:00-17:00; Sa 11:00-18:00,osm,no,https://www.carterburdengallery.org,+1-212-564-8405,West 28th Street,548,,4.5,443.0,,246.0,120
node/10860703823,Blue Mountain Gallery,,Museum,gallery,40.7512794,-74.0045116,Tu-Sa 11:00-18:00,osm,no,https://www.bluemountaingallery.org,+1-646-486-4730,West 27th Street,547,,4.2,2837.0,,246.0,120
node/10860703824,Montserrat Contemporary Art,,Museum,gallery,40.7512504,-74.0044236,We-Sa 12:00-18:00,osm,no,https://montserrat.us,+1-212-268-0026,West 27th Street,547,,4.4,2810.0,,246.0,120
node/10860703825,Bowery Gallery,,Museum,gallery,40.7513197,-74.0044835,Tu-Sa 11:00-18:00,osm,no,https://bowerygallery.org/,+1-646-230-6655,West 27th Street,547,,4.4,5563.0,,246.0,120
node/10860703826,Prince Street Gallery,,Museum,gallery,40.7513549,-74.004452,Tu-Sa 11:00-18:00,osm,no,https://princestreetgallery.com,+1-646-230-0246,West 27th Street,547,,4.0,1163.0,,246.0,120
node/10860703827,The Painting Center,,Museum,gallery,40.7512854,-74.0043977,Tu 10:00-16:00; We-Sa 11:00-18:00,osm,no,https://www.thepaintingcenter.org,+1-212-343-1060,West 27th Street,547,,4.0,3885.0,,246.0,120
node/10860703828,Ross + Kramer Gallery,,Museum,gallery,40.7507088,-74.0031538,Tu-Sa 11:00-18:00,osm,no,https://rkgallery.com,+1-917-675-7293,West 27th Street,515,,4.6,2869.0,,246.0,120
node/10859974148,Gallery Henoch,,Museum,gallery,40.7500313,-74.0054024,Tu-Sa 10:30-18:00,osm,no,https://www.galleryhenoch.com,+1-917-305-0003,West 25th Street,555,,4.7,779.0,,246.0,120
node/10859974167,Susan Inglett Gallery,,Museum,gallery,40.7487583,-74.0048993,Tu-Sa 10:00-18:00,osm,no,https://www.inglettgallery.com,+1-212-647-9111,West 24th Street,522,,4.9,6764.0,,246.0,120
node/10859974165,Hunter Dunbar Projects,,Museum,gallery,40.748787,-74.0049963,Tu-Sa 10:00-18:00,osm,no,https://www.hunterdunbarprojects.com,,West 24th Street,524,,4.6,8319.0,,246.0,120
node/10859974150,532 Gallery Thomas Jaeckel,,Museum,gallery,40.7495009,-74.0047674,Tu-Sa 12:00-18:00,osm,no,https://www.532gallery.com,+1-917-701-3338,,,,3.7,1314.0,,246.0,120
node/10859974151,Dobrinka Salzman Gallery,,Museum,gallery,40.7494518,-74.0048244,Tu-Su 10:00-17:00,default,no,https://www.dobrinkasalzman.com,+1-917-572-9476,West 25th Street,532,,4.0,3562.0,,246.0,120
node/10859974152,Petzel Gallery,,Museum,gallery,40.7492373,-74.0042332,Tu-Sa 10:00-18:00,osm,no,https://www.petzel.com,+1-212-680-9467,West 25th Street,520,,3.9,3666.0,,246.0,120
node/10859974153,Lehmann Maupin,,Museum,gallery,40.7485353,-74.0038445,Tu-Sa 10:00-18:00,osm,no,https://www.lehmannmaupin.com,+1-212-255-2923,West 24th Street,501,,4.8,3487.0,,246.0,120
node/10859974154,Silverlens Galleries,,Museum,gallery,40.7486434,-74.0040119,Tu-Sa 10:00-18:00,osm,no,https://www.silverlensgalleries.com,+1-646-449-9400,West 24th Street,505,,4.4,907.0,,246.0,120
node/10859974155,Marianne Boesky Gallery,,Museum,gallery,40.7487557,-74.0043141,Tu-Sa 10:00-18:00,osm,no,https://marianneboeskygallery.com,+1-212-680-9889,West 24th Street,509,,4.0,5434.0,,246.0,120
node/10859974157,Luhring Augustine Gallery,,Museum,gallery,40.7491116,-74.0050793,Tu-Sa 10:00-18:00,osm,no,https://luhringaugustine.com,+1-212-206-9100,West 24th Street,531,,4.6,1938.0,,246.0,120
node/10859974160,C24 Gallery,,Museum,gallery,40.7492207,-74.0061341,Tu-Sa 10:00-18:00,osm,no,https://www.c24gallery.com,+1-646-416-6300,West 24th Street,560,,4.2,395.0,,246.0,120
node/10859974161,Fredericks & Freiser,,Museum,gallery,40.7490119,-74.0055599,Tu-Sa 10:00-18:00,osm,no,https://fredericksfreisergallery.com,+1-212-633-6555,West 24th Street,536,,3.9,9228.0,,246.0,120
node/10859974162,Philippe Labaune Gallery,,Museum,gallery,40.7489832,-74.0054342,Tu-Sa 10:00-18:00,osm,no,https://www.philippelabaune.com,+1-212-229-2400,West 24th Street,534,,3.9,2327.0,,246.0,120
node/10859974163,Anna Zorina Gallery,,Museum,gallery,40.7489431,-74.0053524,Tu-Sa 10:00-18:00,osm,no,https://www.annazorinagallery.com,+1-212-243-2100,West 24th Street,532,,4.7,732.0,,246.0,120
node/10859974164,Cavalier Gallery,,Museum,gallery,40.7489086,-74.0052508,Tu-Sa 10:00-18:00,osm,no,https://www.cavaliergalleries.com,+1-203-869-3664,West 24th Street,530,,4.4,4235.0,,246.0,120
node/10859974166,Unix Gallery,,Museum,gallery,40.7487261,-74.0048372,Tu-Sa 10:00-18:00,osm,no,https://www.unixgallery.com,+1-212-209-1572,West 24th Street,520,,4.3,19843.0,,246.0,120
node/11892588830,Gallery One Twenty Eight,,Museum,gallery,40.7197493,-73.9869763,Tu-Su 10:00-17:00,default,no,,,Rivington Street,128,,3.7,4665.0,,148.0,120
node/13756162806,Scavolini,,Museum,gallery,40.7252369,-74.0011425,Tu-Su 10:00-17:00,default,no,,,,,,4.2,3708.0,,211.0,120
node/12021903149,PPOW,,Museum,gallery,40.7182903,-74.002623,Tu-Su 10:00-17:00,default,no,https://www.ppowgallery.com/,,Broadway,"392, 2 Fl",,4.5,1112.0,,231.0,120
node/12983487801,Anarchy 99,,Landmark,attraction,40.728184,-73.9846484,Su 12:00-17:00,osm,no,,,1st Avenue,,,4.2,226.0,,79.0,30
node/13515963203,Royal Caribbean/Norweigan Cruise Pier,,Landmark,attraction,40.7689541,-73.9965225,24/7,default,no,,,12th Avenue,755,,4.3,1269.0,,50.0,30
node/13515965301,New York Cruise Pier,,Landmark,attraction,40.7694799,-73.9961607,24/7,default,no,,,12th Avenue,755,,4.4,2331.0,,50.0,30
node/13640015393,Zohramp,,Landmark,attraction,40.7177752,-73.9859295,24/7,default,no,,,,,,4.2,1125.0,,232.0,30
node/13652214675,Carrie Bradshaw’s flat,Carrie Bradshaw’s flat,Landmark,attraction,40.7353668,-74.0038577,24/7,default,no,,,,,,3.7,565.0,,249.0,30
node/13745988673,Brooklyn Flea,,Landmark,attraction,40.7035294,-73.9933453,24/7,default,no,,,,,,4.6,3155.0,,66.0,30
node/12116978501,Freedom plaza,,Landmark,attraction,40.7467784,-73.970297,24/7,default,no,,,,,,4.0,1037.0,,233.0,30
node/13746289643,Freeman Alley - Graffiti,,Landmark,attraction,40.7219314,-73.992486,24/7,default,no,,,,,,3.7,2555.0,,148.0,30
node/748726562,HBP 187 View,,Landmark,viewpoint,40.8509205,-73.9268503,24/7,default,no,,,,,,4.4,4725.0,,120.0,30
node/2592317386,Half-Moon Overlook,,Landmark,viewpoint,40.8800085,-73.9223353,24/7,default,no,,,,,,3.7,739.0,,220.0,30
node/3285698877,Kiesza - Hideaway,,Landmark,viewpoint,40.7230874,-73.9586209,24/7,default,no,https://www.youtube.com/watch?v=ESXgJ9-H-2U,,,,,4.0,497.0,,255.0,30
node/3351167989,Granite Prospect,,Landmark,viewpoint,40.7019951,-73.9974077,24/7,default,no,https://www.brooklynbridgepark.org/places-to-see/granite-prospect/,,,,,4.5,1780.0,,33.0,30
node/3613813425,C Rock,,Landmark,viewpoint,40.8761232,-73.9189473,24/7,default,no,https://www.wikicu.com/Columbia_C,,,,,3.7,2957.0,,220.0,30
node/746730288,GWB View,,Landmark,viewpoint,40.8498716,-73.9446423,24/7,default,no,,,,,,4.6,1113.0,,244.0,30
node/11761397988,The Geographic Center of NYC,,Landmark,attraction,40.7419837,-73.9073923,24/7,default,no,,,,,,4.1,1557.0,,260.0,30
node/11269493780,Strange Days Album Cover Location,,Landmark,attraction,40.7470982,-73.97796,24/7,default,no,,,,,,3.8,1024.0,,170.0,30
node/9877458067,The Friends Experience,,Landmark,attraction,40.7394271,-73.9850148,24/7,default,no,https://www.friendstheexperience.com/new-york/,,East 23rd Street,130,,3.2,2016.0,,107.0,30
node/6052834699,Color Factory,,Landmark,attraction,40.7257692,-74.0054309,"Mo-Th 09:00-18:00; Fr, Sa 09:00-20:00; Su 09:00-19:00",osm,no,https://www.colorfactory.co/locations/new-york-city,,Spring Street,251,,3.5,3329.0,,125.0,30
node/6100997485,Explore Chinatown Information Kiosk,,Landmark,attraction,40.7173755,-73.999292,24/7,default,yes,,,,,,4.0,844.0,,45.0,30
node/6163555085,Site of the Beach Pneumatic Subway,,Landmark,attraction,40.7133544,-74.0068703,24/7,default,no,,,Murray Street,1,,3.8,794.0,,231.0,30
node/6206843185,Archibald’s Townhouse,,Landmark,attraction,40.773329,-73.9656246,24/7,default,no,,,,,,4.7,136.0,,237.0,30
node/6572266170,Surreal Elevator,,Landmark,attraction,40.7428146,-73.9363479,24/7,default,no,,,,,,4.6,1310.0,,226.0,30
node/6622078088,Taste Harlem Tour,,Landmark,attraction,40.8086259,-73.9443965,24/7,default,no,,,,,,3.6,423.0,,42.0,30
node/6925436185,Joker Stairs,Joker Stairs,Landmark,attraction,40.8357962,-73.9236054,24/7,osm,no,,,Shakespeare Avenue,1165,,4.8,469.0,,119.0,30
node/6938593585,Jump into the Light VR Arcade,,Landmark,attraction,40.7216444,-73.9883116,24/7,default,no,,,,,,3.6,2483.0,,148.0,30
node/6949759085,King of Green Street,,Landmark,attraction,40.7232522,-74.0007008,24/7,default,no,,,Greene Street,72,,4.2,472.0,,211.0,30
node/6949759185,Queen of Green Street,,Landmark,attraction,40.7211776,-74.0024475,24/7,default,no,,,Greene Street,28,,4.2,440.0,,211.0,30
node/6949759186,Little Singer Building,,Landmark,attraction,40.7241263,-73.9981638,24/7,default,no,,,Broadway,561,,4.5,2337.0,,211.0,30
node/7615599475,Eleanor Roosevelt High Residence,,Landmark,attraction,40.7727305,-73.9632895,24/7,default,no,,,East 74th Street,55,,4.8,999.0,,237.0,30
node/8146801300,Italian flag painted Apartments,,Landmark,attraction,40.7181254,-73.9976025,24/7,default,no,,,,,,3.6,1432.0,,144.0,30
node/8818128217,Historical landmark from 1877,,Landmark,attraction,40.7470015,-73.9464648,24/7,default,no,,,,,,4.9,444.0,,145.0,30
node/4097207416,One World Observatory,,Landmark,viewpoint,40.712949,-74.0130438,24/7,default,yes,,,,,,4.0,1395.0,,261.0,30
node/4270910090,West side highway access,,Landmark,viewpoint,40.7991902,-73.9753221,24/7,default,no,,,,,,4.1,455.0,,151.0,30
node/4589677958,Inspiration Point,,Landmark,viewpoint,40.8586025,-73.9373797,24/7,default,no,,,,,,4.5,6398.0,,243.0,30
node/4631363792,Manhattan Bridge Viewpoint,,Landmark,viewpoint,40.7050478,-73.9880816,24/7,default,no,,,,,,4.2,485.0,,66.0,30
node/422438963,Robert Burns,,Landmark,artwork,40.770193,-73.9725659,24/7,default,no,https://www.nycgovparks.org/parks/central-park/monuments/197,,,,,3.5,1229.0,,43.0,30
node/422438965,Christopher Columbus,,Landmark,artwork,40.7699059,-73.9727725,24/7,default,no,https://www.nycgovparks.org/parks/central-park/monuments/297,,,,,4.5,1462.0,,43.0,30
node/432760466,Three Dancing Maidens – Untermyer Fountain,,Landmark,artwork,40.7942639,-73.9519498,24/7,default,no,https://www.centralparknyc.org/locations/untermyer-fountain,,,,,4.1,624.0,,43.0,30
node/561042174,The Sphere,,Landmark,artwork,40.7104974,-74.0138892,24/7,default,yes,,,,,,3.7,1949.0,,261.0,30
node/561950053,William Shakespeare,,Landmark,artwork,40.7697989,-73.9723702,24/7,default,no,https://www.nycgovparks.org/parks/central-park/monuments/1431,,,,,4.5,290.0,,43.0,30
node/561950133,Indian Hunter,,Landmark,artwork,40.7703769,-73.9731523,24/7,default,no,https://www.nycgovparks.org/parks/central-park/monuments/769,,,,,4.7,1582.0,,43.0,30
node/561950155,Fitz-Greene Halleck,,Landmark,artwork,40.7706639,-73.9721367,24/7,default,no,https://www.nycgovparks.org/parks/central-park/monuments/658,,,,,4.7,341.0,,43.0,30
node/561950603,Alice in Wonderland,Alice in Wonderland,Landmark,artwork,40.7750382,-73.9665337,24/7,default,no,https://www.nycgovparks.org/parks/central-park/monuments/13,,,,,3.6,887.0,,43.0,30
node/600524075,Burnett Memorial Fountain,,Landmark,artwork,40.7931582,-73.9527596,24/7,default,no,https://www.nycgovparks.org/parks/central-park/monuments/196,,,,,4.3,4208.0,,43.0,30
node/793892336,Netherland Monument,,Landmark,artwork,40.7044082,-74.014598,24/7,default,yes,https://www.nycgovparks.org/parks/battery-park/monuments/1092,,,,,4.4,823.0,,12.0,30
node/1329113669,Triumph of the Human Spirit,,Landmark,artwork,40.7144385,-74.0028881,24/7,default,yes,,,,,,3.7,2675.0,,231.0,30
node/1332501243,Prometheus,,Landmark,artwork,40.7587051,-73.9785783,24/7,default,no,https://www.rockefellercenter.com/art-and-history/art/prometheus/,,,,,3.7,3679.0,,161.0,30
node/1606670273,Eagle,,Landmark,artwork,40.7021499,-74.0158334,24/7,default,no,,,,,,4.0,3569.0,,12.0,30
node/2186522365,Jasper’s Split Star,,Landmark,artwork,40.7132396,-74.0114845,24/7,default,yes,,,,,,4.4,896.0,,231.0,30
node/2270245977,3000 A.D. Diffusion Piece,,Landmark,artwork,40.8471692,-73.9420363,24/7,default,no,https://www.nycgovparks.org/parks/j-hood-wright-park/monuments,,,,,3.9,761.0,,244.0,30
node/422438959,Sir Walter Scott,,Landmark,artwork,40.7701407,-73.9723395,24/7,default,no,https://www.nycgovparks.org/parks/central-park/monuments/1411,,,,,4.3,1063.0,,43.0,30
node/6052834698,NBC Studios,,Landmark,attraction,40.7591424,-73.9796681,24/7,default,no,,,,,,3.9,875.0,,161.0,30
node/373069793,Charging Bull,,Landmark,artwork,40.7055641,-74.0134462,24/7,default,limited,https://chargingbull.com/,,,,,4.1,182.0,,261.0,30
node/357620718,Richard Morris Hunt,,Landmark,artwork,40.7714555,-73.9679875,24/7,default,no,https://www.nycgovparks.org/parks/central-park/monuments/756,,,,,4.3,456.0,,43.0,30
node/5213998223,Free Public Stargazing,,Landmark,viewpoint,40.740586,-74.0081171,Tu dusk-19:00,osm,no,https://www.thehighline.org/events/stargazing/,,,,"Stargazing through telescopes with members of the Amateur Astronomers Association every Tuesday from dusk to park closure, weather permitting.",3.6,259.0,,158.0,30
node/5347662822,Sylvan Terrace,,Landmark,viewpoint,40.8348393,-73.9397021,24/7,default,no,,,,,,3.4,338.0,,244.0,30
node/5349369721,Skate Circle,,Landmark,viewpoint,40.7730729,-73.9725019,24/7,default,no,https://www.cpdsa.org/,,,,Spot in Central Park popular for roller skating.,3.8,4771.0,,43.0,30
node/5844051585,Top of the Rock,Top of the Rock,Landmark,viewpoint,40.7590344,-73.9793952,24/7,default,yes,https://www.topoftherocknyc.com/,,Rockefeller Plaza,30,,3.9,1152.0,,161.0,30
node/9423683707,Hudson Yards Vista Point,,Landmark,viewpoint,40.7556323,-74.005591,24/7,default,no,,,,,,3.4,440.0,,246.0,30
node/9690980026,Overlook,,Landmark,viewpoint,40.7230158,-73.9594091,24/7,default,no,,,,,,4.0,462.0,,255.0,30
node/9765434817,Edge,,Landmark,viewpoint,40.7539509,-74.0006727,24/7,default,no,https://www.edgenyc.com/,,,,,4.3,558.0,,246.0,30
node/10037902217,Staple Street Skybridge,,Landmark,viewpoint,40.7183436,-74.0094133,24/7,default,no,,,,,,5.0,2592.0,,231.0,30
node/10202468617,Summit One Vanderbilt,,Landmark,viewpoint,40.7528374,-73.9785218,24/7,default,no,,,,,,4.2,2274.0,,161.0,30
node/11153536406,Old Pier 1 Piles,,Landmark,viewpoint,40.7008485,-73.9967082,24/7,default,no,,,,,,4.5,636.0,,33.0,30
node/13652950632,Tudor City Bridge,,Landmark,viewpoint,40.7491245,-73.9705162,24/7,default,no,,,,,,3.8,1064.0,,233.0,30
node/13666190001,Brooklyn Bridge Viewpoint,,Landmark,viewpoint,40.7038732,-73.989522,24/7,default,no,,,,,,4.4,1117.0,,66.0,30
node/357621823,Joan of Arc Memorial,,Landmark,artwork,40.7941111,-73.9764799,24/7,default,no,https://www.nycgovparks.org/parks/riverside-park/monuments/819,,,,,3.5,526.0,,238.0,30
node/5927588585,Mark Twain House,,Landmark,attraction,40.7337057,-73.9964593,24/7,default,no,,,,,,4.1,941.0,,113.0,30
node/5927576885,Hangman's Elm,,Landmark,attraction,40.7319686,-73.9986093,24/7,default,no,https://www.nycgovparks.org/facilities/great-trees?id=33,,,,,4.9,329.0,,114.0,30
node/5919381986,Bloody Angle,,Landmark,attraction,40.7144127,-73.9981498,24/7,default,no,,,,,,4.3,3291.0,,45.0,30
node/12997486602,Grey Art Museum,,Museum,gallery,40.7278101,-73.9915408,"Tu, Th-Fr 11:00-18:00; We 11:00-20:00; Sa 11:00-17:00",osm,no,https://greyartgallery.nyu.edu/,+1-212-998-6780,Cooper Square,18,,5.0,1447.0,,113.0,120
node/13036463545,Frieda and Roy Furman Gallery,,Museum,gallery,40.7740811,-73.9842783,Tu-Su 10:00-17:00,default,no,,,West 65th Street,165,,4.5,3154.0,,142.0,120
node/13241423684,Studio6 Gallery,,Museum,gallery,40.7200689,-73.9879624,Tu-Su 10:00-17:00,default,no,,,Rivington Street,106,,4.4,1847.0,,148.0,120
node/13357743370,Arty Goodness,,Museum,gallery,40.6963842,-73.9673243,Tu-Su 10:00-17:00,default,no,https://artygoodness.com,,,,,4.5,263.0,,34.0,120
node/13357743372,Recess,,Museum,gallery,40.6973685,-73.9678589,Th-Sa 12:00-17:00,osm,no,https://recessart.org,+1-585-443-3586,,,,4.5,2212.0,,34.0,120
node/13527284801,Holographic Studios NYC,,Museum,gallery,40.7226517,-73.9846926,Tu 13:00-18:00; We-Th 12:00-18:00; Fr 13:00-19:00; Sa 12:00-19:00,osm,no,https://www.holostudios.nyc/,,East 2nd Street,172,,4.2,10284.0,,79.0,120
node/13682816483,Canal Projects NY,,Museum,gallery,40.720925,-74.0035477,Tu-Sa 12:00-18:00,osm,no,https://canalprojects.org/,,Canal St,351,,4.1,1448.0,,211.0,120
node/13682884531,125 Newbury,,Museum,gallery,40.7185831,-74.0027752,Tu-Sa 10:00-16:00,osm,no,https://125newbury.com/,+1-212-371-5242,Broadway,395,,5.0,1027.0,,231.0,120
node/13685610944,Cristin Tierney,,Museum,gallery,40.7189299,-74.003573,Tu-Sa 10:00-18:00,osm,no,https://www.cristintierney.com/,+1-212-594-0550,Walker St,49,,4.1,1778.0,,231.0,120
node/13756162803,Sorrel Sky Gallery,,Museum,gallery,40.7250274,-74.0013175,Tu-Su 10:00-17:00,default,no,,,,,,4.6,2361.0,,211.0,120
node/8149922758,Judd Foundation,,Museum,gallery,40.7235189,-73.9994085,Tu-Su 10:00-17:00,default,no,,+1-212-219-2747,Spring Street,101,,3.8,1306.0,,211.0,120
node/13756162807,Franklin Bowles Galleries,,Museum,gallery,40.7252899,-74.0011056,Tu-Su 10:00-17:00,default,no,,,,,,4.1,1880.0,,211.0,120
node/4685779445,The River Project Wetlab,,Museum,aquarium,40.7284564,-74.0135288,Tu-Su 10:00-17:00,default,no,,,,,,4.4,2794.0,,158.0,120
node/158809984,SoHo,,Landmark,attraction,40.72288,-73.9987505,24/7,default,no,,,,,,3.4,2342.0,,144.0,30
node/12852178435,Ki Smith Gallery,,Museum,gallery,40.7212881,-73.9912165,We-Su 12:00-18:00,osm,no,https://www.kismithgallery.com,+1-917-292-3572,Forsyth Street,170,,4.4,6054.0,,148.0,120
node/320948228,South Street Seaport,,Landmark,attraction,40.7057505,-74.0029056,24/7,default,yes,,,,,,4.3,2413.0,,87.0,30
node/12847512614,Amant,,Museum,gallery,40.7118522,-73.9368193,Th-Su 12:00-18:00,osm,no,https://www.amant.org/,,Maujer Street,306,,4.5,5871.0,,37.0,120
node/12022095654,Sargent's Daughters,,Museum,gallery,40.717639,-74.003176,Tu-Sa 10:00-18:00,osm,no,https://www.sargentsdaughters.com/,+1-212-233-0846,Broadway,370,,4.5,1849.0,,231.0,120
node/12022102856,JJ Murphy Gallery,,Museum,gallery,40.7219332,-73.9903883,Tu-Su 10:00-17:00,default,no,https://jjmurphygallery.com/,,Stanton Street,53,,5.0,4072.0,,148.0,120
node/12022143172,Bureau,,Museum,gallery,40.7156153,-74.0065097,Tu-Su 10:00-17:00,default,no,https://bureau-inc.com/,,Duane Street,112,,4.5,720.0,,231.0,120
node/12022143321,Karma,,Museum,gallery,40.7253876,-73.9909058,Tu-Su 10:00-17:00,default,no,https://karmakarma.org/,,East 2nd Street,22,,3.8,2527.0,,79.0,120
node/12047551069,Susan Sheehan Gallery,,Museum,gallery,40.7257429,-73.9985087,10:00-18:00,osm,no,https://www.susansheehangallery.com/,+1-212-489-3331,Greene Street,146,,4.4,1223.0,,211.0,120
node/12088942774,All Street Gallery,,Museum,gallery,40.725038,-73.9883259,Tu-Su 10:00-17:00,default,no,https://allstnyc.com,,,,,4.3,7128.0,,79.0,120
node/12150623970,Metropolitan Graphic Art Gallery,,Museum,gallery,40.7728676,-73.9551746,Tu-Su 10:00-17:00,default,yes,https://mgagallery.com,+1 212-737-9703,2nd Avenue,1504,,4.5,802.0,,141.0,120
node/12228581278,island nyc,,Museum,gallery,40.7167915,-73.9954421,Tu-Su 10:00-17:00,default,no,https://island83.gallery/,,Bowery,83,,4.3,1050.0,,148.0,120
node/12477113527,Ashley Longshore Studio Gallery,,Museum,gallery,40.7217498,-73.9986288,We-Su 11:00-17:00,osm,no,https://ashleylongshore.com,+1-917-262-0607,,,,4.2,1436.0,,144.0,120
node/12477212288,Space Gallery,,Museum,gallery,40.7214151,-73.9987389,Tu-Su 10:00-17:00,default,no,https://spacegallerystbarth.com,+1-646-684-3377,Broome Street,428,,4.1,732.0,,144.0,120
node/12479654312,MetaMorfosi,,Museum,gallery,40.7178117,-74.0030315,Tu-Su 10:00-17:00,default,no,https://www.metamorfosiny.org,,Broadway,378,,4.3,1277.0,,231.0,120
node/12549884714,ABRI MARS,,Museum,gallery,40.7202681,-73.9851754,We-Sa 12:00-18:00,osm,no,,,Stanton Street,53a,,3.3,10334.0,,148.0,120
node/12570555185,Gallery El Dorado,,Museum,gallery,40.7657632,-73.9768318,Tu-Su 10:00-17:00,default,no,,,Central Park South,108,,4.7,1480.0,,163.0,120
node/12729378403,Decorazon,,Museum,gallery,40.7221481,-73.9852583,Tu-Su 10:00-17:00,default,no,,,,,,4.3,783.0,,79.0,120
node/11969362708,chashama,,Museum,gallery,40.7356045,-73.9922799,Tu-Su 10:00-17:00,default,yes,,,East 14th Street,7,,4.9,9124.0,,234.0,120
node/368043598,Stonewall Inn,,Landmark,attraction,40.7338163,-74.0021613,Mo-Su 14:00-04:00,osm,limited,https://thestonewallinnnyc.com/,,Christopher Street,53,,4.2,2267.0,,249.0,30
node/1240900824,Seal,,Landmark,attraction,40.7683715,-73.9716059,24/7,default,yes,,,,,,4.2,343.0,,43.0,30
node/4351547190,Chinatown,,Landmark,attraction,40.7156257,-73.9984718,24/7,default,no,,,,,,3.9,1111.0,,45.0,30
node/4425455889,Cocktail Kingdom,Cocktail Kingdom,Landmark,attraction,40.7436081,-73.9907173,24/7,default,no,,,,,,3.9,839.0,,234.0,30
node/4441423089,Cortlandt Alley,,Landmark,attraction,40.7177393,-74.0023028,24/7,default,no,,,,,,4.1,937.0,,231.0,30
node/4470028591,Greenwich Village,Greenwich Village,Landmark,attraction,40.7335844,-74.0028172,24/7,default,no,,,,,,4.1,428.0,,249.0,30
node/4822806224,Barthman's Sidewalk Clock,Barthman's Sidewalk Clock,Landmark,attraction,40.7098195,-74.0099251,24/7,default,yes,,,Maiden Lane,,,3.8,357.0,,87.0,30
node/4822806225,Dream house,Dream house,Landmark,attraction,40.7184994,-74.0048345,Th-Sa 14:00-00:00,osm,no,,,,,,4.5,185.0,,231.0,30
node/4822806226,La de forest house,La de forest house,Landmark,attraction,40.733199,-73.9946773,24/7,default,no,,,,,,4.6,3031.0,,113.0,30
node/5016404328,Chelsea Flea Market,Chelsea Flea Market,Landmark,attraction,40.7436928,-73.9903215,Sa-Su 08:00-17:00,osm,yes,https://findthemarkets.com/flea/chelsea-flea-market/,,,,,4.0,124.0,,234.0,30
node/5019124321,Original brown stone houses,Original brown stone houses,Landmark,attraction,40.8230347,-73.9474058,24/7,default,no,,,Convent Avenue,,,4.0,949.0,,116.0,30
node/5190610589,NY Skyride,,Landmark,attraction,40.7483271,-73.9856549,24/7,default,no,skyride.com,+1 212-279-9777,5th Avenue,350,,3.7,662.0,,164.0,30
node/5215246721,Textile building,,Landmark,attraction,40.7174626,-74.0056679,24/7,default,no,,,,,,4.7,1702.0,,231.0,30
node/5258640021,The Ride,,Landmark,attraction,40.7549459,-73.991113,24/7,default,no,,+1-212-221-0853,,,,3.7,278.0,,100.0,30
node/5763751554,Anton Kern Gallery,,Landmark,attraction,40.7611131,-73.9739449,24/7,default,no,https://antonkerngallery.com/,,,,,4.0,843.0,,161.0,30
node/5849724991,Spyscape,,Landmark,attraction,40.7650644,-73.9838591,24/7,default,yes,,,,,,4.3,651.0,,163.0,30
node/4324579690,Couv Led Zepp 5e album,,Landmark,attraction,40.7273461,-73.9850116,24/7,default,no,,,,,,4.3,4702.0,,79.0,30
node/1240900810,Tortoise,,Landmark,attraction,40.7679978,-73.9727565,24/7,default,yes,,,,,,4.4,962.0,,43.0,30
node/4319650089,Colonnade row,,Landmark,attraction,40.72928,-73.9924535,24/7,default,no,,,,,,4.0,751.0,,113.0,30
node/4305803394,Kayak Brooklyn,,Landmark,attraction,40.699556,-73.997566,24/7,default,no,,,,,,4.6,605.0,,33.0,30
node/1240900847,Puffin,,Landmark,attraction,40.7681959,-73.9713336,24/7,default,no,,,,,,4.1,1041.0,,43.0,30
node/1240900912,California Sea Lion,,Landmark,attraction,40.767819,-73.9717588,24/7,default,yes,,,,,,3.9,333.0,,43.0,30
node/1240900960,Gentoo Penguin,,Landmark,attraction,40.7683299,-73.971457,24/7,default,no,,,,,,4.2,952.0,,43.0,30
node/1240900963,Grizzly Bear,,Landmark,attraction,40.7684264,-73.9719208,24/7,default,limited,,,,,,4.3,652.0,,43.0,30
node/1240901027,Snow Monkey,,Landmark,attraction,40.7681796,-73.9723113,24/7,default,no,,,,,,4.6,495.0,,43.0,30
node/1240901089,Red Panda,,Landmark,attraction,40.7682913,-73.9727846,24/7,default,yes,,,,,,4.8,247.0,,43.0,30
node/1240901124,Snow Leopard,,Landmark,attraction,40.7686684,-73.9724099,24/7,default,no,,,,,,4.3,1462.0,,43.0,30
node/2517056822,Flatiron District,Flatiron District,Landmark,attraction,40.7410722,-73.9896534,24/7,default,no,,,,,,3.8,1404.0,,234.0,30
node/2768171711,La casa de los Tenenbaums,La casa de los Tenenbaums,Landmark,attraction,40.8237942,-73.9465643,24/7,default,no,,,Convent Avenue,339,,4.6,169.0,,116.0,30
node/3278932286,Delacorte Musical Clock,,Landmark,attraction,40.7681147,-73.9711748,24/7,default,no,https://www.nycgovparks.org/parks/central-park/monuments/378,,,,,4.3,136.0,,43.0,30
node/3572646793,Tropical Zone,,Landmark,attraction,40.7676311,-73.9725255,24/7,default,no,,,,,,3.7,3681.0,,43.0,30
node/3597257542,Le Carrousel,The Carousel,Landmark,attraction,40.7534287,-73.9838795,24/7,default,no,https://bryantpark.org/activities/le-carrousel,,,,,3.9,390.0,,164.0,30
node/3830610284,Friends Building,,Landmark,attraction,40.7323594,-74.0052999,24/7,default,no,,,Bedford Street,90,,4.0,5229.0,,249.0,30
node/4236846690,Chelsea Market,,Landmark,attraction,40.7429236,-74.0069958,Mo-Sa 07:00-21:00; Su 08:00-20:00,osm,no,https://www.chelseamarket.com/,+12122436005,9th Avenue,75,,3.4,431.0,,68.0,30
node/4314829890,Liz Christy Garden,,Landmark,attraction,40.724241,-73.9921517,24/7,default,limited,,,,,,4.7,4420.0,,79.0,30
node/8076261683,Amanita,,Museum,gallery,40.7251309,-73.9919779,Tu-Su 10:00-17:00,default,no,,,Bowery,313,,4.3,742.0,,79.0,120
node/419367334,McLaughlin Park World War I Memorial,,Landmark,memorial,40.6962602,-73.9849817,24/7,default,no,,,,,,4.9,3580.0,,65.0,30
node/8062794938,303 Gallery,,Museum,gallery,40.7475429,-74.0075391,Tu-Sa 11:00-17:00,osm,no,https://www.303gallery.com,+1-212-255-1121,West 21st Street,555,,4.5,1044.0,,246.0,120
node/5556890746,Valentine Gallery,,Museum,gallery,40.7065223,-73.9082034,"Sa, Su 13:00-18:00",osm,no,,+1-718-381-2962,Woodward Avenue,581,,4.3,1759.0,,198.0,120
node/5629537804,Banana Space,,Museum,gallery,40.7053632,-73.9072428,Tu-Su 10:00-17:00,default,no,https://banana-space.com/,,Linden Street,1882,,4.4,6384.0,,198.0,120
node/5634162516,Studio Three Thirty,,Museum,gallery,40.7095823,-73.9200963,Tu-Su 10:00-17:00,default,no,,+1-479-244-7739,Troutman Street,17-17,,4.6,844.0,,198.0,120
node/5695089807,Arts and Rhymes Who Got Style Wall,,Museum,gallery,40.7051526,-73.9263316,Tu-Su 10:00-17:00,default,no,,,Melrose Street,424,,4.8,2569.0,,36.0,120
node/5695142890,Broadway Mall Gallery,,Museum,gallery,40.7949144,-73.9715855,Tu-Su 10:00-17:00,default,no,,,,,,4.5,6464.0,,238.0,120
node/5813555226,Miriam and Ira D. Wallach Art Gallery,,Museum,gallery,40.8172422,-73.9586445,We-Fr 12:00-20:00; Sa-Su 12:00-18:00,osm,yes,https://wallach.columbia.edu/,+1-212-854-6800,West 129th Street,615,,3.9,1943.0,,152.0,120
node/5919906699,Eric Firestone Gallery,,Museum,gallery,40.7269555,-73.9926816,Tu-Su 10:00-17:00,default,no,https://www.ericfirestonegallery.com,+1-646-998-3727,Great Jones Street,40,,4.1,570.0,,114.0,120
node/5941231085,Graffiti Hall of Fame,,Museum,gallery,40.7932038,-73.9480796,Tu-Su 10:00-17:00,default,no,,+1 917-361-5483,,,,4.4,14915.0,,75.0,120
node/6037663037,Gloria's Project Space,,Museum,gallery,40.7060783,-73.913545,Tu-Su 10:00-17:00,default,no,https://gloriasprojectspace.com/,+1-860-805-0614,Seneca Avenue,454,,3.7,1949.0,,198.0,120
node/6067527913,Muddguts,,Museum,gallery,40.7177377,-73.9450748,Tu-Su 10:00-17:00,default,no,,,,,,4.5,2206.0,,80.0,120
node/6128747704,Fisher Parrish Gallery,,Museum,gallery,40.6979206,-73.9211269,"Sa, Su 13:00-18:00",osm,no,https://fisherparrish.com/,,Wilson Avenue,238,,4.3,707.0,,37.0,120
node/6217127467,17 Frost Gallery,,Museum,gallery,40.7175806,-73.9513839,Tu-Su 10:00-17:00,default,no,https://www.17frost.com/,,Frost Street,17,An experimental art production space.,3.5,5200.0,,255.0,120
node/6221427856,Flux Factory,,Museum,gallery,40.7527012,-73.9350775,Tu-Su 10:00-17:00,default,no,https://www.fluxfactory.org/,+1 718 707 3362,29th Street,39-31,An artist collective and residency program.,4.6,2084.0,,146.0,120
node/6222196494,Zürcher Studio,,Museum,gallery,40.7257629,-73.9937321,Tu-Sa 12:00-18:00; Su 14:00-18:00,osm,no,https://galeriezurcher.com,+1-212-777-0790,Bleecker Street,33,,4.4,4723.0,,114.0,120
node/5415635153,Westwood Gallery,,Museum,gallery,40.7233254,-73.9931761,Tu-Sa 10:00-18:00,osm,no,,,Bowery,261,,4.4,4122.0,,144.0,120
node/6225327081,Theresa Byrnes,,Museum,gallery,40.7258135,-73.9795215,Tu 13:30-17:00; Th 14:00-18:00; Fr 14:00-19:00; Sa 13:00-19:00; Su 14:00-17:00,osm,no,http://www.theresabyrnes.com/,,East 9th Street,616,,4.2,5712.0,,4.0,120
node/5406442090,Resobox,,Museum,gallery,40.7512687,-73.9390234,Tu-Su 10:00-17:00,default,no,https://www.resobox.com,+1-718-784-3680,27th Street,41-26,,4.4,2335.0,,146.0,120
node/5190573289,Qlty-Life,,Museum,gallery,40.7274414,-73.9435804,Tu-Su 10:00-17:00,default,no,,,Norman Street,240,,3.9,2516.0,,112.0,120
node/2567557185,Magenta Plains,,Museum,gallery,40.7164341,-73.995463,We-Su 11:00-18:00,osm,no,https://magentaplains.com/,+1-917-388-2464,Canal Street,149,,4.0,1200.0,,148.0,120
node/2568824900,Ketchup Gallery,,Museum,gallery,40.7062014,-73.9191589,Tu-Su 10:00-17:00,default,no,,,Saint Nicholas Avenue,89,,4.0,852.0,,36.0,120
node/2713432144,Art Clinic,,Museum,gallery,40.7187633,-73.9831736,Tu-Su 10:00-17:00,default,no,,,Ridge Street,106,Art Studio operated by NYC street artist #SacSix that provided crayons and coloring books during the height of the pandemic,5.0,5802.0,,232.0,120
node/2826801779,Hashimoto Contemporary,,Museum,gallery,40.7184451,-73.9826995,Tu-Su 10:00-17:00,default,no,https://www.hashimotocontemporary.com/,,Rivington Street,210,,5.0,751.0,,232.0,120
node/2843018177,Greenpoint Gallery,,Museum,gallery,40.7363545,-73.95243,Tu-Su 10:00-17:00,default,no,https://greenpointgallery.com,+1-718-510-5773,Mc Guinness Boulevard,390,,4.3,710.0,,112.0,120
node/2853174745,Astoria Art Center,,Museum,gallery,40.7776358,-73.9130766,Tu-Su 10:00-17:00,default,no,,,Ditmars Boulevard,27-02,,4.1,959.0,,223.0,120
node/4319632990,Salmagundi Club,,Museum,gallery,40.7343016,-73.9945529,Tu-Su 10:00-17:00,default,no,,,,,,4.7,1456.0,,113.0,120
node/4706140689,Voltz Clarke Gallery,,Museum,gallery,40.7220357,-73.9920403,"Mo-Fr 10:00-18:00; Sa 12:00-17:00||Su ""by appointment""",osm,no,https://voltzclarke.com,+1-917-292-6921,,,,4.7,3242.0,,148.0,120
node/4764733060,Rachel Uffner,,Museum,gallery,40.7209311,-73.984974,Tu-Su 10:00-17:00,default,no,,,Suffolk Street,170,,5.0,612.0,,148.0,120
node/4771881065,Morgan Presents,,Museum,gallery,40.7208065,-73.9852723,Tu-Sa 10:00-18:00,osm,no,https://www.morgan-presents.com/,,Suffolk Street,155,,4.7,5004.0,,148.0,120
node/4798493527,Michael Altman Fine Art,,Museum,gallery,40.7700521,-73.965721,Mo-Fr 10:00-17:00; PH off,osm,no,https://mnafineart.com/,+1-212-879-0002,East 70th Street,38,,4.0,4476.0,,237.0,120
node/4809889324,Shrine,,Museum,gallery,40.7175806,-74.0032249,Tu-Sa 10:00-18:00,osm,yes,https://www.shrine.nyc/nyc,+1-212-381-1395,Broadway,368,,4.4,1667.0,,231.0,120
node/5057358326,Sunshine Laundromat & Pinball,,Museum,gallery,40.7292524,-73.9537238,"Mo 08:00-19:00, Tu-Fr 08:00-02:00, Sa-Su 07:00-02:00",osm,no,https://sunshinelaundromat.com,+1-718-475-2055,Manhattan Avenue,860,,4.0,1125.0,,112.0,120
node/5067046492,Dretore Gallery,,Museum,gallery,40.7231733,-74.0022944,Tu-Su 10:00-17:00,default,no,,,Broome Street,484,,5.0,2001.0,,211.0,120
node/5265714964,The Print Room,,Museum,gallery,40.7179792,-74.0049073,Tu-Su 10:00-17:00,default,no,,,Franklin Street,89,,4.6,1062.0,,231.0,120
node/6231307187,SLEEPCENTER,,Museum,gallery,40.7117446,-73.9961249,Tu-Su 10:00-17:00,default,no,https://sleepcenterny.org,,Monroe Street,9,Transnational art center.,4.0,4752.0,,45.0,120
node/6231307189,Essex Flowers Gallery,,Museum,gallery,40.7117466,-73.9956636,Tu-Su 10:00-17:00,default,no,https://essexflowers.us,,Monroe Street,19,,3.8,1434.0,,45.0,120
node/6231514599,FIERMAN,,Museum,gallery,40.713402,-73.9912954,We-Su 12:00-18:00,osm,no,https://fierman.nyc,,Henry Street,127,,4.3,2186.0,,232.0,120
node/13102102499,New York Central Railroad 69th Street Transfer Bridge,,Landmark,memorial,40.7789823,-73.9892363,24/7,default,no,,,,,,4.0,1372.0,,143.0,30
node/13087382861,Saint Tikhon,,Landmark,memorial,40.7881744,-73.9540865,24/7,default,no,,,,,,4.4,1799.0,,75.0,30
node/12955408001,Memorial Tree World War 1917-1918,,Landmark,memorial,40.771921,-73.9708489,24/7,default,no,,,,,,3.7,796.0,,43.0,30
node/12919485488,Lillian Grolitzer Community Room,,Landmark,memorial,40.7092484,-74.0034399,24/7,default,no,,,,,,4.6,2045.0,,209.0,30
node/12873793244,Bushwick-Ridgewood War Memorial,,Landmark,memorial,40.6987286,-73.9179097,24/7,default,no,https://www.nycgovparks.org/parks/heisser-triangle/highlights/10970,,,,,3.6,1324.0,,36.0,30
node/12778700500,Leah E. Sylvain,,Landmark,memorial,40.6971454,-73.9287149,24/7,default,no,,,,,,3.3,1038.0,,37.0,30
node/12277101006,PS/IS 89 Playground,,Landmark,memorial,40.7167276,-74.0134456,24/7,default,no,,,,,,4.9,468.0,,13.0,30
node/12145268036,John Paul II,,Landmark,memorial,40.7586334,-73.9766388,24/7,default,no,,,,,,3.8,1842.0,,161.0,30
node/12101636842,San Remo Cafe,,Landmark,memorial,40.7293534,-74.0011356,24/7,default,no,,,,,,3.5,602.0,,114.0,30
node/11986125261,In Memory of Frank Liu,,Landmark,memorial,40.7426208,-74.0025002,24/7,default,no,,,,,,4.3,602.0,,68.0,30
node/11977746100,Matthew Travis Palacios,,Landmark,memorial,40.8018892,-73.9312277,24/7,default,no,http://ghostbikes.org/new-york-city/matthew-travis-palacios,,,,,4.0,1813.0,,74.0,30
node/11872610871,Joseph Studzinki Square,,Landmark,memorial,40.7229481,-73.9474507,24/7,default,no,https://www.nycgovparks.org/about/history/historical-signs/listings?id=19708,,,,,4.3,1237.0,,112.0,30
node/11787761723,Playground Addition,,Landmark,memorial,40.8587499,-73.9339827,24/7,default,no,,,,,,4.0,1344.0,,243.0,30
node/11770403752,George B. McClellan Jr.,,Landmark,memorial,40.7480102,-74.0090123,24/7,default,no,,,,,,4.1,1442.0,,246.0,30
node/11687099993,Brookland Ferry Landing,,Landmark,memorial,40.7032302,-73.994942,24/7,default,no,,,,,,3.9,864.0,,66.0,30
node/13174912468,Liu Xiaobo Memorial Bench,Liu Xiaobo Memorial Bench,Landmark,memorial,40.7910037,-73.9626875,24/7,default,no,,,,,,3.7,972.0,,43.0,30
node/13175253952,Dr. Gao Yaojie Memorial Bench,Dr. Gao Yaojie Memorial Bench,Landmark,memorial,40.7884658,-73.9665595,24/7,default,no,,,,,,3.8,410.0,,43.0,30
node/13471557994,The Triangle Fire Memorial,,Landmark,memorial,40.730002,-73.9952248,24/7,default,no,,,,,,4.2,1185.0,,113.0,30
node/13649321043,Jane Jakons Plaque,,Landmark,memorial,40.7353529,-74.0061998,24/7,osm,no,https://www.hmdb.org/m.asp?m=198537,,,,,4.4,708.0,,158.0,30
node/6233607285,Con Artist Collective,,Museum,gallery,40.7196295,-73.9887194,Mo-Sa 11:00-19:00,osm,no,https://conartistnyc.com,,Ludlow Street,119,,4.4,3107.0,,148.0,120
node/6233954066,Perrotin New York,,Museum,gallery,40.7196517,-73.9892959,Tu-Sa 10:00-18:00,osm,no,https://perrotin.com,+1-212-812-2902,Orchard Street,130,,4.5,1033.0,,148.0,120
node/6236928057,bitforms gallery,,Museum,gallery,40.7200826,-73.990232,We-Sa 11:00-18:00; Su 12:00-18:00,osm,no,https://bitforms.art,+1-212-366-6939,Allen Street,131,"Contemporary art gallery with a new media focus, showcasing both established and emerging artists.",4.4,2676.0,,148.0,120
node/6242155761,Vector Gallery,,Museum,gallery,40.7131304,-73.93649,Tu-Su 10:00-17:00,default,no,https://vectorgallery.com/,,Grand Street,951,Neon-filled Satanic art gallery led by the inimitable JJ Brine.,4.3,376.0,,80.0,120
node/6256784609,James Fuentes LLC,,Museum,gallery,40.7191881,-73.9911739,We-Su 10:00-18:00,osm,yes,https://jamesfuentes.com/,+1-212-577-1201,Delancey Street,55,,4.4,11741.0,,148.0,120
node/6261902489,Alexander and Bonin,,Museum,gallery,40.7190232,-74.0036388,Tu-Su 10:00-17:00,default,no,,,Walker Street,47,,4.2,1117.0,,231.0,120
node/6281938397,Reena Spauldings Fine Art,,Museum,gallery,40.7139131,-73.9899544,Th-Su 12:00-18:00,osm,no,https://www.reenaspaulings.com/,+1-212-477-5006,East Broadway,165,,4.4,2567.0,,232.0,120
node/2567557154,Shin Gallery,,Museum,gallery,40.7172602,-73.9905269,Tu-Su 10:00-17:00,default,no,http://www.shin-gallery.com,+1-212-375-1735,Grand Street,322,,4.7,731.0,,148.0,120
node/6285350420,HG Contemporary,,Museum,gallery,40.748353,-74.0052494,Mo-Sa 11:00-18:00,osm,no,http://www.hgcontemporary.com,+1 212 366-4490,West 23rd Street,527,,4.6,3207.0,,246.0,120
node/13767748116,Temple Emanu El,,Landmark,memorial,40.7681116,-73.9700132,24/7,default,no,,,,,,4.0,1311.0,,237.0,30
node/13767747443,Belverde,,Landmark,memorial,40.7794738,-73.9691384,24/7,default,yes,,,,,,4.5,2009.0,,43.0,30
node/13763522256,Duffy Square,,Landmark,memorial,40.7590459,-73.9849907,24/7,default,no,,,,,,3.6,1927.0,,230.0,30
node/13740336304,Bishop Nekolay,,Landmark,memorial,40.7434237,-73.9898113,24/7,default,no,,,,,,4.1,1060.0,,234.0,30
node/13730000676,Police Officer Moira Ann Smith Playground,,Landmark,memorial,40.7424355,-73.9873856,24/7,default,no,,,,,,4.1,886.0,,234.0,30
node/6318314034,186f Kepler,,Museum,gallery,40.7167838,-73.9971521,Tu-Su 10:00-17:00,default,no,,,Canal Street,171,,4.7,1870.0,,144.0,120
node/2567538735,La Sala de Pepe,,Museum,gallery,40.7230918,-73.9797591,Tu-Su 10:00-17:00,default,no,https://www.lasaladepepe.org,,Avenue C,73,,3.9,1459.0,,4.0,120
node/2565702271,Art Projects International,,Museum,gallery,40.7226366,-74.0098159,Th-Sa 11:00-18:00,osm,no,,+1 212-343-2599,Greenwich Street,434,,4.4,5346.0,,231.0,120
node/2563930256,Andrew Kreps Gallery,,Museum,gallery,40.7181761,-74.0020133,Tu-Sa 10:00-18:00,osm,no,,,Cortlandt Alley,22,,4.5,1012.0,,231.0,120
node/4332192139,Italian American Museum,,Museum,museum,40.719105,-73.997523,Tu-Su 10:00-17:00,default,no,https://italianamericanmuseum.org/,+1 212-965-9000,Mulberry Street,151,,5.0,2471.0,,144.0,120
node/4455096389,Bronx Documentary Center,Bronx Documentary Center,Museum,museum,40.8180322,-73.9186583,Tu-Su 10:00-17:00,default,yes,https://www.bronxdoc.org/,+1-718-993-3512,Courtlandt Avenue,614,,4.7,1771.0,,159.0,120
node/4462440249,The Morgan Library & Museum,The Morgan Library & Museum,Museum,museum,40.7492685,-73.9814652,"Tu-Su 10:30-17:00; Fr 10:30-19:00; Mo off; Nov Th[4]; Jan 01, Dec 25 off",osm,yes,https://www.themorgan.org/,+1-212-685-0008,Madison Avenue,225,,4.5,3914.0,,170.0,120
node/4491242890,The Met Cloisters,The Met Cloisters,Museum,museum,40.8648684,-73.9319228,Th-Tu 10:00-16:30,osm,limited,https://www.metmuseum.org/visit/plan-your-visit/met-cloisters,,Margaret Corbin Drive,99,,4.7,4660.0,,243.0,120
node/4605597194,ICP International Center of Photography Museum,,Museum,museum,40.7230882,-73.9933858,"Tu-We, Fr-Su 10:00-18:00; Th 09:00-21:00",osm,no,https://www.icp.org/facilities/museum,+1-212-857-0000,,,,4.6,1554.0,,144.0,120
node/4631369553,Spark Brooklyn Children's Museum Annex,,Museum,museum,40.7045486,-73.9878113,Tu-Su 10:00-17:00,default,no,https://www.brooklynkids.org/spark/,,John Street,1,,4.1,2609.0,,66.0,120
node/4778356621,Hayden Planetarium,,Museum,museum,40.7813974,-73.9733215,Mo-Su 10:00-17:30,osm,yes,https://haydenplanetarium.org/,+1-212-769-5100,Central Park West,200,,4.6,1673.0,,239.0,120
node/4822836222,Garbage museum,Garbage museum,Museum,museum,40.7856582,-73.9439308,Tu-Su 10:00-17:00,default,no,,,,,,4.7,6393.0,,75.0,120
node/5166579821,Ground Zero Museum Workshop,,Museum,museum,40.74121,-74.0067195,We-Su 11:00-15:00,osm,yes,https://groundzeromuseumworkshop.org/,,,,,4.0,1023.0,,158.0,120
node/5296084264,Sugar Hill Children's Museum of Art and Story Telling,,Museum,museum,40.8304543,-73.941171,Tu-Su 10:00-17:00,default,yes,https://www.sugarhillmuseum.org,,Saint Nicholas Avenue,898,,4.3,2558.0,,116.0,120
node/5394515623,Greater Ridgewood Historical Society,,Museum,museum,40.7109086,-73.9200168,Sa-Su 13:00-17:00; We 15:00-19:00,osm,no,https://onderdonkhouse.org/,+1-718-456-1776,Flushing Avenue,,,4.1,5899.0,,198.0,120
node/5420936939,The Studio Museum In Harlem,,Museum,museum,40.8084179,-73.947616,Tu-Su 10:00-17:00,default,no,https://studiomuseum.org/,,West 125th Street,144,,4.4,2064.0,,41.0,120
node/5509996164,The Renee and Chaim Gross Foundation,,Museum,museum,40.7284684,-73.99882,"Th,Fr 13:00-17:00",osm,limited,https://www.rcgrossfoundation.org/,+1-212-529-4906,Laguardia Place,526,,3.8,698.0,,114.0,120
node/5640186350,Mmuseumm,,Museum,museum,40.717363,-74.002815,"Sa-Su 12:00-18:00 open ""Museum"" || 00:00-24:00 open ""Viewing windows""",osm,yes,https://www.mmuseumm.com/,+1-888-763-8839,Cortlandt Alley,4,tiny exhibit space in a disused elevator,4.4,363.0,,231.0,120
node/4252536496,National Museum of Mathematics,,Museum,museum,40.7435852,-73.9877866,Mo-Su 10:00-17:00,osm,yes,https://momath.org/,+1-212-542-0566,5th Avenue,225,"This museum highlights the role of mathematics in illuminating the patterns and structures all around us.  The Museum occasionally closes early, closes for the day, or has limited hours. Please check the Visit page for further details.",4.7,1762.0,,234.0,120
node/4224363289,Museum of Sex,,Museum,museum,40.7440374,-73.9873576,"Mo-Th,Su 13:00-22:00; Fr 13:00-00:00; Sa 12:00-00:00",osm,yes,https://www.museumofsex.com/locations/new-york-city/,+1 212-689-6337,5th Avenue,233,,5.0,12673.0,,234.0,120
node/3623620317,The Museum at FIT,,Museum,museum,40.7466544,-73.9941473,Tu-Fr 12:00-20:00; Sa 10:00-17:00,osm,no,https://www.fitnyc.edu/museum.asp,,,,,4.2,1836.0,,186.0,120
node/3224793125,American Folk Art Museum,,Museum,museum,40.7732296,-73.9815958,We-Su 11:30-18:00,osm,yes,http://www.folkartmuseum.org,,Lincoln Square,2,,4.6,7812.0,,142.0,120
node/368052081,Fraunces Tavern Museum,,Museum,museum,40.703387,-74.011354,12:00-17:00,osm,yes,https://www.frauncestavernmuseum.org/,+1 212-425-1778,Pearl Street,54,,3.7,479.0,,88.0,120
node/368061337,National Museum of the American Indian,,Museum,museum,40.704027,-74.013747,Mo-Su 10:00-17:00; Dec 25 off,osm,yes,https://americanindian.si.edu/,+1 212-514-3700,Bowling Green,1,,4.1,3187.0,,88.0,120
node/368061518,Bronx Museum of the Arts,,Museum,museum,40.8310911,-73.9199471,We-Su 13:00-18:00,osm,yes,https://bronxmuseum.org/,,Grand Concourse,1040,,4.5,4706.0,,69.0,120
node/368061605,Yeshiva University Museum,,Museum,museum,40.737978,-73.9938312,Tu-Su 10:00-17:00,default,yes,https://www.yumuseum.org/,,,,,3.9,313.0,,234.0,120
node/368061657,Museum of African Art,,Museum,museum,40.725,-73.9977778,Tu-Su 10:00-17:00,default,no,,,,,,4.6,1031.0,,211.0,120
node/368061660,Lower East Side Tenement Museum,,Museum,museum,40.7187837,-73.9900266,"Mo-Su 10:00-17:30; Fr,Sa 10:00-18:00",osm,no,https://www.tenement.org/,+1 212-982-8420,Orchard Street,103,,3.6,2246.0,,148.0,120
node/5721477303,Underpenny Museum Antique & Collectables,,Museum,museum,40.7427467,-73.9533895,Tu-Su 10:00-17:00,default,no,,+1-917-517-1492,,,,4.6,1813.0,,145.0,120
node/1549441335,Dyckman Farmhouse Museum,,Museum,museum,40.8673822,-73.9228859,Th-Sa 11:00-16:00; Su 11:00-15:00,osm,no,https://dyckmanfarmhouse.org/,+1-212-304-9422,Broadway,4881,Museum in the city's only remaining Dutch colonial farmhouse (built circa 1764) and its garden.,4.1,1760.0,,127.0,120
node/1810241472,Rubin Museum of Art,,Museum,museum,40.7400959,-73.9977377,Th-Su 11:00-17:00; Fr 11:00-22:00,osm,yes,https://rubinmuseum.org/,+1-212-620-5000,West 17th Street,150,,4.2,680.0,,90.0,120
node/2549926611,The Brant Foundation Art Study Center,,Museum,museum,40.726068,-73.9851191,Tu-Su 10:00-17:00,default,yes,,,East 6th Street,421,,4.0,3034.0,,79.0,120
node/2611640871,The Yankees Museum,,Museum,museum,40.8285709,-73.9258934,Tu-Su 10:00-17:00,default,no,https://www.mlb.com/yankees/ballpark/tours/museum,,,,,4.4,2287.0,,247.0,120
node/2768275469,Children's Cultural Center of Native America,,Museum,museum,40.8321455,-73.9448716,Mo-Fr 10:30-13:00,osm,no,https://www.cccona.org/,+1-917-902-6628,West 155th Street,550,,4.0,1729.0,,116.0,120
node/2808241058,Skyscraper Museum,,Museum,museum,40.70575,-74.017691,We-Sa 12:00-18:00,osm,yes,https://skyscraper.org/,+1 2129681961,Battery Place,39,,3.5,2306.0,,13.0,120
node/2825233330,Hall des Lumières,,Museum,museum,40.713744,-74.005072,10:00-18:00; Tu off; Th-Sa 10:00-22:00,osm,no,https://www.halldeslumieres.com/,+1 3322428810,Chambers Street,49,,4.8,614.0,,231.0,120
node/2898706753,South Street Seaport Museum,,Museum,museum,40.706628,-74.003676,We-Su 11:00-17:00,osm,yes,https://southstreetseaportmuseum.org/,+1 212-748-8600,Fulton Street,12,,4.1,2602.0,,87.0,120
node/1693299134,Museum of American Finance,,Museum,museum,40.706371,-74.009196,Tu-Sa 10:00-16:00,osm,no,https://www.moaf.org/,+1 212-908-4110,,,,4.7,1397.0,,87.0,120
node/11627107909,Nikola Tesla,,Landmark,memorial,40.7526056,-73.9940691,24/7,default,no,,,,,,3.8,206.0,,68.0,30
node/5747425246,Center for Architecture,,Museum,museum,40.72873,-73.9985805,Tu-Su 10:00-17:00,default,limited,https://www.centerforarchitecture.org/,,LaGuardia Place,546,,4.3,10245.0,,114.0,120
node/6481772610,Museum of Reclaimed Urban Space,,Museum,museum,40.7257313,-73.9778791,We-Su 12:00-17:00,osm,no,https://morusnyc.org,+1-646-340-8341,Avenue C,155,,4.4,1964.0,,4.0,120
node/12181429831,Banksy Museum,,Museum,museum,40.7194141,-74.001447,10:00-20:00,osm,yes,https://museumbanksy.com,,Canal Street,277,,4.4,1982.0,,144.0,120
node/12188861257,Henry Luce Nature Observatory,Henry Luce Nature Observatory,Museum,museum,40.7792698,-73.9688404,Tu-Su 10:00-17:00,osm,no,https://www.centralpark.com/things-to-do/attractions/henry-luce-nature-observatory/,+1 212 7720210,,,,4.0,3864.0,,43.0,120
node/12193120402,MĒRCER LABS,,Museum,museum,40.710759,-74.010453,Tu-Su 10:00-17:00,default,no,https://mercerlabs.com/,+1 2126009009,Dey Street,21,,4.4,2028.0,,261.0,120
node/12832739401,Dream House,,Museum,museum,40.718496,-74.004836,Tu-Su 10:00-17:00,default,no,https://www.melafoundation.org/,+1 9176039715,Church St,275,,4.0,5674.0,,231.0,120
node/12917522000,Museum of Broadway,,Museum,museum,40.7575933,-73.9843375,Tu-Su 10:00-17:00,default,no,,,,,,4.5,1285.0,,230.0,120
node/13608646301,The Bone Museum,,Museum,museum,40.7057349,-73.9374403,Tu-Su 10:00-17:00,default,no,,,McKibbin Street,255,,4.7,1343.0,,37.0,120
node/13732385972,New Museum,,Museum,museum,40.7223463,-73.9928406,"T,W 11:00-18:00; Th 11:00-21:00; Fr-Su 11:00-18:00",osm,no,https://www.newmuseum.org/,+1-212-219-1222,Bowery,235,,4.0,1089.0,,148.0,120
node/368042980,Storefront for Art and Architecture,,Museum,gallery,40.7214798,-73.9971028,We-Sa 10:00-18:00,osm,no,https://storefrontnews.org,+1-212-431-5795,Kenmare Street,97,,3.7,2916.0,,144.0,120
node/419361418,Janet Borden,,Museum,gallery,40.7033514,-73.9909792,Tu-Su 10:00-17:00,default,no,https://janetbordeninc.com/,,Water Street,91,,3.7,748.0,,66.0,120
node/2451205739,ChaShaMa,,Museum,gallery,40.7925409,-73.9711668,"Tu-Th 12:00-18:00; Fr,Sa 12:00-19:00; Su 12:00-17:00; Mo off",osm,no,https://chashama.org/location/697-amsterdam-ave/,,Amsterdam Avenue,697,,3.6,1866.0,,238.0,120
node/2547223676,The Broken Kilometer (DIA),,Museum,gallery,40.7240871,-74.0021462,Tu-Su 10:00-17:00,default,no,,+1-212-925-9397,West Broadway,393,Work of art by Walter De Maria.,4.2,1540.0,,211.0,120
node/2547241713,Nino Mier Gallery,,Museum,gallery,40.7222983,-73.9984441,10:00-18:00,osm,no,,,Crosby Street,62,,3.9,782.0,,144.0,120
node/2554956143,Powers Lowenfels Gallery,,Museum,gallery,40.7219487,-73.990434,Th-Su 12:00-18:00,osm,no,,+1-917-518-0809,Stanton Street,53,,4.5,1287.0,,148.0,120
node/2555126629,Krause Gallery,,Museum,gallery,40.720719,-73.9892808,We-Su 12:00-18:00,osm,no,https://krausegallery.com,+1-212-777-7799,Allen Street,149,,4.4,985.0,,148.0,120
node/11113367836,June 4th Memorial Exhibit,,Museum,museum,40.748289,-73.9886674,Tu-Su 10:00-17:00,default,no,https://jinian64.org/,,6th Avenue,894,,4.4,5673.0,,164.0,120
node/11079626705,National Academy of Design,,Museum,museum,40.7502469,-74.0035315,Tu-Su 10:00-17:00,default,no,https://nationalacademy.org/,+1-212-369-4880,West 26th Street,519,,4.5,1437.0,,246.0,120
node/10291573910,Universal Hip Hop Museum,,Museum,museum,40.8226552,-73.9302533,Tu-Su 10:00-17:00,default,no,https://uhhm.org,,,,,4.4,1649.0,,247.0,120
node/10172955743,Rose Center for Earth and Space,,Museum,museum,40.7816493,-73.9731563,Tu-Su 10:00-17:00,default,no,https://www.amnh.org/exhibitions/permanent/rose-center,,,,,4.3,1541.0,,239.0,120
node/6562823263,Brooklyn Historical Society,,Museum,museum,40.7037138,-73.9919921,Tu-Su 10:00-17:00,default,no,,,,,,4.2,2369.0,,66.0,120
node/6852303846,The AKC Museum of the Dog,,Museum,museum,40.7506105,-73.9775762,We-Su 11:00-18:00,osm,no,https://museumofthedog.org/,+1-212-696-8360,,,,4.0,887.0,,170.0,120
node/7041713696,Society of Illustrators,,Museum,museum,40.7648187,-73.966827,We-Sa 11:00-17:00; Dec 30 off,osm,limited,https://societyillustrators.org/,+1 212 838 2560,East 63rd Street,128,,3.8,555.0,,237.0,120
node/7152625885,Museum of Ice Cream,,Museum,museum,40.7238576,-73.9979181,"Mo,We,Th 09:30-20:00; Fr,Sa 09:30-20:30; Su 09:30-20:00",osm,no,https://www.museumoficecream.com/new-york-city,,Broadway,558,,3.9,2272.0,,144.0,120
node/8132573640,The City Reliquary,,Museum,museum,40.7139536,-73.9557409,Th-Su 12:00-18:00; PH off,osm,no,https://cityreliquary.org/,,Metropolitan Avenue,370,,4.0,3016.0,,255.0,120
node/8270992264,National Jazz Museum in Harlem,,Museum,museum,40.8099499,-73.9430899,Tu-Su 10:00-17:00,default,no,https://jazzmuseuminharlem.org/,,West 129th Street,58,,4.3,414.0,,42.0,120
node/8307408828,Malcolm X & Dr. Betty Shabazz Memorial and Educational Center,,Museum,museum,40.8393577,-73.9406753,Tu-Su 10:00-17:00,default,no,https://theshabazzcenter.org,,Broadway,3940,,4.5,3825.0,,244.0,120
node/6035120505,Museum of Illusions,,Museum,museum,40.7396591,-74.0028554,Tu-Su 10:00-17:00,default,no,https://newyork.museumofillusions.us,,8th Avenue,77,,4.0,2799.0,,249.0,120
node/8873306668,Museum of Food and Drink,,Museum,museum,40.7189546,-73.9495538,Tu-Su 10:00-17:00,default,no,https://www.mofad.org/,,Bayard Street,62,,4.0,2162.0,,255.0,120
node/9007964737,Grolier Club,,Museum,museum,40.7640002,-73.9698587,Tu-Su 10:00-17:00,default,no,https://www.grolierclub.org/,,East 60th Street,47,,3.9,476.0,,237.0,120
node/9136326361,Leslie-Lohman Museum of Art,,Museum,museum,40.7217683,-74.0030317,"We 12:00-17:00; Th-Su 12:00-18:00; Jan 01 off; Jun 19 off; Jun Su[-1] off; Jul 04 off; Nov 11, Th[4] off; Dec 24-25, Dec 31 off",osm,yes,https://www.leslielohman.org/,+1 212 431 2609,Wooster Street,26,,4.2,1811.0,,211.0,120
node/9371206934,International Center of Photography,,Museum,museum,40.7182002,-73.9891854,Tu-Su 10:00-17:00,default,no,https://www.icp.org,,Ludlow Street,84,,4.2,775.0,,148.0,120
node/9505939776,NYC Barber Shop Museum,,Museum,museum,40.7786086,-73.9781357,Tu-Fr 10:00-19:00; Sa 10:00-18:00; Su 11:00-17:00,osm,no,https://www.nycbarbershopmuseum.com/,+1-646-476-3525,Columbus Avenue,290,,4.2,2480.0,,142.0,120
node/9960173554,Jackie Robinson Museum,,Museum,museum,40.7231769,-74.0068809,Th-Su 11:00-18:00; Dec 25 off,osm,no,https://www.jackierobinsonmuseum.org,+1-866-454-3772,Varick Street,75,,4.3,2314.0,,125.0,120
node/10038018687,Frick Madison,,Museum,museum,40.7734755,-73.9639898,Th-Su 10:00-18:00,osm,no,https://www.frick.org/,,Madison Avenue,945,,4.1,5106.0,,237.0,120
node/10172954431,"Richard Gilder Center for Science, Education, and Innovation",,Museum,museum,40.7815797,-73.9746411,Mo-Su 10:00-17:30; Nov 23: off; Dec 25: off,osm,no,https://www.amnh.org/about/gilder-center,,,,,3.9,2954.0,,239.0,120
node/8942135848,The Africa Center,,Museum,museum,40.7963422,-73.9493338,Su-Th 12:00-20:00,osm,no,https://www.theafricacenter.org/,,5th Avenue,1280,,4.7,2938.0,,75.0,120
node/11473968297,Jacobo Villano Pardo,,Landmark,memorial,40.7955877,-73.9782778,24/7,default,no,,,,,,4.0,655.0,,238.0,30
node/11457630587,Berlin Wall,,Landmark,memorial,40.7117005,-74.0166686,24/7,default,no,,,,,,4.5,320.0,,13.0,30
node/1687727635,Franz Sigel Memorial,,Landmark,memorial,40.8022938,-73.9701026,24/7,default,no,,,,,,3.7,727.0,,24.0,30
node/1611095365,Greenpoint World War I Memorial,,Landmark,memorial,40.7244496,-73.9434632,24/7,default,no,https://www.nycgovparks.org/parks/msgr-mcgolrick-park/monuments/1052,,,,,4.6,1355.0,,112.0,30
node/1568098991,9/11 woodside firefighters memorial,,Landmark,memorial,40.7461931,-73.9087487,24/7,default,no,,,,,,3.7,780.0,,260.0,30
node/1568097874,"Doughboy, WWI vets",,Landmark,memorial,40.7464179,-73.9088696,24/7,default,no,,,,,,3.9,566.0,,260.0,30
node/1310874087,Carl Schurz Memorial,,Landmark,memorial,40.8059938,-73.9590779,24/7,default,no,,,,,,4.5,333.0,,166.0,30
node/1289222452,Gertrude Stein,,Landmark,memorial,40.7532779,-73.9831572,24/7,default,no,https://www.nycgovparks.org/parks/bryant-park/monuments/1502,,,,,4.7,1939.0,,164.0,30
node/1289222432,Johann Wolfgang von Goethe,,Landmark,memorial,40.7532191,-73.9837314,24/7,default,no,https://www.nycgovparks.org/parks/bryant-park/monuments/592,,,,,4.5,690.0,,164.0,30
node/1289222428,William Earl Dodge,,Landmark,memorial,40.7540704,-73.983093,24/7,default,yes,https://www.nycgovparks.org/parks/bryant-park/monuments/389,,,,,4.0,317.0,,164.0,30
node/1289222425,Wendell L. Willkie,,Landmark,memorial,40.7527805,-73.9829359,24/7,default,no,,,,,,3.9,1484.0,,164.0,30
node/1289222423,José Bonifácio de Andrada e Silva,,Landmark,memorial,40.753725,-73.9846746,24/7,default,yes,https://www.nycgovparks.org/parks/bryant-park/monuments/37,,,,,4.6,412.0,,164.0,30
node/1251856901,Milan R. Stefanik,,Landmark,memorial,40.7265459,-73.98299,24/7,default,no,,,,,,4.0,885.0,,79.0,30
node/1251830314,Edwin Booth,,Landmark,memorial,40.7379352,-73.9858986,24/7,default,no,,,,,,3.5,1604.0,,107.0,30
node/1251645998,New York Life Insurance Company Memorial,,Landmark,memorial,40.7425838,-73.9865245,24/7,default,no,,,,,,3.8,855.0,,234.0,30
node/1251612275,Antonín Dvořák,,Landmark,memorial,40.733864,-73.9829448,24/7,default,no,,,,,,3.9,531.0,,107.0,30
node/1907726296,George Washington,,Landmark,memorial,40.7104806,-73.9604709,24/7,default,no,,,,,,4.1,841.0,,256.0,30
node/2276408890,Society of St. Mary of the Snow,,Landmark,memorial,40.7190556,-73.9450339,24/7,default,no,,,,,,4.0,558.0,,80.0,30
node/2328643948,Harriet Tubman Memorial,,Landmark,memorial,40.8081791,-73.9527882,24/7,default,no,,,,,,4.2,3754.0,,41.0,30
node/3934219707,Fort Washington Marker,,Landmark,memorial,40.8529539,-73.9383565,24/7,default,no,,,,,,3.5,1134.0,,243.0,30
node/3934219703,George Washington Bicentennial Tree Marker,,Landmark,memorial,40.8526942,-73.9378617,24/7,default,no,,,,,,3.7,306.0,,243.0,30
node/3934219695,Emilio Barbosa Memorial,,Landmark,memorial,40.8523554,-73.9380027,24/7,default,no,,,,,,3.8,2594.0,,243.0,30
node/3906837660,Andrew Haswell Green Bench,,Landmark,memorial,40.7951324,-73.9542707,24/7,default,no,https://www.nycgovparks.org/parks/central-park/monuments/638,,,,,4.5,1214.0,,43.0,30
node/3894881938,The Ark of Return,,Landmark,memorial,40.7504683,-73.9668935,24/7,default,no,https://www.un.org/en/events/africandescentdecade/assets/pdf/Memorial_Programme_Final_Proof.pdf,,,,Permanent Memorial to Honour teh Victims of Slavery and the Transatlantic Slave Trade,3.5,854.0,,233.0,30
node/3886562657,Lin Zexu,,Landmark,memorial,40.7134135,-73.9981631,24/7,default,no,,,,,,4.2,1150.0,,45.0,30
node/3274303456,New York Korean War Veterans Memorial,,Landmark,memorial,40.7040628,-74.0170446,24/7,default,no,,,,,,3.4,490.0,,12.0,30
node/1251605892,Marquis de Lafayette,,Landmark,memorial,40.7356902,-73.9899886,24/7,default,no,,,,,,4.1,1535.0,,234.0,30
node/3274303455,Admiral George Dewey,,Landmark,memorial,40.7029444,-74.0170186,24/7,default,no,,,,,,3.2,878.0,,12.0,30
node/3126149298,Sled dogs memorial plaque,Sled dogs memorial plaque,Landmark,memorial,40.7699908,-73.9710028,24/7,default,no,https://www.nycgovparks.org/parks/central-park/monuments/75,,,,,4.2,1973.0,,43.0,30
node/2973916148,Soldier's Monument,,Landmark,memorial,40.7309063,-73.9297988,24/7,default,no,,,,,,4.4,1593.0,,226.0,30
node/2727025884,107th Infantry Memorial,,Landmark,memorial,40.7693306,-73.969557,24/7,default,no,https://www.nycgovparks.org/parks/central-park/monuments/1136,,,,,3.9,2228.0,,43.0,30
node/2696814837,Berlin Wall Segment,,Landmark,memorial,40.7602556,-73.9748535,24/7,default,no,,,,,,4.7,1765.0,,161.0,30
node/2477560532,General José Artigas,,Landmark,memorial,40.7249162,-74.0045348,24/7,default,no,https://www.nycgovparks.org/parks/spring-street-park/monuments/1914,,,,,4.3,1354.0,,125.0,30
node/3271250895,Giuseppe Verdi Monument,,Landmark,memorial,40.7792167,-73.9814856,24/7,default,no,https://www.nycgovparks.org/parks/verdi-square/monuments/1624,,,,,3.9,901.0,,143.0,30
node/4289013590,Benjamin Franklin,,Landmark,memorial,40.7118337,-74.0058815,24/7,default,no,https://www.nycgovparks.org/about/history/historical-signs/listings?id=11957,,,,,4.8,470.0,,209.0,30
node/1251605864,Abraham Lincoln,,Landmark,memorial,40.7362448,-73.9900668,24/7,default,no,,,,,,4.7,772.0,,234.0,30
node/1242148250,New York Vietnam Veterans Memorial,,Landmark,memorial,40.702664,-74.0098054,24/7,default,yes,https://www.vietnamveteransplaza.com/,,,,,4.6,324.0,,88.0,30
node/6593023545,Plaxall Gallary,,Museum,gallery,40.7474953,-73.9541761,Tu-Su 10:00-17:00,default,no,,,,,,4.5,1109.0,,145.0,120
node/6595542372,Sixth Street Haunted House,,Museum,gallery,40.7249615,-73.9830825,"Sa,Su 14:00-19:00",osm,no,https://sshh.nyc,,East 6th Street,516,"A mutant art, class, and event space in the East Village.",3.8,2382.0,,79.0,120
node/6596032786,David Zwirner,,Museum,gallery,40.745807,-74.0070327,Tu-Su 10:00-17:00,default,no,https://www.davidzwirner.com,+1-212-727-2070,West 19th Street,525,,4.7,1017.0,,246.0,120
node/6640583233,Underdonk,,Museum,gallery,40.7062613,-73.9210802,"Sa, Su 13:00-18:00",osm,no,,,Willoughby Avenue,1329,,3.8,1858.0,,36.0,120
node/6719106991,Klompching Gallery,,Museum,gallery,40.703354,-73.9910512,We-Sa 11:00-18:00,osm,no,https://www.klompching.com,+1-212-796-2070,Water Street,89,,4.3,3101.0,,66.0,120
node/6724492682,La MaMa Galleria,,Museum,gallery,40.7265986,-73.992545,Th-Su 13:00-19:00,osm,no,https://lamama.org,+1-212-505-2476,Great Jones Street,47,,4.6,1907.0,,114.0,120
node/6736932065,Lovitt NYC,,Museum,gallery,40.7067893,-73.9086872,"Th-Fr ""by appointment""; Sa-Su 12:00-17:00",osm,no,https://www.lucypullen.com/lovitt-nyc,,Woodward Avenue,563,,4.9,2392.0,,198.0,120
node/6764188983,Sculpture Center,,Museum,gallery,40.7469077,-73.9408643,Tu-Su 10:00-17:00,default,no,https://www.sculpture-center.org/,+1 718 361 1750,Purves Street,44-19,,4.2,550.0,,145.0,120
node/6858779528,Synesthesia,,Museum,gallery,40.7052139,-73.9308973,"""on appointment""",osm,no,https://synesthesia.space,+1-917-789-2252,Thames Street,47,,4.2,1528.0,,36.0,120
node/6910684112,Derek Eller Gallery,,Museum,gallery,40.7188203,-73.992177,"Sep-Jun: We-Su 11:00-18:00 ""Tu by appointment""; Jul-Aug: Mo-Fr 11:00-18:00",osm,no,https://www.derekeller.com,,,,,4.6,2895.0,,148.0,120
node/7098491803,Art+Ray,,Museum,gallery,40.7290786,-73.9867283,Tu-Su 10:00-17:00,default,no,https://www.artraynyc.com,+1-917-294-5678,East 9th Street,305,,3.9,2295.0,,79.0,120
node/7253478733,Elijah Wheat Showroom,,Museum,gallery,40.6973244,-73.930963,Fr-Su 12:00-18:00,osm,no,,,,,,4.5,6790.0,,37.0,120
node/7618290787,Anya & Andrew Shiva Gallery,,Museum,gallery,40.771366,-73.9902725,Mo-Fr 10:00-18:00,osm,yes,https://shivagallery.org/,+1-212-237-1439,11th Avenue,860,,4.6,3675.0,,143.0,120
node/7768153644,Eden Fine Art,,Museum,gallery,40.7576183,-73.9755331,Tu-Su 10:00-17:00,default,no,,,Madison Avenue,437,,4.3,2728.0,,161.0,120
node/8060623707,81 Leonard Gallery,,Museum,gallery,40.7174539,-74.0049014,Mo-Sa 12:00-18:00,osm,no,https://www.81leonardgallery.com,+1 212 227 9779,,,,4.7,688.0,,231.0,120
node/6511898056,Faction Art Projects,,Museum,gallery,40.8188292,-73.9446254,Tu-Su 10:00-17:00,default,no,https://factionartprojects.com/,+1 917 4095413,Frederick Douglass Boulevard,2602,,4.2,1077.0,,42.0,120
node/6478419609,Karma Gallery,,Museum,gallery,40.7224202,-73.9841422,Tu-Sa 10:00-18:00,osm,no,https://karmakarma.org,+1 212-390-8290,East 2nd Street,188,,4.4,5351.0,,79.0,120
node/6448226408,Amos Eno Gallery,,Museum,gallery,40.7057978,-73.9332632,Th-Su 12:00-18:00,osm,no,https://www.amoseno.org,+1-718-237-3001,Bogart Street,56,"Amos Eno provides a platform for emerging artists in all media, giving precedence to artistic expression freed from commercial restrain.",4.1,295.0,,36.0,120
node/6417061185,Empirical Nonsense,,Museum,gallery,40.7201441,-73.9889614,We-Sa 12:00-18:00,osm,no,https://empiricalnonsense.today,+1 212-226-4552,Rivington Street,87,"EN is an intimate place where artists, musicians, writers, actors, filmmakers, performers and dancers congregate.",4.2,4153.0,,148.0,120
node/1215606704,David Rockefeller Plaque,,Landmark,memorial,40.8615006,-73.9335432,24/7,default,no,https://www.nycgovparks.org/parks/fort-tryon-park/monuments/2099,,,,,4.3,1408.0,,243.0,30
node/1210424455,Site of Fort Tryon,,Landmark,memorial,40.8618794,-73.9327407,24/7,default,no,https://www.nycgovparks.org/parks/fort-tryon-park/monuments/533,,,,,4.0,359.0,,243.0,30
node/1203032532,Gertie A. Gorman Memorial,,Landmark,memorial,40.8553548,-73.9322344,24/7,default,no,,,,,,4.3,513.0,,243.0,30
node/726445300,Amiable Child Memorial,,Landmark,memorial,40.8148085,-73.9631689,24/7,default,no,https://www.nycgovparks.org/parks/riverside-park/monuments/1206,,,,,5.0,1578.0,,166.0,30
node/561950596,Hans Christian Andersen,,Landmark,memorial,40.7712496,-73.9663914,24/7,default,no,,,,,,3.9,613.0,,237.0,30
node/424555888,Mohandas Gandhi,,Landmark,memorial,40.7355514,-73.9913248,24/7,default,no,,,,,,4.1,825.0,,234.0,30
node/1251496233,General Worth Monument,,Landmark,memorial,40.7427549,-73.9889671,24/7,default,no,https://www.nycgovparks.org/parks/worth-square/monuments/1734,,,,,4.5,1160.0,,234.0,30
node/2339527552,Growth,,Landmark,artwork,40.8011976,-73.9389456,24/7,default,no,,,,,,3.8,4537.0,,74.0,30
node/357620587,Firemen's Memorial,,Landmark,memorial,40.7986199,-73.9732326,24/7,default,no,https://www.nycgovparks.org/parks/riverside-park/monuments/482,,,,"Each autumn, the NYC Mayor joins the Fire Commissioner and thousands of uniformed firefighters at the Firemen’s Memorial to honor the memory of firefighters who have lost their lives in the line of duty. 
",4.1,1849.0,,151.0,30
node/357620584,Carrere Memorial,,Landmark,memorial,40.7979084,-73.974426,24/7,default,no,,,,,,3.9,1337.0,,151.0,30
node/6343168139,Transfer Gallery,,Museum,gallery,40.7142739,-73.93498,Sa 00:00-18:00,osm,no,https://transfergallery.org,,Metropolitan Avenue,1030,,4.4,441.0,,80.0,120
node/6343168219,International Studio & Curatorial Program,,Museum,gallery,40.714248,-73.9347032,Tu-Su 10:00-17:00,default,no,https://iscp-nyc.org,+1-718-387-2900,Metropolitan Avenue,1040,,5.0,5616.0,,80.0,120
node/6389740021,New Collectors Gallery,,Museum,gallery,40.7136613,-73.9879416,Th-Su 12:00-18:00,osm,no,https://www.newcollectorsgallery.com,,Henry Street,191,,4.2,828.0,,232.0,120
node/6402875185,False Flag,,Museum,gallery,40.7489713,-73.9487141,Th-Su 13:00-17:00,osm,no,https://false-flag.org,+1-917-994-0593,44th Road,11-22,,4.4,2143.0,,145.0,120
node/6409636462,Chinatown Soup,,Museum,gallery,40.7152082,-73.9916144,Mo-Sa 12:00-19:00,osm,no,https://chinatownsoup.nyc,,Orchard Street,16B,Chinatown Soup is a creative community in downtown New York.,4.4,2331.0,,148.0,120
node/357624604,McNally Plaza,,Landmark,memorial,40.848048,-73.9297612,24/7,default,no,,,,,,4.3,3183.0,,120.0,30
node/8062848586,L'Space Gallery,,Museum,gallery,40.7456759,-74.0072974,Tu-Sa 11:00-18:00,osm,no,https://www.lspacegallery.com,+1-786-846-1150,West 19th Street,524,,4.5,863.0,,246.0,120
node/4290878206,Whisper Bench,,Landmark,memorial,40.7798691,-73.9696485,24/7,default,no,https://www.centralparknyc.org/locations/charles-b-stover-bench,,,,,4.6,3715.0,,43.0,30
node/4672274964,General Philip Henry Sheridan Statue,,Landmark,memorial,40.7336203,-74.0021952,24/7,default,no,,,,,,5.0,407.0,,249.0,30
node/9652138539,War Memorial,,Landmark,memorial,40.7142007,-73.9899787,24/7,default,no,,,,,,4.2,189.0,,232.0,30
node/9441264932,S.S. United States Propeller,,Landmark,memorial,40.7588891,-74.0045214,24/7,default,no,,,,,,4.3,644.0,,246.0,30
node/9432200144,Fort Tryon Park Tablet,,Landmark,memorial,40.861535,-73.9335731,24/7,default,no,https://www.nycgovparks.org/parks/fort-tryon-park/monuments/537,,,,,4.9,538.0,,243.0,30
node/9432156779,Margaret Cochran Corbin | 1751–1800,,Landmark,memorial,40.8594518,-73.9337063,24/7,default,no,https://www.nycgovparks.org/parks/fort-tryon-park/monuments/332,,,,,3.4,685.0,,243.0,30
node/9373577363,New York City Hall Park Medallion,,Landmark,memorial,40.7119789,-74.0075643,24/7,default,no,,,,,,3.3,1823.0,,231.0,30
node/9371729393,Salvation Army Monument,,Landmark,memorial,40.7046871,-74.0153383,24/7,default,no,,,,,,3.3,1023.0,,12.0,30
node/9371204450,Peter Caesar Alberti Marker,,Landmark,memorial,40.7046548,-74.0162526,24/7,default,no,,,,,,3.3,773.0,,12.0,30
node/9371204449,Walloon Settlers Memorial,,Landmark,memorial,40.7046785,-74.0156721,24/7,default,no,,,,,,4.8,1334.0,,12.0,30
node/9156182017,"Rt. Rev. John Dubois, 3rd Bishop of New York, burial marker",,Landmark,memorial,40.7235503,-73.9948797,24/7,default,no,,,,,,4.1,1459.0,,144.0,30
node/9133381986,LGBT Memorial,,Landmark,memorial,40.7372146,-74.0103304,24/7,default,no,https://hudsonriverpark.org/activities/lgbt-memorial/,,,,,3.6,1606.0,,158.0,30
node/8939987670,Irving Berlin,,Landmark,memorial,40.7531333,-73.964615,24/7,default,no,,,,,,3.0,604.0,,229.0,30
node/8881619436,Madison Lyden,,Landmark,memorial,40.7728068,-73.9783117,24/7,default,no,,,,,,3.9,1659.0,,43.0,30
node/8732602457,Chelsea Park Memorial,,Landmark,memorial,40.7494635,-73.9995859,24/7,default,no,https://www.nycgovparks.org/parks/chelsea-park/monuments/232,,,,,4.1,324.0,,68.0,30
node/8079073041,World War 1,,Landmark,memorial,40.7793478,-73.9233142,24/7,default,no,,,,,,3.7,1172.0,,8.0,30
node/9688723166,Matt Brenner,,Landmark,memorial,40.7001098,-73.9862697,24/7,default,no,,,,,"Ghost bike in memory of Matthew Brenner,",4.1,629.0,,66.0,30
node/10181690393,New York Life Insurance Company War Memorial,,Landmark,memorial,40.7425111,-73.9870355,24/7,default,no,https://www.nycgovparks.org/parks/madison-square-park/monuments/1109,,,,,3.9,1745.0,,234.0,30
node/10246738229,“The Engineers Club”,,Landmark,memorial,40.7527904,-73.9834167,24/7,default,no,https://www.teslasociety.com/bryantpark.htm,,,,,3.9,931.0,,164.0,30
node/10246738230,Benito Juárez,,Landmark,memorial,40.7544299,-73.9842668,24/7,default,no,https://www.nycgovparks.org/parks/bryant-park/monuments/1969,,,,,5.0,320.0,,164.0,30
node/11453206417,My Cry Into the World,,Landmark,memorial,40.7182266,-74.0151351,24/7,default,no,,,,,,3.4,1871.0,,13.0,30
node/11342510518,Charly García Corner,,Landmark,memorial,40.7182706,-74.0019265,24/7,default,no,,,,,,3.8,775.0,,231.0,30
node/11069869431,Jerzy Popieluszko,,Landmark,memorial,40.7231228,-73.9522781,24/7,default,no,,,,,,3.8,812.0,,255.0,30
node/11053136318,Northwest Ordinance,,Landmark,memorial,40.7071803,-74.0105869,24/7,default,no,,,,,,4.7,1899.0,,87.0,30
node/10992750818,Clara Coffey Tablet,,Landmark,memorial,40.7550746,-73.9622658,24/7,default,no,,,,,,4.4,322.0,,229.0,30
node/10992750816,Bronka Novak Tablet,,Landmark,memorial,40.7551615,-73.9621869,24/7,default,no,,,,,,3.6,103.0,,229.0,30
node/7973652496,General Slocum Disaster,,Landmark,memorial,40.7796494,-73.9234444,24/7,default,no,,,,,,3.8,2149.0,,8.0,30
node/10957857524,Teddy Orzechowski,,Landmark,memorial,40.7233608,-73.9423081,24/7,default,no,,,,,,4.3,837.0,,112.0,30
node/10828746343,Marc Haas Memorial,,Landmark,memorial,40.7726304,-73.9739199,24/7,default,no,,,,,,4.1,576.0,,43.0,30
node/10695444961,Daniel D. Tompkins,,Landmark,memorial,40.7301555,-73.987248,24/7,default,no,,,,,,4.2,1845.0,,79.0,30
node/10652722697,Tadeusz Kosciusko,,Landmark,memorial,40.724508,-73.9369596,24/7,default,no,,,,,,3.5,1270.0,,80.0,30
node/10314009347,Dr. Li Wenliang Memorial Bench,Dr. Li Wenliang Memorial Bench,Landmark,memorial,40.7912136,-73.9640911,24/7,default,no,,,,,,4.5,717.0,,43.0,30
node/10290106657,Bell of Hope,,Landmark,memorial,40.7114868,-74.0095288,24/7,default,no,,,,,,4.4,9504.0,,261.0,30
node/10285416609,Astor Cross,,Landmark,memorial,40.7083744,-74.0119581,24/7,default,no,,,,,,4.1,1369.0,,261.0,30
node/10828746354,Navy Walk Tablet,,Landmark,memorial,40.7742742,-73.9713357,24/7,default,no,https://www.nycgovparks.org/parks/central-park/monuments/1089,,,,,3.8,1156.0,,43.0,30
node/4643143140,Kossuth Lajos Statue,,Landmark,memorial,40.8067523,-73.967316,24/7,default,no,,,,,,4.3,1168.0,,166.0,30
node/7952829146,Adventure Playground,,Landmark,memorial,40.7734181,-73.9773311,24/7,default,no,,,,,,3.7,1179.0,,43.0,30
node/7803266933,Farmers Gate,,Landmark,memorial,40.7980716,-73.9524353,24/7,default,no,,,,,,4.7,1431.0,,43.0,30
node/6946750328,Sugar House Prison Window,,Landmark,memorial,40.7125551,-74.0037125,24/7,default,no,,,,,,4.5,827.0,,45.0,30
node/6744726761,Gelasio Reyes,,Landmark,memorial,40.7457097,-73.9259734,24/7,default,no,,,,,,4.4,1250.0,,226.0,30
node/6469210528,Richard Tucker,,Landmark,memorial,40.7735488,-73.9818872,24/7,default,no,https://www.nycgovparks.org/parks/richard-tucker-square/monuments,,,,,3.7,1290.0,,142.0,30
node/6404941969,Lenape Memorial,,Landmark,memorial,40.8062529,-73.9622536,24/7,default,no,,,,,,3.7,602.0,,166.0,30
node/5897336785,William Cullen Bryant,,Landmark,memorial,40.7534331,-73.982751,24/7,default,no,https://www.nycgovparks.org/parks/bryant-park/monuments/189,,,,,3.6,2323.0,,164.0,30
node/5764181388,Frederick Douglass Memorial,,Landmark,memorial,40.8006469,-73.9581376,24/7,default,no,https://www.nycgovparks.org/parks/central-park/monuments/2098,,,,,4.3,569.0,,41.0,30
node/5526994817,Slocum Disaster Memorial,,Landmark,memorial,40.7268975,-73.9813718,24/7,default,no,https://www.nycgovparks.org/parks/tompkins-square-park/monuments/1453,,,,,3.5,890.0,,79.0,30
node/5262946458,Gas Explosion Empty Lot,,Landmark,memorial,40.7997084,-73.9432569,24/7,default,no,,,Park Avenue,,,3.9,1094.0,,74.0,30
node/5243012671,Lowell Kingsley Hanson,,Landmark,memorial,40.7532553,-73.9664086,24/7,default,no,,,,,,4.0,200.0,,229.0,30
node/5115375199,Japanese Peace Bell,,Landmark,memorial,40.7494211,-73.9677448,24/7,default,no,,,,,,3.9,783.0,,233.0,30
node/4941261936,Flight 587 November 12 2001 memorial,,Landmark,memorial,40.7818754,-73.9197322,24/7,default,no,,,,,,4.4,572.0,,8.0,30
node/4872376339,Sgt Daniel Kish Memorial,,Landmark,memorial,40.7345723,-73.9376696,24/7,default,no,,,,,,4.8,216.0,,226.0,30
node/4815674630,Strawberry Fields,,Landmark,memorial,40.7754204,-73.9747419,24/7,default,no,https://www.centralparknyc.org/locations/strawberry-fields,,,,,4.6,835.0,,43.0,30
node/4724909637,Marsh & McLennan 9/11 Memorial,,Landmark,memorial,40.7569095,-73.9814414,24/7,default,yes,,,,,,4.4,1065.0,,161.0,30
node/6958351735,Ancient Cannon,,Landmark,memorial,40.7038225,-74.0145008,24/7,default,no,,,,,,4.6,733.0,,12.0,30
node/7058463041,George T Delacorte,,Landmark,memorial,40.7050573,-74.0136238,24/7,default,limited,,,,,,3.7,3115.0,,261.0,30
node/7106318826,Naturalists Gate,,Landmark,memorial,40.7793435,-73.9734422,24/7,default,no,https://www.nycgovparks.org/parks/central-park/monuments/1086,,,,,4.1,1193.0,,43.0,30
node/7108033374,Gate of All Saints,,Landmark,memorial,40.791511,-73.9645932,24/7,default,no,,,,,,4.6,437.0,,43.0,30
node/7641177124,Theodore Roosevelt Memorial,,Landmark,memorial,40.7808411,-73.972835,24/7,default,no,,,,,Former location of Roosevelt Equestrian Statue. Replaced with a plaque.,4.3,623.0,,239.0,30
node/7566374022,Damrosch Park,,Landmark,memorial,40.7718514,-73.984852,24/7,default,no,https://www.nycgovparks.org/parks/M231/monuments/361,,,,,4.0,1059.0,,142.0,30
node/7483737445,First Edison Underground Central Station System,,Landmark,memorial,40.7078263,-74.0044847,24/7,default,no,,,,,,3.5,536.0,,87.0,30
node/7483737389,Catherine Market,,Landmark,memorial,40.7101264,-73.9963906,24/7,default,no,,,,,,4.6,2031.0,,45.0,30
node/7483709963,Governor Alfred E. Smith Memorial,,Landmark,memorial,40.710855,-73.9972762,24/7,default,no,,,,,,4.1,1214.0,,45.0,30
node/7281199874,Remains of Early New York,,Landmark,memorial,40.7129822,-74.0045088,24/7,default,no,,,,,,4.0,2960.0,,231.0,30
node/7281199872,Reverand Antonio Demo C.S.,,Landmark,memorial,40.7300478,-74.0021837,24/7,default,no,,,,,,4.0,1203.0,,249.0,30
node/7821215845,Inclenberg,,Landmark,memorial,40.7477781,-73.9811516,24/7,default,no,,,,,,4.6,536.0,,164.0,30
node/7237595271,Sigillum Amstelo. Damensis Innovo Belgio.,,Landmark,memorial,40.7063556,-74.016535,24/7,default,no,,,,,,4.7,293.0,,13.0,30
node/7208979011,The Bridewell,,Landmark,memorial,40.7132862,-74.0066438,24/7,default,no,,,,,,4.8,742.0,,231.0,30
node/7208978998,German-made Freight Wagon,,Landmark,memorial,40.7059082,-74.0182881,24/7,default,no,,,,,,4.0,220.0,,13.0,30
node/7208978987,Brooklyn-Battery Tunnel Manhattan Plaza,,Landmark,memorial,40.7049895,-74.0151963,24/7,default,no,,,,,,3.9,435.0,,261.0,30
node/7185484002,Ghost Bike,,Landmark,memorial,40.7455047,-73.9481662,24/7,default,no,,,,,,3.9,895.0,,145.0,30
node/7184912483,Fraunces Tavern,,Landmark,memorial,40.7034086,-74.0114486,24/7,default,no,,,,,,4.5,1180.0,,88.0,30
node/7137281975,Oklahoma City Bombing,,Landmark,memorial,40.7368731,-73.9778646,24/7,default,no,,,,,,4.2,416.0,,137.0,30
node/7123798395,Duke Ellington Memorial,,Landmark,memorial,40.7969043,-73.9493474,24/7,default,no,https://www.nycgovparks.org/parks/central-park/monuments/1781,,,,,3.7,4216.0,,43.0,30
node/7221457491,Seneca Village,,Landmark,memorial,40.7841633,-73.9684586,24/7,default,no,https://www.centralparknyc.org/locations/seneca-village-site,,,,,3.8,3762.0,,43.0,30
node/2435110791,George M. Cohan,,Landmark,artwork,40.7587593,-73.9851462,24/7,default,no,,,,,,4.0,1001.0,,230.0,30
node/3888093170,Thomas Moore,,Landmark,artwork,40.765928,-73.973245,24/7,default,no,https://www.nycgovparks.org/parks/central-park/monuments/1056,,,,,4.5,2766.0,,43.0,30
node/2639531695,Francis P. Duffy,,Landmark,artwork,40.7590569,-73.9849891,24/7,default,no,,,,,,4.1,733.0,,230.0,30
node/357609224,Saint Jerome's Roman Catholic Church,,Culture,place_of_worship,40.8098338,-73.925058,Mo-Su 08:00-20:00,default,no,,,Alexander Avenue,230,,4.2,1048.0,,168.0,45
node/357609143,Iglesia Evangelica Metodista,,Culture,place_of_worship,40.8078907,-73.9143289,Mo-Su 08:00-20:00,default,no,,,,,,4.5,802.0,,168.0,45
node/357609134,Concordia Lutheran Church,,Culture,place_of_worship,40.8106387,-73.9172921,Mo-Su 08:00-20:00,default,no,,,,,,4.4,2966.0,,168.0,45
node/357609075,Saint Adalbert's Polish Roman Catholic Church,,Culture,place_of_worship,40.8203785,-73.9145811,Mo-Su 08:00-20:00,default,no,,,,,,4.3,1026.0,,159.0,45
node/357609067,Lady of Pity Roman Catholic Church,,Culture,place_of_worship,40.818434,-73.921248,Mo-Su 08:00-20:00,default,no,,,,,,3.7,97.0,,159.0,45
node/357608326,Congregation Shaare Zedek,,Culture,place_of_worship,40.718158,-74.0037507,Mo-Su 08:00-20:00,default,no,,,,,,4.3,741.0,,231.0,45
node/9422000301,Big Apple,,Landmark,artwork,40.7553202,-74.0005323,24/7,default,no,,,,,,3.9,1215.0,,246.0,30
node/9441044688,Ignatius the Pilgrim,,Landmark,artwork,40.7702276,-73.984391,24/7,default,no,https://www.fordham.edu/about/campuses/lincoln-center-campus/fordhams-sculpture-walk/featured-artists/chris-vilardi/,,,,,4.1,2465.0,,142.0,30
node/9470799318,New York Earth Room,,Landmark,artwork,40.7259792,-73.9997541,24/7,default,no,,,Wooster Street,141,,4.1,550.0,,211.0,30
node/9478398285,#saytheirname,,Landmark,artwork,40.7295402,-73.9599549,24/7,default,no,,,,,,4.5,840.0,,112.0,30
node/9478443232,Watertower 5,,Landmark,artwork,40.7376592,-73.9553008,24/7,default,no,https://www.tomfruin.com,,,,,4.3,682.0,,112.0,30
node/9478443286,Waiting,,Landmark,artwork,40.7319287,-73.9613155,24/7,default,no,,,,,,3.8,1069.0,,112.0,30
node/9484120671,Tightrope Walker,,Landmark,artwork,40.8075393,-73.9606702,24/7,default,no,,,,,,4.1,1467.0,,166.0,30
node/9561248715,The Wall Street,,Landmark,artwork,40.7053799,-74.0075638,24/7,default,no,https://www1.nyc.gov/html/dot/html/pr2008/pr08_031.shtml,,,,,4.0,230.0,,87.0,30
node/9678339724,John Wolfe Ambrose,,Landmark,artwork,40.7025911,-74.0143795,24/7,default,no,,,,,,3.9,1887.0,,12.0,30
node/357609300,Greater Universal Baptist Church,,Culture,place_of_worship,40.8206562,-73.9218036,Mo-Su 08:00-20:00,default,no,http://www.greateruniversal.org/,,,,,4.1,656.0,,159.0,45
node/357610803,South Baptist Church,,Culture,place_of_worship,40.7358333,-74.0025,Mo-Su 08:00-20:00,default,no,,,,,,4.5,452.0,,249.0,45
node/357610843,People's Home Church,,Culture,place_of_worship,40.7277027,-73.9802859,Mo-Su 08:00-20:00,default,no,,,,,,3.7,703.0,,79.0,45
node/357610867,Lutheran Church In America,,Culture,place_of_worship,40.7494444,-73.9819444,Mo-Su 08:00-20:00,default,no,,,,,,4.0,369.0,,170.0,45
node/357618522,Templo Adventists Del Septimo Dia,Seventh Day Adventist Church of Union Square,Culture,place_of_worship,40.7194182,-73.9921269,Mo-Su 08:00-20:00,default,no,,,,,,4.1,1185.0,,148.0,45
node/357618499,Sung Tak Buddhist Temple,,Culture,place_of_worship,40.7135573,-73.9922768,Mo-Su 08:00-20:00,default,no,,,,,,4.2,1022.0,,232.0,45
node/357617926,Saint Mark's United Church of Christ,,Culture,place_of_worship,40.7052748,-73.9085481,Mo-Su 08:00-20:00,default,no,,,,,,4.8,608.0,,198.0,45
node/357617900,First Church of Christ,,Culture,place_of_worship,40.7146456,-73.9091778,Mo-Su 08:00-20:00,default,no,,,,,,4.3,532.0,,198.0,45
node/357616892,Roman Catholic Church of Saint Aloysius,,Culture,place_of_worship,40.7077778,-73.9141667,Mo-Su 08:00-20:00,default,no,,,,,,3.9,501.0,,198.0,45
node/357611900,Saint Johns Convent,,Culture,place_of_worship,40.8788993,-73.9088654,Mo-Su 08:00-20:00,default,no,,,,,,4.0,1066.0,,220.0,45
node/357611555,Third Reformed Presbyterian Church,,Culture,place_of_worship,40.850814,-73.9085885,Mo-Su 08:00-20:00,default,no,,,,,,5.0,451.0,,169.0,45
node/9813503241,Joan Miro's Moonbird,,Landmark,artwork,40.7639334,-73.9744891,24/7,default,no,,,,,,3.9,950.0,,163.0,30
node/357611514,Mount Eden Center Synagogue,,Culture,place_of_worship,40.8436111,-73.9091667,Mo-Su 08:00-20:00,default,no,,,,,,4.3,987.0,,169.0,45
node/357611412,Saint Angela Merici Roman Catholic Church,,Culture,place_of_worship,40.8271221,-73.9183517,Mo-Su 08:00-20:00,default,no,,,,,,4.6,114.0,,69.0,45
node/357611409,Church of God Woodycrest Avenue,,Culture,place_of_worship,40.8305942,-73.9297532,Mo-Su 08:00-20:00,default,limited,https://woodycrestcog.org/contact-us,+1-718-992-4087,,,,3.4,538.0,,119.0,45
node/357611388,Elton Avenue Methodist Church,,Culture,place_of_worship,40.8216592,-73.9131211,Mo-Su 08:00-20:00,default,no,,,Elton Avenue,790,,4.6,228.0,,159.0,45
node/357611328,Roman Catholic Church of Christ the King,,Culture,place_of_worship,40.8376953,-73.9155914,Mo-Su 08:00-20:00,default,no,,,Marcy Place,141,,3.1,1263.0,,247.0,45
node/357611323,Evangelical Church of God,,Culture,place_of_worship,40.8309451,-73.9073827,Mo-Su 08:00-20:00,default,no,,,,,,4.3,334.0,,47.0,45
node/357610871,Seventh Associate Presbyterian Church,,Culture,place_of_worship,40.7603904,-73.9941408,Mo-Su 08:00-20:00,default,no,,,West 44th Street,472,,3.9,368.0,,48.0,45
node/357611511,Mount Cella Baptist Church,,Culture,place_of_worship,40.8430009,-73.9191325,Mo-Su 08:00-20:00,default,no,,,Jesup Avenue,1480,,4.2,484.0,,119.0,45
node/357618525,First Warsaw Congregation,,Culture,place_of_worship,40.7205556,-73.9908334,Mo-Su 08:00-20:00,default,no,,,,,,4.4,81.0,,148.0,45
node/9856980054,The Monitor and the Merrimac,,Landmark,artwork,40.7245087,-73.9428018,24/7,default,no,https://www.nycgovparks.org/parks/msgr-mcgolrick-park/monuments/1049,,,,,3.8,406.0,,112.0,30
node/10077762874,Roxy Cinema New York,,Entertainment,cinema,40.7192924,-74.0048228,We-Su 17:00-23:00,osm,no,https://www.roxycinemanewyork.com/,,6th Avenue,2,"Roxy Cinema is an Art Deco-inspired arthouse cinema located in downtown Manhattan specializing in first-run independent films, rare archival prints and 35mm cult classics.",3.9,780.0,,231.0,150
node/2326030976,Regal Union Square Stadium 14,,Entertainment,cinema,40.7340532,-73.9907254,Mo-Su 12:00-23:00,default,no,https://www.regmovies.com/theatres/regal-union-square-screenx-4dx/1320,,Broadway,1320,,4.4,271.0,,113.0,150
node/2187909797,Williamsburg Cinemas,,Entertainment,cinema,40.714151,-73.9598336,Mo-Su 12:00-23:00,default,no,,,Grand Street,217,,4.0,1875.0,,255.0,150
node/1927319778,Anthology Film Archives,,Entertainment,cinema,40.7247547,-73.9902601,"""Temporarily closed""",osm,no,https://www.anthologyfilmarchives.org/,+1-212-505-5181,2nd Avenue,32,,4.8,816.0,,79.0,150
node/1293173329,AMC Kips Bay 15,,Entertainment,cinema,40.7429085,-73.9767783,Mo-Su 12:00-23:00,default,no,https://www.amctheatres.com/movie-theatres/new-york-city/amc-kips-bay-15,,2nd Avenue,570,,4.1,283.0,,137.0,150
node/889115578,Regal Battery Park,,Entertainment,cinema,40.714742,-74.015169,11:00-23:30,osm,yes,https://www.regmovies.com/Theatres/Theatre-Folder/Regal-Battery-Park-Stadium-11-6582,+1 844 462 7342,North End Avenue,102,,2.9,2358.0,,13.0,150
node/761560987,AMC Loews 19th St. East 6,,Entertainment,cinema,40.7385891,-73.9896994,Mo-Su 12:00-23:00,default,no,https://www.amctheatres.com/movie-theatres/new-york-city/amc-loews-19th-st-east-6,,,,,4.0,3080.0,,234.0,150
node/663103163,AMC 34th Street 14,,Entertainment,cinema,40.7524154,-73.9944494,Mo-Su 12:00-23:00,default,yes,https://www.amctheatres.com/movie-theatres/new-york-city/amc-34th-street-14,,West 34th Street,312,,3.4,1818.0,,68.0,150
node/368051477,Elinor Bunin Munroe Film Center,,Entertainment,cinema,40.7734488,-73.9835741,Mo-Su 12:00-23:00,default,limited,https://www.filmlinc.org/visit-us/elinor-bunin-munroe-film-center/,,,,,4.8,1678.0,,142.0,150
node/368051450,Walter Reade Theater,,Entertainment,cinema,40.7740942,-73.9843127,Mo-Su 12:00-23:00,default,no,https://www.filmlinc.org/visit-us/walter-reade-theater/,,West 65th Street,165,,4.1,1208.0,,142.0,150
node/368043799,AMC Loews Lincoln Square 13,,Entertainment,cinema,40.7750135,-73.9817481,Mo-Su 12:00-23:00,default,yes,https://www.amctheatres.com/movie-theatres/new-york-city/amc-loews-lincoln-square-13,+1 212-336-5020,Broadway,1998,,3.3,3549.0,,142.0,150
node/368043485,Angelika Film Center,,Entertainment,cinema,40.7259416,-73.9973321,Mo-Su 12:00-23:00,default,yes,,,,,,3.7,1796.0,,114.0,150
node/9863930396,Einstein on a Bicycle,,Landmark,artwork,40.7548848,-73.972054,24/7,default,no,https://www.wescover.com/p/street-murals-by-eduardo-kobra-at-780-third-ave--Pr1nBrR_OS,,,,,3.5,389.0,,162.0,30
node/9868958116,The Braves of 9/11,,Landmark,artwork,40.7552716,-73.9717679,24/7,default,no,,,,,,4.7,757.0,,162.0,30
node/10091137831,The Girl Puzzle Monument,,Landmark,artwork,40.7726384,-73.940331,24/7,default,no,https://www.thegirlpuzzle.com,,,,,4.7,939.0,,202.0,30
node/10096581085,Porcellino,,Landmark,artwork,40.7570853,-73.9599853,24/7,default,no,https://www.nycgovparks.org/parks/sutton-place-park/monuments/126,,,,"Boar (life size) on pedestal with a basin, a replica of the bronze wild boar, also known as Porcellino, completed in 1634 by Renaissance sculptor Pietro Tacca",3.4,2041.0,,229.0,30
node/2562438625,AMC Magic Johnson Harlem 9,,Entertainment,cinema,40.8097211,-73.9517949,Mo-Su 12:00-23:00,default,no,https://www.amctheatres.com/movie-theatres/new-york-city/amc-magic-johnson-harlem-9,,Frederick Douglass Boulevard,2309,,3.7,2098.0,,41.0,150
node/2708133516,Ziegfeld Ballroom,,Entertainment,cinema,40.7630368,-73.9798333,Mo-Su 12:00-23:00,default,yes,,,West 54th Street,141,,4.0,349.0,,163.0,150
node/2716231205,Producers Club Theaters and Bar,,Entertainment,cinema,40.7595017,-73.9914437,Mo-Su 12:00-23:00,default,no,https://producersclub.com/,,West 44th Street,358,,4.1,6953.0,,48.0,150
node/2716231259,Regal E-Walk Stadium 13 & RPX,,Entertainment,cinema,40.7570477,-73.9889365,Mo-Su 12:00-23:00,default,no,https://www.regmovies.com/theatres/regal-e-walk-4dx-rpx/1929,,West 42nd Street,247,,4.2,1146.0,,230.0,150
node/7310807558,Film Noir Cinema,,Entertainment,cinema,40.7273136,-73.951608,Mo-Su 12:00-23:00,default,no,https://www.filmnoircinema.com/,,Meserole Avenue,122,,4.5,1420.0,,112.0,150
node/6916589909,LOOK Dine-in Cinemas,,Entertainment,cinema,40.7715792,-73.9937946,Mo-Su 12:00-23:00,default,yes,https://www.lookcinemas.com/location/1006,,West 57th Street,657,,4.1,501.0,,50.0,150
node/6912090035,Regal Essex 14 & RPX,,Entertainment,cinema,40.7182171,-73.9879129,Mo-Su 12:00-23:00,default,no,,+1-212-475-5768,Delancey Street,129,,4.1,2747.0,,148.0,150
node/6896758627,Concourse Plaza Multiplex,,Entertainment,cinema,40.8251462,-73.9212919,Mo-Su 12:00-23:00,default,no,,,,,,3.6,3750.0,,69.0,150
node/6638970068,No Evil Eye,,Entertainment,cinema,40.7203858,-74.0029385,Mo-Su 12:00-23:00,default,no,,,Canal Street,327,,4.0,589.0,,211.0,150
node/5483950744,Spectacle Theater,,Entertainment,cinema,40.7125158,-73.9629051,Mo-Su 12:00-23:00,default,no,https://www.spectacletheater.com/,+1 718-388-7088,South 3rd Street,124,,4.4,953.0,,256.0,150
node/11087509305,The Metrograph,,Entertainment,cinema,40.7150975,-73.991025,Mo-Su 12:00-23:00,default,no,https://metrograph.com/,+1-212-660-0312,Ludlow Street,7,,4.3,950.0,,148.0,150
node/5356834735,Film Forum,,Entertainment,cinema,40.7283888,-74.0043864,Mo-Su 12:00-23:00,default,no,,,West Houston Street,209,,4.0,1780.0,,125.0,150
node/5116117400,AMC Loews Orpheum 7,,Entertainment,cinema,40.7794376,-73.954081,Mo-Su 12:00-23:00,default,yes,https://www.amctheatres.com/movie-theatres/new-york-city/amc-loews-orpheum-7,,3rd Avenue,1538,,4.1,243.0,,236.0,150
node/5040718557,Museum of Modern Art (MoMA) films,,Entertainment,cinema,40.7616338,-73.9778136,Mo-Su 12:00-23:00,default,no,,,,,,3.5,2524.0,,161.0,150
node/4071907604,AMC Loews Village 7,,Entertainment,cinema,40.7315215,-73.9887471,Mo-Su 11:00-23:00,osm,no,https://www.amctheatres.com/movie-theatres/new-york-city/amc-village-7,,3rd Avenue,66,,3.9,789.0,,79.0,150
node/2842929270,Stuart Cinema & Cafe,,Entertainment,cinema,40.7292453,-73.9593119,Mo-Su 12:00-23:00,default,no,https://www.stuartcinema.com,+1-347-721-3777,West Street,79,,3.4,505.0,,112.0,150
node/2839686842,Nitehawk Cinema,,Entertainment,cinema,40.7160632,-73.9624442,Mo-Su 12:00-23:00,default,limited,https://nitehawkcinema.com/williamsburg/,+1 646-963-9288,Metropolitan Avenue,136,,3.1,1106.0,,255.0,150
node/2838596374,Syndicated Bar Theater Kitchen,,Entertainment,cinema,40.7049878,-73.933081,Su 15:00-24:00; Mo-We 17:00-24:00; Th 17:00-27:00; Fr 17:00-26:00; Sa 15:00-26:00,osm,limited,https://syndicatedbk.com/,+1-718-386-3399,Bogart Street,40,,3.7,553.0,,36.0,150
node/2758640929,AMC Loews 84th Street 6,,Entertainment,cinema,40.7867861,-73.9774328,Mo-Su 12:00-23:00,default,yes,https://www.amctheatres.com/movie-theatres/new-york-city/amc-84th-street-6,,Broadway,2310,,4.0,1605.0,,239.0,150
node/5243571202,Quad Cinema,,Entertainment,cinema,40.7359607,-73.9959654,Mo-Su 12:00-23:00,default,no,https://quadcinema.com,+1-212-255-2243,West 13th Street,34,,4.9,358.0,,113.0,150
node/10136386568,Fiorello H. LaGuardia,,Landmark,artwork,40.728649,-73.9981626,24/7,default,no,,,,,,4.6,2178.0,,114.0,30
node/357618570,Generoso Pope Catholic Center at New York University,,Culture,place_of_worship,40.7299234,-73.9981687,Mo-Su 08:00-20:00,default,no,,,,,,3.9,941.0,,114.0,45
node/357619102,Williamsburg Christian Church,,Culture,place_of_worship,40.7047539,-73.9586092,Mo-Su 08:00-20:00,default,no,,,,,,4.0,928.0,,217.0,45
node/357624597,Temple of the Covenant,,Culture,place_of_worship,40.8486111,-73.935,Mo-Su 08:00-20:00,default,no,,,,,,4.7,1298.0,,244.0,45
node/357624586,Roman Catholic Church of Saint Elizabeth,,Culture,place_of_worship,40.853611,-73.9327779,Mo-Su 08:00-20:00,default,no,,,,,,4.4,567.0,,243.0,45
node/357624578,Mount Sinai Jewish Center,,Culture,place_of_worship,40.8545347,-73.934201,Mo-Su 08:00-20:00,default,no,,,,,,3.7,677.0,,243.0,45
node/357624574,Inwood Jewish Center,,Culture,place_of_worship,40.8593995,-73.9280555,Mo-Su 08:00-20:00,default,no,,,,,,4.6,235.0,,243.0,45
node/357624567,Holy Cross Armenian Apostolic Church,,Culture,place_of_worship,40.8525,-73.9305557,Mo-Su 08:00-20:00,default,no,,,West 187th Street,580,,3.8,885.0,,243.0,45
node/357624558,Fort George Presbyterian Church,,Culture,place_of_worship,40.8527521,-73.9315475,Mo-Su 08:00-20:00,default,no,,,Saint Nicholas Avenue,1525,,3.9,424.0,,243.0,45
node/357624556,First Spanish Presbyterian Church,,Culture,place_of_worship,40.842486,-73.9366477,Mo-Su 08:00-20:00,default,no,,,,,,4.1,268.0,,244.0,45
node/357624548,Broadway Temple-Washington Heights United Methodist Church,,Culture,place_of_worship,40.8452778,-73.9391667,Mo-Su 08:00-20:00,default,no,,,,,,3.9,1404.0,,244.0,45
node/357624089,Greenpoint Church of Christ,,Culture,place_of_worship,40.7262244,-73.9438341,Mo-Su 08:00-20:00,default,no,http://www.greenpointchurch.net,+1-718-389-9177,North Henry Street,199,,3.7,222.0,,112.0,45
node/357624055,Congregation Ahawath,,Culture,place_of_worship,40.7283333,-73.9563889,Mo-Su 08:00-20:00,default,no,,,,,,4.0,1436.0,,112.0,45
node/357624022,Saint Johns Evangelical Lutheran Church,,Culture,place_of_worship,40.7111315,-73.9427425,Mo-Su 08:00-20:00,default,no,,,,,,4.1,551.0,,80.0,45
node/357624013,Mosque of American Mohammedan Society,,Culture,place_of_worship,40.7119444,-73.9466667,Mo-Su 08:00-20:00,default,no,,,,,,4.2,197.0,,80.0,45
node/357623977,Church of Our Lady of Consolation,,Culture,place_of_worship,40.7153247,-73.9615071,Mo-Su 08:00-20:00,default,no,,,,,,4.4,1087.0,,255.0,45
node/357649800,Iglesia Bautista Hispana,,Culture,place_of_worship,40.8478229,-73.9366737,Mo-Su 08:00-20:00,default,no,,,Wadsworth Avenue,96,,4.1,1788.0,,244.0,45
node/357652190,Iglesia De Dios Ministerial,,Culture,place_of_worship,40.742497,-73.9089337,Mo-Su 08:00-20:00,default,no,,,,,,3.8,1972.0,,260.0,45
node/357623933,Congregation Bnai Israel,,Culture,place_of_worship,40.705068,-73.9596606,Mo-Su 08:00-20:00,default,no,,,,,,4.4,477.0,,217.0,45
node/357618758,Den Danske Sømandskirke,The Danish Seamen's Church,Culture,place_of_worship,40.6979544,-73.9956959,Mo-Su 08:00-20:00,default,no,https://www.dskny.org/,+1-718-875-0042,Willow Street,102,,4.1,209.0,,33.0,45
node/357623927,Tiperith Israel Synagogue,,Culture,place_of_worship,40.7063889,-73.9633333,Mo-Su 08:00-20:00,default,no,,,,,,4.3,1418.0,,217.0,45
node/357621216,Heavenly Grace Buddhist Temple,,Culture,place_of_worship,40.7175988,-73.9989902,Mo-Su 08:00-20:00,default,no,,,,,,4.3,617.0,,144.0,45
node/357620992,City Tabernacle,,Culture,place_of_worship,40.8292382,-73.9478046,Mo-Su 08:00-20:00,default,no,,,,,,4.4,1378.0,,116.0,45
node/357620989,Church of the Crucifixion,,Culture,place_of_worship,40.8275043,-73.9447851,Mo-Su 08:00-20:00,default,no,,,West 149th Street,459,,4.3,413.0,,116.0,45
node/357620976,Our Lady of Lourdes Church,,Culture,place_of_worship,40.8233332,-73.9483334,Mo-Su 08:00-20:00,default,no,,,,,,4.3,2081.0,,116.0,45
node/357620948,Corpus Christi Catholic Church,,Culture,place_of_worship,40.8110236,-73.9608317,Mo-Su 08:00-20:00,default,no,https://ccnd-nyc.org/,+1 212-666-9350,West 121st Street,529,,4.0,4285.0,,166.0,45
node/357620915,Saint Stephen of Hungary Church,,Culture,place_of_worship,40.7738019,-73.9505415,Mo-Su 08:00-20:00,default,no,http://www.ssh-nyc.org/,,,,,4.0,821.0,,262.0,45
node/357620895,Central Gospel Chapel,,Culture,place_of_worship,40.7708333,-73.9616667,Mo-Su 08:00-20:00,default,no,,,,,,4.0,956.0,,237.0,45
node/357620883,Bethany Memorial Church,,Culture,place_of_worship,40.7661468,-73.9584319,Mo-Su 08:00-20:00,default,no,http://www.newlifebethany.org/,,,,,3.6,516.0,,141.0,45
node/357620634,New York Society for Ethical Culture Hall,,Culture,place_of_worship,40.7710808,-73.9800976,Mo-Su 08:00-20:00,default,no,http://www.nysec.org/,,West 64th Street,2,,3.8,891.0,,142.0,45
node/357620590,New York Buddhist Church,,Culture,place_of_worship,40.8016539,-73.9701238,Mo-Su 08:00-20:00,default,no,,,,,,4.5,1341.0,,151.0,45
node/357620380,Salvation Army Centennial Memorial Temple,,Culture,place_of_worship,40.7375,-73.9986111,Mo-Su 08:00-20:00,default,no,,,,,,3.4,4098.0,,249.0,45
node/357619161,Saint Elias Greek Rite Catholic Church,,Culture,place_of_worship,40.73114,-73.9550963,Mo-Su 08:00-20:00,default,no,,,,,,4.3,429.0,,112.0,45
node/357619152,Holy Trinity Roman Catholic Church,,Culture,place_of_worship,40.7069444,-73.9441667,Mo-Su 08:00-20:00,default,no,,,,,,4.3,921.0,,80.0,45
node/357619117,Light of the World Church,,Culture,place_of_worship,40.708708,-73.962201,Mo-Su 08:00-20:00,default,no,,,,,,4.0,937.0,,256.0,45
node/357620994,Saint John's Baptist Church,,Culture,place_of_worship,40.8288889,-73.9433333,Mo-Su 08:00-20:00,default,no,,,,,,4.0,578.0,,116.0,45
node/357621006,Mount Nebo Baptist Church,,Culture,place_of_worship,40.8019444,-73.9530556,Mo-Su 08:00-20:00,default,no,,,,,,4.0,254.0,,41.0,45
node/357621009,Memorial Canaan Baptist Church,,Culture,place_of_worship,40.8024294,-73.9520812,Mo-Su 08:00-20:00,default,no,,,,,,4.3,1277.0,,41.0,45
node/357621012,First Corinthian Baptist Church,,Culture,place_of_worship,40.8031995,-73.9531159,Mo-Su 08:00-20:00,default,no,https://fcbcnyc.org,+1 212-864-5976,Adam Clayton Powell Jr. Boulevard,1912,,4.4,1541.0,,41.0,45
node/357621213,Eastern States Buddhist Temple of America,,Culture,place_of_worship,40.716059,-73.9980944,Mo-Su 08:00-20:00,default,no,,+1-212-966-6229,Mott Street,64,,4.3,522.0,,45.0,45
node/357621210,Chakrasambara Buddhist Center,,Culture,place_of_worship,40.7472222,-73.9966667,Mo-Su 08:00-20:00,default,no,,,,,,4.5,270.0,,186.0,45
node/357621178,Iglesia Adventista Del Septimo Dia,,Culture,place_of_worship,40.8019972,-73.9353152,Mo-Su 08:00-20:00,default,no,,,,,,3.9,369.0,,74.0,45
node/357621175,Chambers Memorial Baptist Church,,Culture,place_of_worship,40.8022222,-73.9358333,Mo-Su 08:00-20:00,default,no,,,,,,4.6,1700.0,,74.0,45
node/357621158,Assemblea De Iglesia Pentecostal De Jesucristo,,Culture,place_of_worship,40.7986052,-73.9383405,Mo-Su 08:00-20:00,default,no,,,,,,4.4,1885.0,,74.0,45
node/357621138,Saint Charles Borromeo Roman Catholic Church,,Culture,place_of_worship,40.8197222,-73.9419444,Mo-Su 08:00-20:00,default,no,,,,,,3.9,1057.0,,42.0,45
node/357621136,Saint Mark's Methodist Church,,Culture,place_of_worship,40.8186111,-73.9469444,Mo-Su 08:00-20:00,default,no,,,Edgecombe Avenue,55,,4.2,1575.0,,42.0,45
node/357623922,Congregation Young Israel of Brooklyn,,Culture,place_of_worship,40.7042194,-73.9609689,Mo-Su 08:00-20:00,default,no,,,,,,4.2,587.0,,217.0,45
node/357621124,Union Congregational Church,,Culture,place_of_worship,40.8154954,-73.9392632,Mo-Su 08:00-20:00,default,no,,,,,,4.4,1612.0,,42.0,45
node/357621096,Saint Ambrose Episcopal Church,,Culture,place_of_worship,40.8101817,-73.9406493,Mo-Su 08:00-20:00,default,no,,,,,,4.0,761.0,,42.0,45
node/357621088,Saint Andrew's Episcopal Church,,Culture,place_of_worship,40.8078384,-73.9409554,Mo-Su 08:00-20:00,default,no,,,5th Avenue,2067,,3.8,108.0,,42.0,45
node/357621082,Metropolitan Community Methodist Church,,Culture,place_of_worship,40.8063786,-73.9397545,Mo-Su 08:00-20:00,default,no,,,Madison Avenue,1975,,4.3,1302.0,,42.0,45
node/357621059,Commandment Keepers Ethiopian Hebrew Congregation,,Culture,place_of_worship,40.8061111,-73.945,Mo-Su 08:00-20:00,default,no,,,,,,4.3,168.0,,41.0,45
node/357621056,Mount Morris Ascension Presbyterian Church,,Culture,place_of_worship,40.805,-73.9458333,Mo-Su 08:00-20:00,default,no,,,,,,4.1,135.0,,41.0,45
node/357621030,Greater Metropolitan Baptist Church,,Culture,place_of_worship,40.8075,-73.9483333,Mo-Su 08:00-20:00,default,no,,,,,,4.7,335.0,,41.0,45
node/357621025,Morningside Avenue Presbyterian Church,,Culture,place_of_worship,40.8091666,-73.9552779,Mo-Su 08:00-20:00,default,no,,,,,,4.6,1704.0,,41.0,45
node/357621102,Baptist House of Prayer,,Culture,place_of_worship,40.8080151,-73.9447421,Mo-Su 08:00-20:00,default,no,,,,,,3.9,323.0,,41.0,45
node/368051445,Times Square Church,,Culture,place_of_worship,40.7625429,-73.9843249,Mo-Su 08:00-20:00,default,no,http://www.tscnyc.org/,,West 51st Street,237,,4.3,407.0,,230.0,45
node/10166778383,"Porkchop, the bulldog bootlegger",,Landmark,artwork,40.7020025,-74.0146674,24/7,default,no,,,,,,4.1,679.0,,12.0,30
node/10174524382,Union Square Drinking Fountain,,Landmark,artwork,40.7360034,-73.9907301,24/7,default,no,,,,,Mother with two children and water pitcher,3.4,167.0,,234.0,30
node/357635109,Eagle Slope,,Park,park,40.816669,-73.9114419,24/7,default,no,,,,,,4.6,2233.0,,159.0,60
node/357635114,Mott Haven Playground,,Park,park,40.8113889,-73.9233333,24/7,default,no,,,,,,4.3,6107.0,,168.0,60
node/357635248,Summit Avenue Park,,Park,park,40.8333333,-73.9305556,24/7,default,no,,,,,,4.9,2814.0,,119.0,60
node/357637268,Sumner Playground,,Park,park,40.6972938,-73.9424986,24/7,default,no,,,,,,4.4,5221.0,,225.0,60
node/357638276,Eugenio Maria De Hostos Playground,,Park,park,40.7025,-73.9494444,24/7,default,no,,,,,,4.1,4184.0,,217.0,60
node/357638323,Lentol Triangle,,Park,park,40.7036498,-73.9603764,24/7,default,no,,,,,,4.7,6031.0,,217.0,60
node/357650228,Sidney Hillman Playground,,Park,park,40.7153429,-73.9796043,24/7,default,no,,,,,,3.9,1903.0,,232.0,60
node/357650246,Little Flower Playground,,Park,park,40.712555,-73.9883938,24/7,default,no,,,,,,4.2,3791.0,,232.0,60
node/357650317,Yu Suen Garden,,Park,park,40.7285623,-73.9783526,24/7,default,no,,,,,,4.6,11589.0,,4.0,60
node/357650406,Bleecker Playground,,Park,park,40.7364971,-74.0055016,24/7,default,no,,,,,,4.4,2350.0,,249.0,60
node/357650409,McCarthy Square,,Park,park,40.7352146,-74.0017292,24/7,default,no,,,,,,4.8,4437.0,,249.0,60
node/357650517,Donnellan Square,,Park,park,40.8269444,-73.9427778,24/7,default,no,,,,,,4.9,4409.0,,116.0,60
node/357650660,Morningside Playground,,Park,park,40.8105122,-73.9553237,24/7,default,no,,,,,,4.2,1204.0,,166.0,60
node/357650686,Sol Bloom Playground,,Park,park,40.7897306,-73.9689095,24/7,default,no,,,,,,4.0,5944.0,,238.0,60
node/357635068,Saint Luke's Park,,Park,park,40.8058333,-73.915,24/7,default,no,,,,,,4.9,15367.0,,168.0,60
node/357635038,Beanstalk Playground,,Park,park,40.8538889,-73.9166667,24/7,default,no,,,,,,4.8,8873.0,,235.0,60
node/357635009,Fordham Landing Playground,,Park,park,40.8633333,-73.9105556,24/7,default,no,,,,,,4.3,1387.0,,136.0,60
node/13826131060,SEED54,,Landmark,artwork,40.7625087,-73.9783475,24/7,default,no,,,,,,4.4,1396.0,,161.0,30
node/13846767469,Octetra,,Landmark,artwork,40.7240681,-74.0063642,24/7,default,no,,,,,,4.1,1363.0,,125.0,30
node/13850369410,Mini-Bean,,Landmark,artwork,40.7176604,-74.0060501,24/7,default,no,,,,,,4.2,2792.0,,231.0,30
node/357545993,Baker Field,,Park,park,40.8731554,-73.9140253,24/7,default,no,,,,,,4.9,5409.0,,128.0,60
node/357607904,South Street Seaport Historic District,,Park,park,40.7065114,-74.0033727,24/7,default,no,,,,,,4.8,5280.0,,209.0,60
node/357608159,Pumphouse Park,,Park,park,40.7120735,-74.0161706,24/7,default,no,,,,,,4.4,6410.0,,13.0,60
node/357609309,Charlton-Thompson Garden,,Park,park,40.8246865,-73.9071411,24/7,default,no,,,,,,4.1,8132.0,,167.0,60
node/357650718,Oasis Garden,,Park,park,40.7663889,-73.9911111,24/7,default,no,,,,,,4.1,4399.0,,50.0,60
node/357610563,Chatham Square,,Park,park,40.7135058,-73.9985306,24/7,default,no,,,,,,4.2,5449.0,,45.0,60
node/357616388,Lawrence A Wein Stadium,,Park,park,40.8732335,-73.9164769,24/7,default,no,,,,,,4.5,977.0,,128.0,60
node/357620387,Theodore Roosevelt Birthplace National Historic Site,,Park,park,40.738617,-73.9890615,24/7,default,no,,,,,,4.6,2204.0,,234.0,60
node/357632950,Phyllis Post Goodman Park,,Park,park,40.8804744,-73.9173194,24/7,default,no,,,,,,4.8,3503.0,,220.0,60
node/357633971,Corporal Irwin Fischer Park,,Park,park,40.8404297,-73.9229997,24/7,default,no,,,,,,4.6,1626.0,,119.0,60
node/357633977,Merriam Playground,,Park,park,40.8391667,-73.9269444,24/7,default,no,,,,,,4.3,2425.0,,119.0,60
node/357633982,Ogden Plimpton Playground,,Park,park,40.8419444,-73.9236111,24/7,default,no,,,,,,4.8,13392.0,,119.0,60
node/357634901,Garden of Life,,Park,park,40.8436111,-73.9077778,24/7,default,no,,,,,,4.3,8283.0,,169.0,60
node/357616290,Seventieth Street Playground,,Park,park,40.7775,-73.9841667,24/7,default,no,,,,,,3.8,1346.0,,143.0,60
node/13785116811,El Arbol De Esperanza,,Landmark,artwork,40.7930603,-73.9344176,24/7,default,no,,,,,,3.7,338.0,,74.0,30
node/357650754,Metro North Community Gardens,,Park,park,40.7880556,-73.9438889,24/7,default,no,,,,,,4.0,4870.0,,75.0,60
node/2799798598,College Courtyard,,Park,garden,40.8329111,-73.9135682,24/7,default,no,,,,,,4.7,4328.0,,69.0,60
node/3582082294,Winston Churchill Square Garden,,Park,garden,40.7298354,-74.0023514,24/7,default,no,,,,,,4.7,3310.0,,249.0,60
node/4113336291,Schoolchildren's Greenhouse,,Park,garden,40.7258312,-73.9883213,24/7,default,no,,,,,,4.1,8158.0,,79.0,60
node/4324586590,Grove Court,,Park,garden,40.7321622,-74.0057742,24/7,default,no,,,,,,4.3,1655.0,,249.0,60
node/13098866318,Kenkeleba Sculpture Garden,,Park,garden,40.7223262,-73.9826107,24/7,default,no,,,,,,4.4,1686.0,,4.0,60
node/12621211337,Garden Table,,Park,garden,40.7196225,-73.9473198,24/7,default,no,,,,,"A wooden table brown, about 6 people can sit there",4.4,4608.0,,112.0,60
node/11596393293,113th St Playgarden,,Park,garden,40.8050648,-73.9633996,24/7,default,no,,,,,,4.6,1706.0,,166.0,60
node/11070270065,Kingsland Wildflowers,,Park,garden,40.7345428,-73.9431913,24/7,default,no,http://www.kingslandwildflowers.com/,,,,,4.4,8266.0,,112.0,60
node/9934776538,Sasaki Garden,,Park,garden,40.7282179,-73.9971508,24/7,default,no,,,,,,4.6,18408.0,,114.0,60
node/9109738749,Amster Yard,,Park,garden,40.7551341,-73.9702951,24/7,default,no,,,,,,4.9,8742.0,,229.0,60
node/8703476047,Moore Jackson Community Garden,,Park,garden,40.7560799,-73.9079684,24/7,default,no,,,,,,4.1,6448.0,,260.0,60
node/6573662310,Brooklyn Grange,,Park,garden,40.6985468,-73.972286,24/7,default,no,,,,,,4.5,2252.0,,34.0,60
node/6418623093,Sutton Terrace Courtyard,,Park,garden,40.7611513,-73.9590502,24/7,default,no,,,,,,4.6,7455.0,,140.0,60
node/5741659925,La Finca Garden,,Park,garden,40.7042095,-73.9296336,24/7,default,no,,,Flushing Avenue,1036,,4.7,1733.0,,36.0,60
node/4991507390,Hellsgate Farms,,Park,garden,40.7687244,-73.9300675,24/7,default,no,,,30th Drive,14-33,,4.7,2101.0,,179.0,60
node/2259027958,Community Garden,,Park,garden,40.799304,-73.9377001,24/7,default,no,,,,,,4.6,2745.0,,74.0,60
node/1240901075,Temperate Territory,,Park,garden,40.7682588,-73.9724736,24/7,default,no,,,,,,4.4,6460.0,,43.0,60
node/1240900865,Intelligence Garden,,Park,garden,40.7673284,-73.9721879,24/7,default,no,,,,,,4.2,16591.0,,43.0,60
node/1240900859,Central Garden,,Park,garden,40.7679602,-73.9719237,24/7,default,no,,,,,,4.0,2169.0,,43.0,60
node/7332034043,Jay Walk,,Park,park,40.7708109,-73.9895198,Mo-Th 07:45-22:00; Fr 07:45-21:00; Sa 07:45-18:00; Su 09:00-15:15,osm,no,https://www.jjay.cuny.edu/about/senior-leadership/office-finance-administration/public-safety/policies-procedures/jay-walk-use-policies-operating-hours,,West 59th Street,524,,4.5,2752.0,,143.0,60
node/8282447642,Belvedere Plaza,,Park,park,40.7137587,-74.0174299,24/7,default,no,https://bpca.ny.gov/place/belvedere-plaza/,,,,,4.2,4668.0,,13.0,60
node/9421123768,The Spur,,Park,park,40.7520761,-74.0009116,24/7,default,no,,,,,,4.3,5912.0,,68.0,60
node/9680980728,Pier 57 Rooftop Park,,Park,park,40.743554,-74.0108072,Mo-Su 07:00-22:00,osm,no,https://www.pier57nyc.com/,,11th Avenue,25,,4.2,13845.0,,246.0,60
node/11457630561,Kowsky Plaza,,Park,park,40.7118553,-74.0169317,24/7,default,no,,,,,,4.2,4171.0,,13.0,60
node/12184198115,Septuagesimo Uno,,Park,park,40.7786693,-73.98431,Mo-Su 06:00-22:00,osm,no,,,,,,4.7,2217.0,,143.0,60
node/13610693992,Let's Have a Race,,Park,park,40.7200141,-73.9512644,24/7,default,no,,,,,Race your party for one whole lap around McCarren Park,4.8,1309.0,,255.0,60
node/748726582,Riley-Levin Children's Garden,,Park,garden,40.8576918,-73.9222899,24/7,default,no,,,,,,4.9,3539.0,,127.0,60
node/8265113845,Campus Plaza,,Park,park,40.7550332,-73.9562812,24/7,default,no,,,,,,4.3,2755.0,,202.0,60
node/12348358028,Cabrini Woods Nature Sanctuary,,Park,nature_reserve,40.8578925,-73.9368471,24/7,default,no,,,,,,4.7,2192.0,,243.0,60
node/13780868979,Cookie Monster Loves Rhino,,Landmark,artwork,40.761481,-73.9731988,24/7,default,no,,,,,,3.8,837.0,,161.0,30
node/13780868977,Rabbitwoman and Dogman Love Big Bird,,Landmark,artwork,40.7612684,-73.9734096,24/7,default,no,,,,,,3.6,4290.0,,161.0,30
node/10998208761,Hope,,Landmark,artwork,40.7518186,-73.9676533,24/7,default,no,,,,,,3.9,1945.0,,233.0,30
node/11053136320,General George Washington in Prayer at Valley Forge,,Landmark,artwork,40.7070387,-74.0103335,24/7,default,no,,,,,,4.1,1872.0,,87.0,30
node/11065677134,Old crane,,Landmark,artwork,40.7024693,-73.9668203,24/7,default,no,,,,,,4.0,2597.0,,34.0,30
node/11069869423,Deluge of Movement,,Landmark,artwork,40.7228031,-73.9539835,24/7,default,no,,,,,,4.5,2085.0,,112.0,30
node/11069869430,Rip Aaron Swartz,,Landmark,artwork,40.7234383,-73.9522295,24/7,default,no,,,,,,3.9,421.0,,112.0,30
node/11136560198,THE VESSEL,,Landmark,artwork,40.7540831,-74.0030041,24/7,default,no,,,,,,3.9,1169.0,,246.0,30
node/11142777927,Ascension,,Landmark,artwork,40.7548687,-73.9955326,24/7,default,no,,,,,,4.3,176.0,,68.0,30
node/11153606214,Walk-in Kaleidoscope,,Landmark,artwork,40.698253,-73.9994032,24/7,default,no,,,,,,4.1,1134.0,,33.0,30
node/11154466921,Turning Stone,,Landmark,artwork,40.6981391,-73.9990999,24/7,default,no,,,,,,4.0,2809.0,,33.0,30
node/11186117026,Columbus,,Landmark,artwork,40.7700894,-73.917559,24/7,default,no,,,,,,4.3,2852.0,,223.0,30
node/11216057984,Le Guichet,,Landmark,artwork,40.7731304,-73.9843595,24/7,default,no,,,,,,4.0,2116.0,,142.0,30
node/11232429498,Roberto Clemente,,Landmark,artwork,40.8541184,-73.9209527,24/7,default,no,,,,,,4.8,2855.0,,235.0,30
node/11235947340,Peter Cooper Statue,,Landmark,artwork,40.7288991,-73.9907088,24/7,default,no,https://www.nycgovparks.org/parks/cooper-triangle/monuments/328,,,,,3.7,816.0,,79.0,30
node/11359524457,Pomona,,Landmark,artwork,40.7640434,-73.9736202,24/7,default,no,,,,,,4.0,1479.0,,163.0,30
node/10997745701,Göbeklitepe Limestone Stele,,Landmark,artwork,40.7518967,-73.9669962,24/7,default,no,,,,,,4.4,511.0,,233.0,30
node/10997745557,Replica of Commemorative Stone in Honour of the Victims of Extreme Poverty,,Landmark,artwork,40.7511987,-73.9662908,24/7,default,no,,,,,,4.1,198.0,,233.0,30
node/10997745556,Consciousness,,Landmark,artwork,40.7513078,-73.9660084,24/7,default,no,,,,,,4.7,663.0,,233.0,30
node/10997745555,Kusikawsay,,Landmark,artwork,40.7501364,-73.9664336,24/7,default,no,,,,,,4.1,780.0,,233.0,30
node/10177409696,Invisible Man: A Memorial to Ralph Ellison,,Landmark,artwork,40.8303033,-73.9498955,24/7,default,no,https://www.nycgovparks.org/parks/riverside-park/highlights/19691,,,,,4.6,103.0,,116.0,30
node/10290130093,Icarus,,Landmark,artwork,40.7175309,-74.0118079,24/7,default,no,,,,,,4.1,918.0,,231.0,30
node/10290401175,Rose III,,Landmark,artwork,40.709485,-74.0116186,24/7,default,no,,,,,,3.9,3978.0,,261.0,30
node/10291573909,Welling Court Mural Project,,Landmark,artwork,40.7714498,-73.9314405,24/7,default,no,https://www.wellingcourtmuralprojectnyc.com/,,,,,3.7,1854.0,,179.0,30
node/10301699115,John Watts,,Landmark,artwork,40.7076911,-74.0121369,24/7,default,no,,,,,,4.2,2743.0,,261.0,30
node/10311596942,Clinton War Memorial (Doughboy),,Landmark,artwork,40.7674628,-73.9938856,24/7,default,no,https://www.nycgovparks.org/parks/de-witt-clinton-park/monuments/271,,,,,3.8,556.0,,50.0,30
node/11395357076,The Right Light,,Landmark,artwork,40.7459854,-73.9791457,24/7,default,no,,,,,,4.5,1405.0,,170.0,30
node/10634248715,Accord,,Landmark,artwork,40.7570087,-73.9661688,24/7,default,no,,,,,,3.5,649.0,,229.0,30
node/10824918055,Jean-Marc,,Landmark,artwork,40.7617842,-73.978751,24/7,default,no,,,,,,4.3,1954.0,,161.0,30
node/10852812055,Virgin Mary,,Landmark,artwork,40.7159114,-73.9515575,24/7,default,no,,,,,,3.8,97.0,,255.0,30
node/10852812056,Prayer,,Landmark,artwork,40.7158763,-73.9516709,24/7,default,no,,,,,,4.3,376.0,,255.0,30
node/10876093580,Boar,,Landmark,artwork,40.697484,-73.963419,24/7,default,no,,,,,,3.3,103.0,,34.0,30
node/10997745431,Title Reaching for the Skies,,Landmark,artwork,40.750469,-73.9663836,24/7,default,no,,,,,,4.4,1108.0,,233.0,30
node/10997745515,Peace Monument,,Landmark,artwork,40.7510385,-73.9665525,24/7,default,no,,,,,,4.0,3038.0,,233.0,30
node/10713285741,Homeless Jesus,,Landmark,artwork,40.8038666,-73.9629607,24/7,default,no,,,,,,4.4,3643.0,,166.0,30
node/13780868978,Elmo Loves Elephant,,Landmark,artwork,40.7614932,-73.9733022,24/7,default,no,,,,,,3.5,972.0,,161.0,30
node/11418077432,Rector Gate,,Landmark,artwork,40.7094984,-74.0179732,24/7,default,no,,,,,,3.5,832.0,,13.0,30
node/11512156164,Celebrating Jean Sibelius,,Landmark,artwork,40.7506387,-73.9669507,24/7,default,no,,,,,,4.0,1650.0,,233.0,30
node/12695294020,Needle Threading A Button,,Landmark,artwork,40.7541701,-73.9881018,24/7,default,no,,,,,,4.1,1646.0,,100.0,30
node/12696713575,Summit of Manhattan,,Landmark,artwork,40.7515964,-73.9727446,24/7,default,no,,,,,,4.4,5606.0,,233.0,30
node/12835627250,Triumph of Music,,Landmark,artwork,40.7725534,-73.9841707,24/7,default,no,,,,,,4.0,471.0,,142.0,30
node/12835627251,The Sources of Music,,Landmark,artwork,40.7726737,-73.9840902,24/7,default,no,,,,,,4.2,526.0,,142.0,30
node/12835627252,Constellation of Voices,,Landmark,artwork,40.7725738,-73.9839921,24/7,default,no,https://www.metopera.org/visit/exhibitions/past-exhibitions/george-condo---constellation-of-voices,,,,,4.7,797.0,,142.0,30
node/12860605930,Akua,,Landmark,artwork,40.7024775,-73.9963519,24/7,default,no,https://www.publicartfund.org/exhibitions/view/torkwase-dyson-akua/,,,,,3.9,685.0,,33.0,30
node/12913616449,Jesus the Beggar,,Landmark,artwork,40.7486432,-73.9906909,24/7,default,no,,,,,,4.4,881.0,,186.0,30
node/13082354786,The Commuters,,Landmark,artwork,40.7566945,-73.99162,24/7,default,no,,,,,,3.8,3789.0,,48.0,30
node/13248771868,The Blue Bus Project,,Landmark,artwork,40.746399,-73.9530903,24/7,default,no,https://www.thebluebusproject.org,,,,,3.8,1028.0,,145.0,30
node/13645904386,FDR Hope Memorial,,Landmark,artwork,40.7522472,-73.9592957,24/7,default,no,,,,,,4.4,271.0,,202.0,30
node/13763544689,John M. Carrére,,Landmark,artwork,40.7533721,-73.981881,24/7,default,no,,,,,,4.3,429.0,,164.0,30
node/13763544690,John Stewart Kennedy,,Landmark,artwork,40.7535227,-73.9819257,24/7,default,no,,,,,,4.4,462.0,,164.0,30
node/13763544691,Thomas Hasting,,Landmark,artwork,40.7535679,-73.9820127,24/7,default,no,,,,,,4.4,2422.0,,164.0,30
node/13780868976,Erine and Bert Love Gorilla,,Landmark,artwork,40.7613325,-73.9733761,24/7,default,no,,,,,,4.4,1222.0,,161.0,30
node/12040786045,Welcome to Harlem,,Landmark,artwork,40.8177329,-73.9614422,24/7,default,no,,,,,Wall mural on the south wall of the St. Claire Viaduct,4.0,630.0,,166.0,30
node/11980101140,General Winfield Scott Hancock,,Landmark,artwork,40.8095334,-73.953274,24/7,default,no,https://www.nycgovparks.org/parks/hancock-park/monuments,,,,,4.7,571.0,,41.0,30
node/11979323611,Harlem Hybrid,,Landmark,artwork,40.8113239,-73.9543327,24/7,default,no,,,,,,3.7,1702.0,,166.0,30
node/11950466288,Rocket,,Landmark,artwork,40.7549563,-73.9220067,24/7,default,no,,,,,,3.8,467.0,,7.0,30
node/11517489755,J. Pulitzer,,Landmark,artwork,40.807605,-73.9635762,24/7,default,no,,,,,,3.5,679.0,,166.0,30
node/11565984816,Fat Boy,,Landmark,artwork,40.7016491,-73.9875105,24/7,default,no,https://www.ursachi.com/fat-boy,,,,,4.1,1214.0,,66.0,30
node/11660298311,Alfred Lincoln Seligman Fountain,,Landmark,artwork,40.8042512,-73.9587153,24/7,default,no,https://www.nycgovparks.org/parks/morningside-park/monuments/1424,,,,Bear on rock with faun sheltering below,4.5,1524.0,,166.0,30
node/11738513799,Coral,,Landmark,artwork,40.8071463,-73.921123,24/7,default,no,https://www.lulagoce.com/outdoor?pgid=l1ccazpo-coral_26,,,,,4.0,853.0,,168.0,30
node/11762206278,Pulpit,,Landmark,artwork,40.8033088,-73.9626208,24/7,default,no,,,,,,4.3,2767.0,,166.0,30
node/11774091841,Curtain Call,,Landmark,artwork,40.7479954,-74.0046646,24/7,default,no,,,,,,4.2,687.0,,246.0,30
node/11774443533,Seven Generations,,Landmark,artwork,40.8028702,-73.962698,24/7,default,no,,,,,,3.7,314.0,,166.0,30
node/11429301173,Pylons,,Landmark,artwork,40.7141127,-74.0175284,24/7,default,no,,,,,,4.4,1587.0,,13.0,30
node/11784585682,Levescere: Prima Materia,,Landmark,artwork,40.7342398,-73.9592162,24/7,default,no,https://faith47.com/levescere/,,,,,4.3,902.0,,112.0,30
node/11866583656,Throwback,,Landmark,artwork,40.7568402,-73.9815488,24/7,default,no,,,,,,4.7,678.0,,161.0,30
node/11885080178,Original Statue of Liberty,,Landmark,artwork,40.7646124,-73.9702402,24/7,default,no,,,,,,4.5,969.0,,237.0,30
node/11910527210,Our Gates,,Landmark,artwork,40.8282249,-73.9535762,24/7,default,no,https://www.artstudentsleague.org/works-in-public,,,,The Art Students League of New York works with the NYC Department of Parks and Recreation to present artworks in Riverside Park.,3.9,1606.0,,116.0,30
node/11910527211,Portrait of t.,,Landmark,artwork,40.828091,-73.954035,24/7,default,no,https://www.artstudentsleague.org/works-in-public,,,,The Art Students League of New York works with the NYC Department of Parks and Recreation to present artworks in Riverside Park.,4.3,1330.0,,116.0,30
node/11918683347,Bison,,Landmark,artwork,40.8038256,-73.9628191,24/7,default,no,,,,,,4.1,970.0,,166.0,30
node/11950466286,Bear,,Landmark,artwork,40.7548011,-73.9219357,24/7,default,no,,,,,,5.0,2579.0,,7.0,30
node/11810089111,Straus Monument,,Landmark,artwork,40.8017383,-73.9682178,24/7,default,no,,,,,"2 Samuel 1:23; ""Lovely and pleasant were they in their lives and in their death they were not parted.""",4.4,1093.0,,24.0,30
node/380046860,Dorje Ling Buddhist Center,,Culture,place_of_worship,40.7021687,-73.9829849,Mo-Su 08:00-20:00,default,no,,,Gold Street,98,,4.6,1210.0,,66.0,45
node/1761539675,Bais Medrash Machzikei Torah,,Culture,place_of_worship,40.8514509,-73.9402571,Mo-Su 08:00-20:00,default,no,,,,,,4.2,63.0,,243.0,45
node/7620321361,La Luz Que Sale De La Obscuridad,,Landmark,artwork,40.8004112,-73.9427836,24/7,default,no,,,,,,4.2,676.0,,74.0,30
node/7661292933,Swinging Jenny,,Landmark,artwork,40.7713068,-73.9919455,24/7,default,no,,,,,,4.7,1015.0,,50.0,30
node/7712478123,Manhattan Sentinels,,Landmark,artwork,40.7153431,-74.0049558,24/7,default,no,https://beverlypepper.net/site-specific/nyc,,,,,3.6,960.0,,231.0,30
node/7791984436,Ram,,Landmark,artwork,40.7706281,-73.9843383,24/7,default,no,https://www.fordham.edu/about/campuses/lincoln-center-campus/fordhams-sculpture-walk/featured-artists/harry-m-stierwalt-jr/,,,,,3.7,1460.0,,142.0,30
node/7799540773,Sabrina,,Landmark,artwork,40.7694653,-73.9447838,24/7,default,no,,,,,,4.2,2151.0,,202.0,30
node/7826843767,Fortitude,,Landmark,artwork,40.7530505,-73.9816418,24/7,default,no,https://www.nypl.org/help/about-nypl/library-lions,,,,,3.8,1027.0,,164.0,30
node/7826843768,Patience,,Landmark,artwork,40.7528969,-73.9817494,24/7,default,no,https://www.nypl.org/help/about-nypl/library-lions,,,,,3.6,1752.0,,164.0,30
node/7924346767,Tomorrow's Wind,,Landmark,artwork,40.79273,-73.9355845,24/7,default,no,https://www.nycgovparks.org/parks/thomas-jefferson-park/monuments/1754,,,,,4.3,1486.0,,74.0,30
node/7964143159,Motherboard Meditation,,Landmark,artwork,40.7553874,-73.9558041,24/7,default,no,,,,,,4.1,1393.0,,202.0,30
node/8226173442,Lincoln Holding a Child,,Landmark,artwork,40.8110316,-73.9365295,24/7,default,no,,,,,,4.2,419.0,,74.0,30
node/8272069047,Roots and Ties for Peace,,Landmark,artwork,40.7511239,-73.9657829,24/7,default,no,,,,,,3.8,1081.0,,233.0,30
node/8272069048,Treasure Tripod Dedicated to the 21st Century,,Landmark,artwork,40.7503431,-73.9662893,24/7,default,no,,,,,,4.5,814.0,,233.0,30
node/8272069178,Mother and Child,,Landmark,artwork,40.751774,-73.9665045,24/7,default,no,,,,,,4.0,722.0,,233.0,30
node/8272069179,Der Aufsteigende,,Landmark,artwork,40.7519738,-73.9668876,24/7,default,no,,,,,,3.9,1266.0,,233.0,30
node/7522410085,Lorca-El Niño de las Pinturas,,Landmark,artwork,40.7187368,-74.0004289,24/7,default,no,,,,,,3.5,2786.0,,144.0,30
node/7447580942,Moses,,Landmark,artwork,40.771141,-73.9838482,24/7,default,no,https://www.fordham.edu/about/campuses/lincoln-center-campus/fordhams-sculpture-walk/featured-artists/larry-mohr/,,,,,3.8,1781.0,,142.0,30
node/7375974760,Peter the Fisherman,,Landmark,artwork,40.7713399,-73.9855947,24/7,default,no,https://www.fordham.edu/about/campuses/lincoln-center-campus/fordhams-sculpture-walk/featured-artists/frederick-shrady/,,,,,3.6,1707.0,,142.0,30
node/7375304611,Circle World 2,,Landmark,artwork,40.7709561,-73.983767,24/7,default,no,https://www.fordham.edu/about/campuses/lincoln-center-campus/fordhams-sculpture-walk/featured-artists/masami-kodama/,,,,,4.4,1359.0,,142.0,30
node/6572519247,Life Underground,,Landmark,artwork,40.7397282,-74.0028849,24/7,default,no,,,,,,3.7,1220.0,,249.0,30
node/6804416830,Scholars' Lion,,Landmark,artwork,40.808926,-73.9620013,24/7,default,no,,,,,,3.6,816.0,,166.0,30
node/6821701104,Let Us Beat Swords Into Ploughshares,,Landmark,artwork,40.7504131,-73.96624,24/7,default,no,,,,,,4.5,1891.0,,233.0,30
node/6821846246,Lafayette and Washington,,Landmark,artwork,40.8036855,-73.9580124,24/7,default,no,https://www.nycgovparks.org/parks/lafayette-square/monuments/1650,,,,,4.1,458.0,,41.0,30
node/6946750323,Sen Yat-sen,,Landmark,artwork,40.7157859,-73.9999353,24/7,default,no,,,,,,4.4,1015.0,,45.0,30
node/6952238884,Giovanni Da Verrazzano,,Landmark,artwork,40.7043797,-74.0163813,24/7,default,no,https://www.nycgovparks.org/parks/battery-park/monuments/1628,,,,,3.2,1870.0,,12.0,30
node/7093539285,Zerospace,,Landmark,artwork,40.749167,-73.9893438,24/7,default,no,,,,,,4.1,2616.0,,186.0,30
node/8272069180,The Sleeping Elephant,,Landmark,artwork,40.7521004,-73.9668182,24/7,default,no,,,,,,3.7,78.0,,233.0,30
node/7096788484,Sphere Within Sphere,,Landmark,artwork,40.7508783,-73.9675707,24/7,default,no,,,,,,4.2,1262.0,,233.0,30
node/7192316159,Penn Station Eagle,,Landmark,artwork,40.750175,-73.9915562,24/7,default,no,,,,,,3.4,457.0,,186.0,30
node/7202313185,Audrey Hepburn,,Landmark,artwork,40.7202849,-73.9968262,24/7,default,no,,,,,,5.0,783.0,,144.0,30
node/7246038807,Columnade,,Landmark,artwork,40.8613369,-73.932043,24/7,default,no,https://www.nycgovparks.org/parks/fort-tryon-park/monuments/302,,,,,4.4,594.0,,243.0,30
node/7298030172,Reclining Figure,,Landmark,artwork,40.7731831,-73.9836819,24/7,default,no,,,,,,3.3,872.0,,142.0,30
node/7375304594,Simple Justice,,Landmark,artwork,40.7709555,-73.9838559,24/7,default,no,https://www.fordham.edu/about/campuses/lincoln-center-campus/fordhams-sculpture-walk/featured-artists/vivienne-thaul-wechter/,,,,,4.0,726.0,,142.0,30
node/7375304602,Peace,,Landmark,artwork,40.7710073,-73.9837784,24/7,default,no,https://www.fordham.edu/about/campuses/lincoln-center-campus/fordhams-sculpture-walk/featured-artists/leonardo-nierman/,,,,,4.1,1235.0,,142.0,30
node/6572307052,Private Passage,,Landmark,artwork,40.7709814,-73.9953215,24/7,default,no,https://hudsonriverpark.org/activities/private-passage/,,,,,4.0,363.0,,50.0,30
node/8272069200,Arrival,,Landmark,artwork,40.7514321,-73.9661929,24/7,default,no,,,,,,4.3,210.0,,233.0,30
node/8443800350,Q100,,Landmark,artwork,40.7767336,-73.923619,24/7,default,no,https://www.nyc.gov/parks,,,,,3.3,1806.0,,8.0,30
node/9359064138,Game Inside the Game,,Landmark,artwork,40.728484,-74.0050784,24/7,default,no,,,,,,4.3,955.0,,125.0,30
node/9368527039,Nathan Hale,,Landmark,artwork,40.7123393,-74.0063514,24/7,default,no,,,,,,3.5,567.0,,231.0,30
node/9377509611,Civic Fame,,Landmark,artwork,40.7129566,-74.0036137,24/7,default,no,,,,,,4.0,278.0,,45.0,30
node/9377535428,Abraham De Peyster,,Landmark,artwork,40.7152666,-74.002798,24/7,default,no,,,,,,3.8,1685.0,,231.0,30
node/9377727023,Bucket Conveyor,,Landmark,artwork,40.7129592,-73.9683385,24/7,default,no,,,,,,4.7,714.0,,256.0,30
node/9377737039,Lounge Screw Conveyor,,Landmark,artwork,40.7149573,-73.9678051,24/7,default,no,,,,,,4.4,216.0,,256.0,30
node/9421123767,Dinosaur,,Landmark,artwork,40.7520679,-74.0010071,24/7,default,no,,,,,"A space for rotating, large contemporary art commissions. Artworks are in place for 18 months.",4.4,525.0,,246.0,30
node/13869937110,Young Israel of the West Side,,Culture,place_of_worship,40.7909345,-73.9731954,Mo-Su 08:00-20:00,default,no,https://www.yiws.org/,,West 91st Street,210,,4.3,656.0,,238.0,45
node/13746962700,West Harlem Church of Christ,,Culture,place_of_worship,40.8209625,-73.9538242,Mo-Su 08:00-20:00,default,no,https://www.westharlemchurch.com,+1 407-453-4289,Hamilton Pl,7,,4.7,397.0,,152.0,45
node/13746788469,Whosoever Will Ministries,,Culture,place_of_worship,40.8291743,-73.9474431,Mo-Su 08:00-20:00,default,no,https://www.whoso.org,+1 646-537-1719,W 150th St,562,,4.4,639.0,,116.0,45
node/13746734354,Iglesia Resplandor de Gloria,Glow of Glory Church,Culture,place_of_worship,40.8290049,-73.9451109,Mo-Su 08:00-20:00,default,no,,+1 212-694-8010,Amsterdam Ave,1838,,4.1,690.0,,116.0,45
node/13746718964,IPUL Manhattan Pentecostal Church,,Culture,place_of_worship,40.8340181,-73.9443539,Mo-Su 08:00-20:00,default,no,,+1 917-295-0825,W 157th St,561,,3.9,791.0,,244.0,45
node/13746714387,City Tabernacle of Seventh-day Adventists,,Culture,place_of_worship,40.8291511,-73.9474011,Mo-Su 08:00-20:00,default,no,https://citytabernacleny.adventistchurch.org,+1 212-234-5630,W 150th St,562,,4.2,970.0,,116.0,45
node/13746621748,International Ministry,,Culture,place_of_worship,40.8339936,-73.9443679,Mo-Su 08:00-20:00,default,no,,+1 212-740-3030,W 157th St,561,,4.2,1514.0,,244.0,45
node/13743383001,Iglesia Uncion Apostolica,,Culture,place_of_worship,40.7008549,-73.9101112,Mo-Su 08:00-20:00,default,no,,,Saint Nicholas Avenue,333,,4.5,345.0,,198.0,45
node/9251587005,New York Subway Stations,,Landmark,artwork,40.7255612,-74.0037455,24/7,default,no,,,,,,4.4,387.0,,211.0,30
node/9168454045,Coast Guard Memorial,,Landmark,artwork,40.7012337,-74.0139509,24/7,default,no,https://www.nycgovparks.org/parks/battery-park/highlights/19559,,,,,4.3,1641.0,,12.0,30
node/9156161418,Bust and monument to Archbishop John J. Hughes,,Landmark,artwork,40.7234177,-73.9949266,24/7,default,no,,,,,,3.3,1077.0,,144.0,30
node/9118024861,“Togo”,,Landmark,artwork,40.7143286,-73.9892771,24/7,default,no,,,,,,3.9,544.0,,232.0,30
node/8455829696,Triad,,Landmark,artwork,40.74552,-73.9822577,24/7,default,no,,,,,,4.6,592.0,,170.0,30
node/8483011087,Sentinel,,Landmark,artwork,40.7394287,-73.9770961,24/7,default,no,https://www.theodoreroszak.com/sentinel-bellevue-hospital-nyc-1968,,,,,3.8,1062.0,,137.0,30
node/8529577188,Women's Rights Pioneers Monument,,Landmark,artwork,40.7707115,-73.9723903,24/7,default,no,https://www.nycgovparks.org/parks/central-park/monuments/2216,,,,,4.4,892.0,,43.0,30
node/8551009542,Athena,,Landmark,artwork,40.7675886,-73.9224983,24/7,default,no,,,,,,4.6,1529.0,,179.0,30
node/8576802820,9/11,,Landmark,artwork,40.7185417,-73.9489062,24/7,default,no,,,,,,3.2,654.0,,255.0,30
node/8634037758,The Duo,,Landmark,artwork,40.7694168,-73.9817831,24/7,default,no,https://www.davidhostetler.com/product/the-duo1/,,,,,3.9,1467.0,,142.0,30
node/8729437330,The Guardians: Hero,,Landmark,artwork,40.7549607,-73.9850044,24/7,default,no,,,,,,3.1,7684.0,,100.0,30
node/8379857649,Bellerophon Taming Pegasus,,Landmark,artwork,40.8070368,-73.9605637,24/7,default,no,,,,,,4.3,1126.0,,166.0,30
node/8873729191,Eagles and Prey,,Landmark,artwork,40.7725104,-73.9725158,24/7,default,no,,,,,,4.6,6520.0,,43.0,30
node/8881529528,Still Hunt,,Landmark,artwork,40.7768328,-73.9671918,24/7,default,no,,,,,,4.4,2136.0,,43.0,30
node/8881531828,Giuseppe Garibaldi,,Landmark,artwork,40.7305922,-73.9968336,24/7,default,no,https://www.nycgovparks.org/parks/washington-square-park/monuments/571,,,,,4.2,892.0,,114.0,30
node/8881531829,Margaret Loeb Kempner,,Landmark,artwork,40.7303917,-73.9976134,24/7,default,no,,,,,,3.9,516.0,,114.0,30
node/8881619455,Giuseppe Mazzini,,Landmark,artwork,40.7730089,-73.9766942,24/7,default,no,https://www.centralparknyc.org/locations/giuseppe-mazzini,,,,,3.8,339.0,,43.0,30
node/9035436348,Unity,,Landmark,artwork,40.6962062,-73.9891746,24/7,default,no,,,,,,4.1,259.0,,65.0,30
node/9075211403,Dream Machine Ⅱ,,Landmark,artwork,40.8016973,-73.9255229,24/7,default,no,,,,,,4.2,971.0,,194.0,30
node/9109679343,Mother Italy,,Landmark,artwork,40.7674754,-73.9635908,24/7,default,no,https://diannedurantewriter.com/archives/2127,,,,,4.2,658.0,,237.0,30
node/8873736445,The Falconer,,Landmark,artwork,40.7740994,-73.9738182,24/7,default,no,https://www.nycgovparks.org/parks/central-park/monuments/461,,,,,5.0,2968.0,,43.0,30
node/13176273641,Second Presbyterian Church,,Culture,place_of_worship,40.7916617,-73.9652088,Mo-Su 08:00-20:00,default,no,https://secondpresbyteriannyc.org/,+1-212-749-1700,West 96th Street,6,,3.8,963.0,,238.0,45
node/6469210527,Time Sculpture,,Landmark,artwork,40.7720828,-73.982462,24/7,default,no,https://www.nycgovparks.org/parks/dante-park/monuments/1818,,,,,3.9,444.0,,142.0,30
node/6436744368,The Guardians: Superhero,,Landmark,artwork,40.7546734,-73.9853284,24/7,default,no,,,,,,3.6,1413.0,,100.0,30
node/3421054404,Alamo,,Landmark,artwork,40.7298846,-73.9910185,24/7,default,no,,,,,,3.8,2168.0,,113.0,30
node/3738928755,Shadows and Flags,,Landmark,artwork,40.7077735,-74.0080664,24/7,default,no,,,,,,4.5,3001.0,,87.0,30
node/3762647251,Coenties Ship,,Landmark,artwork,40.7034823,-74.0105202,24/7,default,no,,,,,,3.8,1462.0,,88.0,30
node/3784197524,Two,,Landmark,artwork,40.707727,-74.0068037,24/7,default,no,,,,,,4.4,684.0,,87.0,30
node/4631363809,Max Family Garden,,Park,garden,40.7037864,-73.9930976,24/7,default,no,https://brooklynbridgepark.org/places-to-see/gardens/max-family-garden/,,,,,4.3,12684.0,,66.0,60
node/3891884870,Victor Herbert,,Landmark,artwork,40.7727282,-73.9722858,24/7,default,no,https://www.nycgovparks.org/parks/central-park/monuments/707,,,,,4.2,1663.0,,43.0,30
node/3892214703,The Pilgrim,,Landmark,artwork,40.7731439,-73.9684393,24/7,default,no,https://www.nycgovparks.org/parks/central-park/monuments/1184,,,,,3.8,377.0,,43.0,30
node/3907629319,Curl,,Landmark,artwork,40.8086544,-73.9615238,24/7,default,no,https://www.wikicu.com/Curl,,,,,3.9,905.0,,166.0,30
node/4121316394,5 in 1,,Landmark,artwork,40.7127003,-74.0029361,24/7,default,no,https://tonyrosenthal.com/5IN1.htm,,,,,3.7,992.0,,45.0,30
node/4230323498,Listen,,Landmark,artwork,40.7628768,-73.9780253,24/7,default,no,,,,,,3.4,408.0,,161.0,30
node/4254512932,Samuel F. B. Morse,,Landmark,artwork,40.7724831,-73.967435,24/7,default,no,https://www.centralparknyc.org/locations/samuel-f-b-morse,,,,,4.4,1620.0,,43.0,30
node/4290878204,Romeo and Juliet,,Landmark,artwork,40.7804752,-73.9687205,24/7,default,no,https://www.centralparknyc.org/locations/romeo-and-juliet,,,,,3.9,442.0,,43.0,30
node/4290878205,The Tempest,,Landmark,artwork,40.7804476,-73.9686451,24/7,default,no,https://www.centralparknyc.org/locations/the-tempest,,,,,3.7,741.0,,43.0,30
node/3394722237,Non-Violence,,Landmark,artwork,40.7506894,-73.9675854,24/7,default,no,,,,,,4.4,2101.0,,233.0,30
node/3381640179,Joie de Vivre,,Landmark,artwork,40.7089672,-74.0109293,24/7,default,yes,,,,,,3.9,397.0,,261.0,30
node/3341913861,Group of Bears,,Landmark,artwork,40.7774949,-73.9639416,24/7,default,no,https://www.centralparknyc.org/locations/group-of-bears,,,,,4.2,517.0,,43.0,30
node/3196459838,Offshoot,,Landmark,artwork,40.7228701,-74.0121533,24/7,default,no,,,,,,3.9,2887.0,,231.0,30
node/2727025839,Balto,Balto,Landmark,artwork,40.7699607,-73.9710098,24/7,default,no,https://www.nycgovparks.org/parks/central-park/monuments/75,,,,,4.4,1134.0,,43.0,30
node/2727025888,7th Regiment Memorial,,Landmark,artwork,40.7737621,-73.9764403,24/7,default,no,https://www.nycgovparks.org/parks/central-park/monuments/1427,,,,,3.6,1184.0,,43.0,30
node/2807977112,Red Cube,,Landmark,artwork,40.7089149,-74.0103932,24/7,default,yes,,,,,,4.5,740.0,,87.0,30
node/3053660724,Alexander von Humboldt,,Landmark,artwork,40.7794692,-73.9732913,24/7,default,no,https://www.nycgovparks.org/parks/central-park/monuments/1637,,,,,4.6,2812.0,,43.0,30
node/3053660725,Albert Bertel Thorvaldsen,,Landmark,artwork,40.7886205,-73.9559997,24/7,default,no,https://www.nycgovparks.org/parks/central-park/monuments/1543,,,,,4.8,1276.0,,43.0,30
node/3053660726,Daniel Webster,,Landmark,artwork,40.7747533,-73.974118,24/7,default,no,https://www.nycgovparks.org/parks/central-park/monuments/1692,,,,,4.3,3099.0,,43.0,30
node/3053660728,Johann Christoph Friedrich Von Schiller,,Landmark,artwork,40.7731728,-73.9717355,24/7,default,no,https://www.nycgovparks.org/parks/central-park/monuments/1638,,,,,4.3,669.0,,43.0,30
node/3053660731,José Martí,,Landmark,artwork,40.7660454,-73.9760662,24/7,default,no,https://www.nycgovparks.org/parks/central-park/monuments/982,,,,,3.9,1210.0,,43.0,30
node/3053660732,José de San Martín,,Landmark,artwork,40.7660429,-73.9766301,24/7,default,yes,https://www.nycgovparks.org/parks/central-park/monuments/1395,,,,,3.6,891.0,,43.0,30
node/3053662533,King Jagiello Monument,,Landmark,artwork,40.7789243,-73.9666796,24/7,default,no,https://www.centralparknyc.org/locations/king-jagiello,,,,,4.5,173.0,,43.0,30
node/3053662534,Ludwig van Beethoven,,Landmark,artwork,40.7728773,-73.9718893,24/7,default,no,https://www.nycgovparks.org/parks/central-park/monuments/1634,,,,,4.7,2454.0,,43.0,30
node/3053662565,Simón Bolívar,,Landmark,artwork,40.7657085,-73.975779,24/7,default,no,https://www.nycgovparks.org/parks/central-park/monuments/132,,,,,3.9,1544.0,,43.0,30
node/3070512789,America's Response Monument,,Landmark,artwork,40.7104591,-74.0140533,24/7,default,no,,,,,,4.1,2675.0,,261.0,30
node/3196459795,Twister,,Landmark,artwork,40.7241835,-74.0119121,24/7,default,no,,,,,,4.5,326.0,,231.0,30
node/3053660730,John Purroy Mitchel,,Landmark,artwork,40.7843754,-73.9592113,24/7,default,no,https://www.centralparknyc.org/locations/john-purroy-mitchel,,,,,4.3,848.0,,43.0,30
node/6456605729,Dante Alighieri,,Landmark,artwork,40.7717707,-73.9825658,24/7,default,no,https://www.nycgovparks.org/parks/dante-park/monuments/363,,,,,4.1,558.0,,142.0,30
node/4402057801,John Ericsson,,Landmark,artwork,40.7036281,-74.0145339,24/7,default,yes,,,,,,4.8,2298.0,,12.0,30
node/4408728261,Group of Four Trees,,Landmark,artwork,40.7075343,-74.0089367,24/7,default,no,,,,,,3.8,343.0,,87.0,30
node/5964505285,Stop Guns,,Landmark,artwork,40.7222725,-73.9900004,24/7,default,no,,,,,,3.9,1415.0,,148.0,30
node/5964505385,Gandhi and Mother Teresa,,Landmark,artwork,40.7446001,-74.0060707,24/7,default,no,,,,,,4.2,2725.0,,68.0,30
node/5981269523,Sidewalk Flowers,,Landmark,artwork,40.8564265,-73.9298867,24/7,default,no,,,,,,4.4,2172.0,,243.0,30
node/6126960408,Single Form,,Landmark,artwork,40.7491463,-73.968794,24/7,default,no,,,,,,4.2,329.0,,233.0,30
node/6149249429,Vladimir Lenin,,Landmark,artwork,40.7213374,-73.9857428,24/7,default,no,,,Norfolk Street,178,,4.0,2335.0,,148.0,30
node/6223478867,Higher Ground,,Landmark,artwork,40.8090212,-73.9479293,24/7,default,no,https://www.si.edu/object/higher-ground-adam-clayton-powell-jr-memorial-sculpture:siris_ari_467578,,,,,4.1,1495.0,,41.0,30
node/6244980517,General Daniel Butterfield,,Landmark,artwork,40.8126196,-73.9621121,24/7,default,no,https://www.nycgovparks.org/parks/sakura-park/monuments/202,,,,,4.0,438.0,,166.0,30
node/6245004725,Reclining Woman,,Landmark,artwork,40.809011,-73.9622465,24/7,default,no,,,,,,4.1,1280.0,,166.0,30
node/6245012132,"Three-Way Piece, No. 1: Points",,Landmark,artwork,40.8074792,-73.9604879,24/7,default,no,,,,,,3.8,828.0,,166.0,30
node/6259917258,Thomas Jefferson,,Landmark,artwork,40.8074652,-73.9635685,24/7,default,no,,,,,,3.7,2448.0,,166.0,30
node/6271960188,The Garment Worker,,Landmark,artwork,40.7542354,-73.9880814,24/7,default,no,,,,,,4.0,3196.0,,100.0,30
node/6306418442,Spot,,Landmark,artwork,40.7432746,-73.9728127,24/7,default,no,http://www.donaldlipski.net/spot/,,,,,4.7,937.0,,137.0,30
node/6330243003,Confucius,,Landmark,artwork,40.7142105,-73.9971129,24/7,default,no,https://www.nycgovparks.org/art-and-antiquities/permanent-art-and-monuments/info?monId=318,,,,,3.7,188.0,,148.0,30
node/6348108284,Young Elephant (1985),,Landmark,artwork,40.7617344,-73.9813076,24/7,default,yes,,,,,,3.5,333.0,,230.0,30
node/6401458888,Paparazzi Dogman and Rabbitwoman,,Landmark,artwork,40.7596545,-73.9829247,24/7,default,no,https://gillieandmarc.art/pages/paparazzi-dogman-rabbitgirl,,6th Avenue,,,4.7,1097.0,,230.0,30
node/5964505185,Roy Lichtenstein,,Landmark,artwork,40.7516982,-73.9723132,24/7,default,no,,,,,,4.3,169.0,,233.0,30
node/5964505085,Michael Jackson Mural,,Landmark,artwork,40.7292262,-73.9838341,24/7,default,no,,,,,,3.6,2033.0,,79.0,30
node/5964504985,Hammer Boy,,Landmark,artwork,40.7837563,-73.9794091,24/7,default,no,,,,,,4.2,888.0,,239.0,30
node/5941231087,Metronome,,Landmark,artwork,40.7344122,-73.9903291,24/7,default,no,,,,,,4.3,3701.0,,113.0,30
node/4408734092,Sunken Garden,,Landmark,artwork,40.7075456,-74.0092691,24/7,default,yes,,,,,,4.0,1057.0,,87.0,30
node/4757184676,Fearless Girl,,Landmark,artwork,40.7068167,-74.0107995,24/7,default,yes,,,,,,4.2,6778.0,,87.0,30
node/4767635215,mural,,Landmark,artwork,40.7446753,-73.9519539,24/7,default,no,,,,,,3.3,1727.0,,145.0,30
node/4796479832,The Real World,,Landmark,artwork,40.7180866,-74.0155591,24/7,default,no,,,,,,4.1,1573.0,,13.0,30
node/4903169926,Jan Karski's Bench,,Landmark,artwork,40.7496188,-73.9812237,24/7,default,no,,,,,,3.8,961.0,,170.0,30
node/4972026327,Marine and Maritime Art,Marine and Maritime Art,Landmark,artwork,40.7163748,-74.0070508,24/7,default,no,,,,,,4.4,12065.0,,231.0,30
node/5056373998,Double Check,,Landmark,artwork,40.7093141,-74.0105868,24/7,default,yes,http://daytoninmanhattan.blogspot.com/2012/03/john-seward-johnson-iis-double-check.html,,,,,4.4,507.0,,261.0,30
node/4402057817,The Immigrants,,Landmark,artwork,40.7030984,-74.0163913,24/7,default,no,,,,,,3.9,695.0,,12.0,30
node/5136640699,Old Union Square,,Landmark,artwork,40.7354231,-73.9900756,24/7,default,no,,,Union Square East,,,3.4,767.0,,234.0,30
node/5243566395,Bust of Sylvette,,Landmark,artwork,40.7258697,-73.9987948,24/7,default,no,,,,,,4.4,360.0,,211.0,30
node/5272797221,SLA 307,,Landmark,artwork,40.750036,-73.9958068,24/7,default,no,,,,,,4.5,1477.0,,68.0,30
node/5520364822,The Upper Room,,Landmark,artwork,40.7104676,-74.0179145,24/7,default,no,http://bpca.ny.gov/places/public-art/,,,,,3.8,892.0,,13.0,30
node/5520375420,Sitting Stance,,Landmark,artwork,40.7087736,-74.018369,24/7,default,no,,,,,,4.7,1798.0,,13.0,30
node/5554351995,Tiles for America,,Landmark,artwork,40.736187,-74.0010862,24/7,default,no,,,,,,4.1,826.0,,249.0,30
node/5654226941,Atlas,,Landmark,artwork,40.7589481,-73.9771802,24/7,default,no,,,,,,4.1,664.0,,161.0,30
node/5897336985,Golda Meir,,Landmark,artwork,40.7538804,-73.9874097,24/7,default,yes,,,,,,3.3,5123.0,,100.0,30
node/5213820829,McGraw-Hill Sun Triangle,,Landmark,artwork,40.7591163,-73.9814519,24/7,default,no,,,,,,4.2,1375.0,,230.0,30
node/13081334154,The Guan Gong Temple of U.S.A.,,Culture,place_of_worship,40.7187434,-73.9918994,Mo-Su 08:00-20:00,default,no,,,,,,4.2,444.0,,148.0,45
node/13050356103,Jogei Temple of America,,Culture,place_of_worship,40.7921198,-73.9662134,Mo-Su 08:00-20:00,default,no,,,,,,4.1,222.0,,238.0,45
node/12920183115,Manhattan Holy Tabernacle,,Culture,place_of_worship,40.8276039,-73.9469595,Mo-Su 08:00-20:00,default,no,https://www.facebook.com/people/Manhattan-Holy-Tabernacle/100070057686105/,+1-646-490-5703,West 148th Street,511,"Former St. Ann's Church for the Deaf-Mutes, now the Manhattan Holy Tabernacle, a church. This building also functions as a parsonage - a residence provided for clergy.",5.0,297.0,,116.0,45
node/4312238411,Mahayana Buddhist Temple,,Culture,place_of_worship,40.71614,-73.9953678,08:30-17:30,osm,no,https://en.mahayana.us/,+1-212-925-8787,Canal Street,133,,3.8,562.0,,148.0,45
node/4278223126,Masjid Ar-Rahman,,Culture,place_of_worship,40.7458905,-73.9879269,Mo-Su 08:00-20:00,default,no,https://masjidarrahmannyc.org/,+1-212-686-6525,West 29th Street,15,,4.7,809.0,,164.0,45
node/3926275792,Biserica Ortodoxă Română „Sfinții Apostoli Petru și Pavel” New York,,Culture,place_of_worship,40.7730743,-73.9288633,Mo-Su 08:00-20:00,default,no,http://www.romanian-institute-ny.org,,27th Avenue,14-22,,3.8,2182.0,,179.0,45
node/3784213865,Masjid Manhattan,,Culture,place_of_worship,40.708192,-74.0050705,Mo-Su 08:00-20:00,default,no,https://masjidmanhattan.com/,,Cliff Street,30,,4.5,1230.0,,87.0,45
node/3545220725,The Universal Temple of Spiritual Truth,,Culture,place_of_worship,40.8152071,-73.9410594,Mo-Su 08:00-20:00,default,no,,,West 136th Street,111,,4.5,5432.0,,42.0,45
node/3382204802,Jubilee Mission Center,,Culture,place_of_worship,40.7281679,-73.9870075,Mo-Su 08:00-20:00,default,no,,,Saint Marks Place,48,,5.0,461.0,,79.0,45
node/3356350435,Greenpoint Islamic Center,,Culture,place_of_worship,40.725338,-73.950519,Mo-Su 08:00-20:00,default,no,,,Leonard Street,602,,4.8,1086.0,,112.0,45
node/3222191717,St. Mary's Center,,Culture,place_of_worship,40.8144246,-73.9563224,Mo-Su 08:00-20:00,default,no,,,West 126th Street,512,,4.4,206.0,,152.0,45
node/3142944155,Chabad of Upper East Side,,Culture,place_of_worship,40.7708919,-73.952767,Mo-Su 08:00-20:00,default,no,https://www.chabaduppereastside.com/,+1 212 717 4613,East 77th Street,419,,4.1,417.0,,140.0,45
node/3064399842,The Bhakti Center,,Culture,place_of_worship,40.7237334,-73.9883523,Mo-Su 08:00-20:00,default,no,https://bhakticenter.org/,+1-920-624-2584,1st Avenue,25,,4.5,1884.0,,79.0,45
node/3064399841,Hare Krishna Temple,,Culture,place_of_worship,40.7244764,-73.9904429,"""Only during events""",osm,no,https://www.krishnanyc.com/,,2nd Avenue,26,,3.5,786.0,,79.0,45
node/2889751961,Saint Peters Evangelical Lutheran,,Culture,place_of_worship,40.8100453,-73.920512,Mo-Su 08:00-20:00,default,no,,,,,,4.6,689.0,,168.0,45
node/2845014964,Ebenezer Iglesia,,Culture,place_of_worship,40.7456457,-73.9268661,Mo-Su 08:00-20:00,default,no,,+1 718-729-1944,38th Street,43-02,,4.5,1059.0,,226.0,45
node/2845014915,Iglesia Cristiana Ebenezer,,Culture,place_of_worship,40.7455892,-73.9253637,Mo-Su 08:00-20:00,default,no,,,43rd Avenue,39-04,,4.3,643.0,,226.0,45
node/4325329993,sathya sai,,Culture,place_of_worship,40.7544032,-73.9817025,Mo-Su 08:00-20:00,default,no,,,,,,3.8,326.0,,161.0,45
node/4450559940,Inner Enlightenment Spiritist Society,,Culture,place_of_worship,40.7542996,-73.9811656,Mo-Su 08:00-20:00,default,no,https://www.innerenlightenment.com/,,,,,4.4,812.0,,161.0,45
node/4450570646,Spiritist Group of New York,,Culture,place_of_worship,40.7659287,-73.9839157,Mo-Su 08:00-20:00,default,no,https://www.sgny.org/,,,,,4.2,569.0,,48.0,45
node/4450777862,Allan Kardec Spiritist Center,,Culture,place_of_worship,40.7570069,-73.9203045,Mo-Su 08:00-20:00,default,no,https://www.akscenter.com/,,Steinway Street,32-75,,4.1,1848.0,,7.0,45
node/5435873460,New Dimension Church,,Culture,place_of_worship,40.6994943,-73.914047,Mo-Su 08:00-20:00,default,no,,,Myrtle Avenue,1533,,4.1,273.0,,36.0,45
node/5423875235,Mott Haven Spanish Church,,Culture,place_of_worship,40.81579,-73.9109275,Mo-Su 08:00-20:00,default,no,https://motthavenspanishny.adventistchurch.org/,+1 718 585 2989,Westchester Avenue,600,,4.5,679.0,,159.0,45
node/5391394417,Holy Trinity Ethiopian Orthodox Tewahedo Church,,Culture,place_of_worship,40.8493721,-73.9197528,Mo-Su 08:00-20:00,default,no,,,Montgomery Avenue,1671,,4.2,2894.0,,235.0,45
node/5356834803,"Eighth Church of Christ, Scientist",,Culture,place_of_worship,40.7741678,-73.9607524,Mo-Su 08:00-20:00,default,no,https://www.eighthchurchnyc.org/,+1 212 535 2670,East 77th Street,103,,4.2,1008.0,,236.0,45
node/5231708654,The First Chinese Baptist Church,,Culture,place_of_worship,40.7148059,-73.9982055,Mo-Su 08:00-20:00,default,no,,,Pell Street,21,,3.8,671.0,,45.0,45
node/5172756258,The Temple of Fire,,Culture,place_of_worship,40.822109,-73.9077581,Mo-Su 08:00-20:00,default,no,,,East 161st Street,627,,4.4,230.0,,167.0,45
node/5171179241,Church of Scientology,,Culture,place_of_worship,40.8031437,-73.9349597,Mo-Su 08:00-20:00,default,no,,,East 125th Street,220,,4.3,867.0,,74.0,45
node/2844999942,Queen of Angels Roman Catholic Church,,Culture,place_of_worship,40.746566,-73.9191563,Mo-Su 08:00-20:00,default,yes,https://www.queenofangelsnyc.org/,+1 718-392-0011,Skillman Avenue,44-04,,4.2,1834.0,,226.0,45
node/5171173318,La Sinagoga,,Culture,place_of_worship,40.8048196,-73.9380019,Mo-Su 08:00-20:00,default,no,,,East 125th Street,115,,4.3,2609.0,,74.0,45
node/5019124221,Friendly Gospel Church,Friendly Gospel Church,Culture,place_of_worship,40.8320372,-73.9296583,Mo-Su 08:00-20:00,default,limited,,,Ogden Avenue,962,,3.9,891.0,,119.0,45
node/5000630008,United New Church of Christ,,Culture,place_of_worship,40.8060747,-73.9390764,Mo-Su 08:00-20:00,default,no,,,East 126th Street,57,,4.2,340.0,,42.0,45
node/4983168489,Iglesia de Dios Pentecostal,,Culture,place_of_worship,40.7978663,-73.9416262,Mo-Su 08:00-20:00,default,no,,,East 115th Street,161,,4.5,5137.0,,74.0,45
node/4957074131,Mount Covery Church,,Culture,place_of_worship,40.8204621,-73.9420747,Mo-Su 08:00-20:00,default,limited,,,,,,4.2,1198.0,,42.0,45
node/4819366822,Lee Gardens Shul,,Culture,place_of_worship,40.7002335,-73.9536114,Mo-Su 08:00-20:00,default,no,,,Lorimer Street,2,,4.2,452.0,,17.0,45
node/4575287603,Greater Tabernacle Baptist Church,,Culture,place_of_worship,40.8242021,-73.9468298,Mo-Su 08:00-20:00,default,no,http://greatertabernaclebc.org/,+1 212 368 4754,Convent Avenue,340,,3.6,454.0,,116.0,45
node/4557779301,USA Shaolin Temple,,Culture,place_of_worship,40.7187636,-73.9903134,Mo-Su 08:00-20:00,default,no,https://www.usashaolintemple.com,+1-212-358-7876,Allen Street,102,,3.7,3127.0,,148.0,45
node/5163830491,Congregation Agudas Israel,,Culture,place_of_worship,40.6981856,-73.9073682,Mo-Su 08:00-20:00,default,no,,,,,,4.2,606.0,,198.0,45
node/5514204632,Islamic Center at NYU,,Culture,place_of_worship,40.7300708,-73.9980317,Mo-Sa 08:00-00:00; Su 12:00-22:00,osm,yes,https://www.icnyu.org/,+1-212-998-4712,Thompson Street,238,,4.5,326.0,,114.0,45
node/2844921606,Darussunnah Latifia New York,,Culture,place_of_worship,40.7389567,-73.9266674,Mo-Su 08:00-20:00,default,no,,,Greenpoint Avenue,39-17,,3.9,844.0,,226.0,45
node/2842721361,Saint Stanislaus Kostka Vincentian Fathers Church,,Culture,place_of_worship,40.722792,-73.945348,Mo-Su 08:00-20:00,default,no,,,Humboldt Street,607,,4.6,1195.0,,112.0,45
node/2724279401,Russian Orthodox Church Outside Russia Synodal Building,,Culture,place_of_worship,40.7848291,-73.9542105,Mo-Su 08:00-20:00,default,no,https://nycathedralofsign.org/cath,+1 212-534-1601,East 93rd Street,75,,4.3,851.0,,236.0,45
node/2724154708,Calle 100 Iglesia De Dios,100 Street Church of God,Culture,place_of_worship,40.7877354,-73.9477037,Mo-Su 08:00-20:00,default,no,,,3rd Avenue,1800,,4.3,940.0,,75.0,45
node/2718042398,"Third Church of Christ, Scientist",,Culture,place_of_worship,40.7655101,-73.9676069,Mo-Su 08:00-20:00,default,no,https://thirdchurchnyc.com/,,Park Avenue,583,,3.8,830.0,,237.0,45
node/2714216810,Saint Paul's Roman Catholic Church,,Culture,place_of_worship,40.7997456,-73.9419255,Mo-Su 08:00-20:00,default,no,,,East 117th Street,115,,3.8,853.0,,74.0,45
node/2714192701,Mt Zion AME Church,,Culture,place_of_worship,40.799722,-73.9448563,Mo-Su 08:00-20:00,default,no,,,Madison Avenue,1765,,4.0,6100.0,,74.0,45
node/2707990712,Seventh Church of Christ Scientist,,Culture,place_of_worship,40.80467,-73.9642871,Mo-Su 08:00-20:00,default,no,,,West 112th Street,516,,4.2,260.0,,166.0,45
node/2603955354,"Iglesia de Dios Pentecostal, M.I. Exodo","Pentecostal Church of God, I.M.",Culture,place_of_worship,40.823677,-73.9489925,Mo-Su 08:00-20:00,default,no,,,Amsterdam Avenue,1664,,4.2,1212.0,,116.0,45
node/2568576375,Iglesia Pentecostal Monte Gerizim,,Culture,place_of_worship,40.6984388,-73.9348456,Mo-Su 08:00-20:00,default,no,,+1-718-304-9987,Melrose Street,54,,4.8,499.0,,37.0,45
node/2555123963,Grace Faith Church,,Culture,place_of_worship,40.7167323,-73.9947435,Mo-Su 08:00-20:00,default,no,,,,,,3.6,1537.0,,148.0,45
node/2555098019,The American Society of Buddhist Studies,,Culture,place_of_worship,40.7191959,-73.9988005,Mo-Su 08:00-20:00,default,no,,,Centre Street,214,,3.7,564.0,,144.0,45
node/2547054902,East Side Church of Christ,,Culture,place_of_worship,40.7256479,-73.9895423,Mo-Su 08:00-20:00,default,no,,+1-212-677-6608,,,,4.1,756.0,,79.0,45
node/2547054894,Iglesia de Cristo,,Culture,place_of_worship,40.7256627,-73.9895775,Mo-Su 08:00-20:00,default,no,,+1-212-677-7970,,,,4.4,462.0,,79.0,45
node/2547006642,Bungalow 45,,Culture,place_of_worship,40.724496,-73.9877925,Mo-Su 08:00-20:00,default,no,,,1st Avenue,45,,4.1,790.0,,79.0,45
node/1979669267,Bethel Gospel Assembly,,Culture,place_of_worship,40.8026303,-73.9446473,"Su 08:00-10:00,11:00-13:00",osm,no,https://www.bethelga.org/,,5th Avenue,1485,,4.4,1571.0,,74.0,45
node/2724291888,Miracle Pentacostal Church of thr Lord Jesus,,Culture,place_of_worship,40.7879262,-73.9475533,Mo-Su 08:00-20:00,default,no,,+1 212-722-7515,3rd Avenue,1802,,4.3,1149.0,,75.0,45
node/2761570393,Romemu Center,,Culture,place_of_worship,40.7995881,-73.9660411,Mo-Su 08:00-20:00,default,no,https://romemu.org,,West 105th Street,176,,3.6,832.0,,151.0,45
node/2761651096,"Arca de Refugio, Iglesia de Dios Pentecostal",,Culture,place_of_worship,40.8005511,-73.9602845,Mo-Su 08:00-20:00,default,no,,,Manhattan Avenue,213,,4.4,1433.0,,24.0,45
node/2762425310,Second Canaan Baptist Church,,Culture,place_of_worship,40.7985819,-73.9518644,Mo-Su 08:00-20:00,default,no,,,Malcolm X Boulevard,10,,4.0,472.0,,41.0,45
node/2839787479,Saint Nicholas Roman Catholic Church,,Culture,place_of_worship,40.7136895,-73.9384636,Mo-Su 08:00-20:00,default,no,,,Olive Street,38,,4.0,1228.0,,80.0,45
node/2838687157,Iglesia De Cristo La Palabra Hablada,,Culture,place_of_worship,40.7103175,-73.9511744,Mo-Su 08:00-20:00,default,no,,,,,,4.6,577.0,,256.0,45
node/2810116541,Saint Stephen's Methodist Episcopal Church,,Culture,place_of_worship,40.8770052,-73.9089673,Mo-Su 08:00-20:00,default,no,,,West 228th Street,146,,4.5,883.0,,153.0,45
node/2809041029,University Heights Presbyterian Church,,Culture,place_of_worship,40.8578781,-73.9095809,Mo-Su 08:00-20:00,default,no,,,Doctor Martin Luther King Junior Boulevard,2167,,4.2,675.0,,136.0,45
node/2807488035,Grand Concourse Seventh Day Adventist Temple,,Culture,place_of_worship,40.8363749,-73.9163386,Mo-Su 08:00-20:00,default,no,,,Grand Concourse,1275,,4.5,1038.0,,247.0,45
node/2806682385,Iglesia Alabanza Del Senor,,Culture,place_of_worship,40.8446303,-73.9072241,Mo-Su 08:00-20:00,default,no,,,East 174th Street,238,,5.0,404.0,,169.0,45
node/2842861211,Shalom Catholic Community,,Culture,place_of_worship,40.7229146,-73.9537462,Mo-Su 08:00-20:00,default,no,,+1-347-916-1402,Nassau Avenue,21,,4.4,523.0,,112.0,45
node/2806682359,Mount Gilead Baptist Church,,Culture,place_of_worship,40.8438995,-73.909265,Mo-Su 08:00-20:00,default,no,,,Morris Avenue,1682,,3.9,793.0,,169.0,45
node/2799923291,Mount Hermon Baptist Church,,Culture,place_of_worship,40.8366855,-73.9258869,Mo-Su 08:00-20:00,default,no,,,Nelson Avenue,1170,,4.2,8259.0,,119.0,45
node/2799897261,Woodycrest Methodist Episcopal Church,,Culture,place_of_worship,40.8353019,-73.9265576,Mo-Su 08:00-20:00,default,no,,,West 166th Street,89,,4.1,323.0,,119.0,45
node/2799853616,Young Israel of the Concourse Synagogue,,Culture,place_of_worship,40.8313141,-73.9225361,Mo-Su 08:00-20:00,default,no,,,Gerard Avenue,1040,,4.3,152.0,,247.0,45
node/2799228267,Christ Embassy Church,,Culture,place_of_worship,40.8149028,-73.9153153,Mo-Su 08:00-20:00,default,no,,+1 347 577 0051,East 149th Street,456,,4.2,810.0,,168.0,45
node/2798984212,Tercera Iglesia Bautista,,Culture,place_of_worship,40.8117245,-73.9236914,Mo-Su 08:00-20:00,default,no,,,Alexander Avenue,322,,4.5,1743.0,,168.0,45
node/2767720025,Temple Healing from Heaven,,Culture,place_of_worship,40.8170549,-73.9463663,Mo-Su 08:00-20:00,default,no,,,Frederick Douglass Boulevard,2535,,4.0,709.0,,42.0,45
node/2762496227,Canaan Baptist Church of Christ,,Culture,place_of_worship,40.8025977,-73.9514547,Mo-Su 08:00-20:00,default,no,,+1-212-866-0301,West 116th Street,132 W,,3.9,324.0,,41.0,45
node/2799930570,Union Reformed Church,,Culture,place_of_worship,40.8395395,-73.9254262,Mo-Su 08:00-20:00,default,no,,,Ogden Avenue,1272,,4.3,288.0,,119.0,45
node/5519209554,Chabad of Upper West Side,,Culture,place_of_worship,40.7943415,-73.9694123,Mo-Su 08:00-20:00,default,no,,,,,,4.1,360.0,,238.0,45
node/5520770925,Chabad of Midtown Manhattan,,Culture,place_of_worship,40.753786,-73.9803397,Mo-Su 08:00-20:00,default,no,,,,,,4.4,3380.0,,161.0,45
node/5541225036,Congregation Beit Aharon,,Culture,place_of_worship,40.7001715,-73.9071875,Mo-Su 08:00-20:00,default,no,http://www.beitaharon.org/,+1-718-381-2203,Myrtle Avenue,55-39,,3.7,181.0,,198.0,45
node/10788784788,Exodus Christian Center,,Culture,place_of_worship,40.6993013,-73.9298464,Mo-Su 08:00-20:00,default,no,,+1-718-453-2319,,,,4.2,810.0,,37.0,45
node/10726878134,Iglesia Universal del Reino de Dios,,Culture,place_of_worship,40.7256331,-73.9895071,Mo-Su 08:00-20:00,default,no,,,,,,4.3,559.0,,79.0,45
node/10720067946,Segunda Iglesia Cristiana Valle de Cedron,,Culture,place_of_worship,40.7929986,-73.9455603,Mo-Su 08:00-20:00,default,no,,,Lexington Qvenue,1713,,4.1,1073.0,,75.0,45
node/10617024440,Kehila Kedosha Janina Synagogue and Museum,,Culture,place_of_worship,40.7185277,-73.9912164,Sa 09:30-12:30; Su 11:00-16:00,osm,no,https://www.kkjsm.org/,,Broome Street,280,Kehila Kedosha Janina is the only Greek Jewish Romaniote Synagogue and Museum in the Western Hemisphere.,4.6,167.0,,148.0,45
node/10357823734,Iglesia Pentacostal El Tabor Inc.,,Culture,place_of_worship,40.7347418,-73.9582188,Mo-Su 08:00-20:00,default,no,,,,,,4.1,949.0,,112.0,45
node/10067453838,Alianza Christian Missionary Church,,Culture,place_of_worship,40.8105217,-73.9177485,Mo-Su 08:00-20:00,default,no,,+17184014011,East 142nd Street,505,,3.9,3195.0,,168.0,45
node/9797307324,Chabad of Dumbo,,Culture,place_of_worship,40.703777,-73.9851496,Mo-Su 08:00-20:00,default,no,https://www.chabadofdumbo.com,+1-718-362-0682,,,,4.0,774.0,,66.0,45
node/9753289204,Life Center Church,,Culture,place_of_worship,40.707599,-74.0075935,Mo-Su 08:00-20:00,default,no,https://www.lifecenternyc.com,,Maiden Lane,75,,4.4,498.0,,87.0,45
node/9735398743,Huang Da Xian Taoist Temple,,Culture,place_of_worship,40.7147322,-73.9972711,Mo-Su 08:00-20:00,default,no,,+1-212-349-6221,Bowery,20,,3.6,567.0,,45.0,45
node/9681279883,St. Baselios Orthodox Church of India,,Culture,place_of_worship,40.7067746,-73.9141337,Mo-Su 08:00-20:00,default,no,,,Seneca Avenue,401,,4.6,610.0,,198.0,45
node/9681261590,Evangelical Church of Revival,Evangelical Church of Revival,Culture,place_of_worship,40.7052145,-73.9095701,Mo-Su 08:00-20:00,default,no,,+1-718-381-0891,Onderdonk Avenue,580,,3.9,1677.0,,198.0,45
node/9671893386,Sunnyside Woodside Jame Masjid,,Culture,place_of_worship,40.739204,-73.9197046,Mo-Su 08:00-20:00,default,no,,+1 718-482-7364,48th Avenue,45-18,,4.1,531.0,,226.0,45
node/9590284273,Madison Avenue Baptist Church,,Culture,place_of_worship,40.7455842,-73.9843236,Mo-Su 08:00-20:00,default,yes,https://mabcnyc.org,+1-212-685-1377,Madison Avenue,129,,4.3,1482.0,,164.0,45
node/9553068945,Second Providence Baptist Church,,Culture,place_of_worship,40.8006571,-73.946913,Mo-Su 08:00-20:00,default,no,secondprovidencebaptist.cwwsites.com,+1 212-831-6751,West 116th Street,11-13,,5.0,1550.0,,41.0,45
node/9408004651,Church of Our Lady of Sorrows,,Culture,place_of_worship,40.7190886,-73.9822887,Mo-Su 08:00-20:00,default,no,,,Pitt Street,103,,4.6,533.0,,232.0,45
node/11369995907,Tabernáculo de Jesucristo Ridgewood,,Culture,place_of_worship,40.7087199,-73.9089734,Mo-Su 08:00-20:00,default,no,,+1-347-731-0854,,,,3.8,840.0,,198.0,45
node/11434327784,Grace United Methodist Church,,Culture,place_of_worship,40.79862,-73.9650952,Mo-Su 08:00-20:00,default,no,https://www.nyac.com/churchdetail/270600,+1-917-409-1178,West 104th Street,125,,4.2,337.0,,151.0,45
node/11552889517,Iglesia Enmanuel - Iglesia De Dios Pentecostal,,Culture,place_of_worship,40.7998838,-73.962657,Mo-Su 08:00-20:00,default,no,,+1-212-866-2250,Columbus Avenue,952,,4.1,1101.0,,24.0,45
node/12753375022,Iglesia Christiana Roca de Horeb,,Culture,place_of_worship,40.712906,-73.9624426,Mo-Su 08:00-20:00,default,no,,,,,,4.3,1197.0,,256.0,45
node/12544932849,Zen Buddhist Temple,,Culture,place_of_worship,40.7635968,-73.9640087,Mo-Su 08:00-20:00,default,no,,,East 63rd Street,206,,4.3,533.0,,141.0,45
node/12517110585,Unity Center,,Culture,place_of_worship,40.7666348,-73.9803074,Mo-Su 08:00-20:00,default,no,https://unitycenternyc.com,+1-212-582-1300,West 58th Street,213,,4.0,306.0,,163.0,45
node/12410916769,St. Stephen Community AME Church,,Culture,place_of_worship,40.8042548,-73.9557383,Mo-Su 08:00-20:00,default,no,,+1-917-965-2068,Frederick Douglass Boulevard,2145,,4.8,808.0,,41.0,45
node/12295907402,River NYC Church,,Culture,place_of_worship,40.7522084,-73.9834479,Mo-Su 08:00-20:00,default,no,https://www.rivernyc.org,+1-212-785-0342,West 39th Street,15,,4.1,380.0,,164.0,45
node/12200245804,Immaculate Conception,,Culture,place_of_worship,40.7768362,-73.9114028,Mo-Su 08:00-20:00,default,no,,,,,,5.0,338.0,,223.0,45
node/11997903719,Manantial de Vida,,Culture,place_of_worship,40.7428497,-73.9987961,Mo-Su 08:00-20:00,default,no,,,,,,4.0,1115.0,,90.0,45
node/8832589721,New York Zendō Shobo-ji,,Culture,place_of_worship,40.7661591,-73.9614182,"Tu-Fr 06:45-07:45; Sa 09:30-11:30; Tu, We, Fr 19:00-21:00; Th 18:45-21:00",osm,no,https://zenstudies.org/,+1-212-861-3333,East 67th Street,223,A Zendō for Zazen meditation.,4.4,1721.0,,141.0,45
node/11984326251,United House of Prayer,,Culture,place_of_worship,40.8095639,-73.9512464,Mo-Su 08:00-20:00,default,no,,,,2320,,4.8,1199.0,,41.0,45
node/11794224947,Iglesia Bautista Nueva Vida,,Culture,place_of_worship,40.7392484,-73.9201947,Mo-Su 08:00-20:00,default,no,,+1 917-832-6277,48th Avenue,45-04,,3.8,651.0,,226.0,45
node/11776371870,Society for the Advancement of Judaism - Judaism that Stands for All,,Culture,place_of_worship,40.7858059,-73.9701184,Mo-Su 08:00-20:00,default,no,https://www.thesaj.org/,,West 86th Street,15,,3.7,2093.0,,238.0,45
node/11715036339,Madina Masjid,,Culture,place_of_worship,40.7293344,-73.9836744,Mo-Su 08:00-20:00,default,no,https://nycmadinamasjid.org/,,East 11th Street,401,,4.3,1563.0,,79.0,45
node/11688960287,LA Familia de Dios,,Culture,place_of_worship,40.7411024,-73.9174801,Mo-Su 08:00-20:00,default,no,,+1 347-239-4369,47th Avenue,47-15,,4.2,407.0,,226.0,45
node/11612557285,World Buddhist Center,,Culture,place_of_worship,40.7133217,-73.9894865,Mo-Su 08:00-20:00,default,no,,+1-646-693-9045,Henry Street,158,,4.5,1350.0,,232.0,45
node/11612557284,Chung Te Buddhist Association,,Culture,place_of_worship,40.7133074,-73.9896555,Mo-Su 08:00-20:00,default,no,,+1-212-962-5661,Henry Street,152,,4.5,791.0,,232.0,45
node/11901226129,Chinese United Methodist Church,,Culture,place_of_worship,40.7122073,-73.996662,Mo-Su 08:00-20:00,default,no,https://cumc.nyc,+1-212-267-6464,,,,4.0,229.0,,45.0,45
node/8827329075,Resurrection Roman Catholic Church,,Culture,place_of_worship,40.8259739,-73.9379105,Mo-Su 08:00-20:00,default,no,,,,,,4.5,1122.0,,42.0,45
node/7950851748,First Ghana Seventh Day Adventist Church,,Culture,place_of_worship,40.8441675,-73.9171402,Mo-Su 08:00-20:00,default,no,,,,,,3.9,519.0,,247.0,45
node/7950851736,Miracle Survival Temple,,Culture,place_of_worship,40.8446301,-73.9177126,Mo-Su 08:00-20:00,default,no,,,Macombs Road,1555,,4.0,244.0,,119.0,45
node/6250836567,Gawsiah Jame Masjid,,Culture,place_of_worship,40.7686036,-73.9200494,Mo-Su 08:00-20:00,default,no,,,31st Street,25-86,,3.9,322.0,,179.0,45
node/6236928046,Sea of Galilee Church,,Culture,place_of_worship,40.7200219,-73.9908464,Mo-Su 08:00-20:00,default,no,https://www.sogonline.org/,+1-347-949-6078,Eldridge Street,166,,4.1,443.0,,148.0,45
node/6236928045,New York Chinese Alliance Church,,Culture,place_of_worship,40.7198348,-73.9909644,Mo-Su 08:00-20:00,default,no,,,Eldridge Street,160,,3.6,4034.0,,148.0,45
node/6231307191,Kings' Church,,Culture,place_of_worship,40.7117141,-73.9950171,Mo-Su 08:00-20:00,default,no,https://kcnyc.org,,Monroe Street,31,,4.6,428.0,,45.0,45
node/6223308656,"Templo Cristiano ""Bethel""",,Culture,place_of_worship,40.7972887,-73.9498454,Mo-Su 08:00-20:00,default,no,,+1-212-369-1255,Central Park North,7,,4.3,1117.0,,41.0,45
node/6209316627,Saint Mary Magdalen Orthodox Church,,Culture,place_of_worship,40.7996454,-73.962036,Mo-Su 08:00-20:00,default,no,https://saintmarymagdalen.nyc/,+1-646-846-1020,West 107th Street,70,,4.6,415.0,,24.0,45
node/6250836568,Shahjalal Masjid,,Culture,place_of_worship,40.768726,-73.9193541,Mo-Su 08:00-20:00,default,no,,,31st Street,25-67,,4.6,516.0,,7.0,45
node/5906840187,Astoria Islamic Center,,Culture,place_of_worship,40.7720415,-73.9263246,Mo-Su 08:00-20:00,default,no,,,Astoria Boulevard,18-22,,3.7,1427.0,,179.0,45
node/5823827097,La Iglesia de Dios,,Culture,place_of_worship,40.7061282,-73.9445896,Mo-Su 08:00-20:00,default,no,,,Manhattan Avenue,108,,4.7,6341.0,,80.0,45
node/5760219038,The Korean CentralChurch of New York,,Culture,place_of_worship,40.7568419,-73.9194918,Mo-Su 08:00-20:00,default,no,,+1 973-960-3101,41st Street,32-69,,3.8,1399.0,,7.0,45
node/5759360696,The Message,,Culture,place_of_worship,40.7065479,-73.9113359,Mo-Su 08:00-20:00,default,no,,,Onderdonk Avenue,487,,4.1,1497.0,,198.0,45
node/5754824543,Tribeca Synagogue,,Culture,place_of_worship,40.7183969,-74.0041959,Mo-Su 08:00-20:00,default,no,,,White Street,49,,3.7,291.0,,231.0,45
node/5686408266,Emmanuel Charismatic Church,,Culture,place_of_worship,40.7580113,-73.9279675,Mo-Su 08:00-20:00,default,yes,,,35th Avenue,31-09,,3.9,852.0,,7.0,45
node/5635900445,Ridgewood Pentecostal Church,,Culture,place_of_worship,40.7034276,-73.9156337,Mo-Su 08:00-20:00,default,yes,,+1-718-821-9376,Harman Street,457,,4.0,1355.0,,36.0,45
node/5596263226,Iglesia Bautista Bethel,,Culture,place_of_worship,40.7078129,-73.9324723,Mo-Su 08:00-20:00,default,no,,+1-718-384-3965,Johnson Avenue,409,,4.6,1292.0,,37.0,45
node/5891694701,Masjid al-Hikmah,,Culture,place_of_worship,40.7583509,-73.9103293,Mo-Su 08:00-20:00,default,yes,https://www.masjidalhikmahnewyork.org/,+1 718-721-8881,31st Avenue,48-01,,4.8,1115.0,,7.0,45
node/2477507997,Juan Pablo Duarte,,Landmark,artwork,40.7226058,-74.0054616,24/7,default,no,,,,,,3.6,2976.0,,125.0,30
node/6260879936,Second Salem Church,,Culture,place_of_worship,40.7140684,-73.9933306,Mo-Su 08:00-20:00,default,no,,,Pike Street,2,,4.0,1657.0,,45.0,45
node/6403172049,Ling Jiou Mountain Buddhist Society,,Culture,place_of_worship,40.7618758,-73.9651244,Mo-Su 08:00-20:00,default,no,,,East 60th Street,219,,4.8,1152.0,,141.0,45
node/7918381238,Family Church,,Culture,place_of_worship,40.7736405,-73.9270234,Mo-Su 08:00-20:00,default,no,https://www.familychurch.com,,,,,3.7,383.0,,179.0,45
node/7713828608,Greater Trinity Baptist Church,,Culture,place_of_worship,40.7586296,-73.9406465,Mo-Su 08:00-20:00,default,no,,,,32-32,,4.7,698.0,,193.0,45
node/7615559880,Iglesia Pentecostal Abrigo del Altsimo,,Culture,place_of_worship,40.7902758,-73.9424474,Mo-Su 08:00-20:00,default,no,,,2nd Avenue,2058,,4.2,1468.0,,75.0,45
node/7296879933,Iglesia Templo Evangelistico Pentecostal,,Culture,place_of_worship,40.832025,-73.9136462,Mo-Su 08:00-20:00,default,no,,,College Avenue,1200,,4.4,999.0,,69.0,45
node/7164216214,Masjid Quba,,Culture,place_of_worship,40.8106316,-73.9101564,Mo-Su 08:00-20:00,default,no,,,Jackson Avenue,447,,4.1,622.0,,168.0,45
node/7154706261,Fa Wang Temple,,Culture,place_of_worship,40.7184658,-74.0002718,Mo-Su 08:00-20:00,default,no,,,,,,4.5,1245.0,,144.0,45
node/6403171548,All Saints Church Episcopal,,Culture,place_of_worship,40.7615494,-73.9649497,Mo-Su 08:00-20:00,default,no,,,East 60th Street,230,,4.1,1901.0,,141.0,45
node/7097051795,Bok Yee Buddhist Temple,,Culture,place_of_worship,40.7148389,-73.9929326,Mo-Su 08:00-20:00,default,no,,,,,,4.2,404.0,,148.0,45
node/6925257305,Iglesia Hispana Bautista Ebnezer,,Culture,place_of_worship,40.7430883,-73.9073767,Mo-Su 08:00-20:00,default,no,,+1-347-387-6282,58th Street,43-04,,3.9,930.0,,260.0,45
node/6917239024,Yereim Orthodox Chapel,,Culture,place_of_worship,40.7105977,-73.9651562,Mo-Su 08:00-20:00,default,no,,,,,,4.0,649.0,,256.0,45
node/6744726769,Mimar Sinan Mosque,,Culture,place_of_worship,40.7464954,-73.9186805,Mo-Su 08:00-20:00,default,no,,,Skillman Avenue,45-06,,3.7,670.0,,226.0,45
node/6680731469,The Movement Church International,,Culture,place_of_worship,40.697893,-73.9289054,Mo-Su 08:00-20:00,default,no,,+1-929-251-3555,Suydam Street,98B,,4.1,1232.0,,37.0,45
node/6680686995,Manhattan Sikh Center,,Culture,place_of_worship,40.7572802,-73.968693,Mo-Su 08:00-20:00,default,no,,,East 53rd Street,216,,4.3,306.0,,229.0,45
node/7063164298,Templo Elohim El Shaddai,,Culture,place_of_worship,40.6984524,-73.9088536,Mo-Su 08:00-20:00,default,no,,,Wyckoff Avenue,791,,4.6,946.0,,198.0,45
