osm_id,name,category,osm_group,lat,lon,opening_hours,opening_hours_source,wheelchair,avg_rating,rating_count,zone_id,suggested_duration,image_path,image_source
way/154416663,Dante Park,Park,park,40.7719193,-73.9825712,24/7,default,2,4.7,11836.0,142.0,60,images/park/dante-park.jpg,pexels_name
way/147475917,Hamilton Fish Park,Park,park,40.7197929,-73.9808332,24/7,default,0,5.0,6466.0,232.0,60,images/park/hamilton-fish-park.jpg,pexels_name
way/147035202,Duane Park,Park,park,40.7171626,-74.0094072,Mo-Su 06:00-01:00,osm,0,4.4,5402.0,231.0,60,images/park/duane-park.jpg,pexels_name
way/144333814,Joseph Slifka Park,Park,park,40.743948,-73.9729184,24/7,default,0,4.4,2411.0,233.0,60,images/park/joseph-slifka-park.jpg,pexels_name
way/154416666,Richard Tucker Square,Park,park,40.7734422,-73.9818886,24/7,default,0,4.9,2921.0,142.0,60,images/park/richard-tucker-square.jpg,pexels_name
way/129700430,The Esplanade,Park,park,40.7115572,-74.017198,24/7,default,0,4.6,729.0,13.0,60,images/park/the-esplanade.jpg,pexels_name
way/129700421,Wagner Park,Park,park,40.705538,-74.0183661,24/7,default,0,4.7,4014.0,13.0,60,images/park/wagner-park.jpg,pexels_name
way/159028631,Channel Gardens,Park,park,40.758446,-73.9779564,24/7,default,0,4.4,8153.0,161.0,60,images/park/channel-gardens.jpg,pexels_name
way/160903868,McKinley Playground,Park,park,40.7242531,-73.9857747,24/7,default,0,4.6,854.0,79.0,60,images/park/mckinley-playground.jpg,pexels_name
way/201158183,Irish Hunger Memorial,Park,park,40.7151418,-74.0165477,24/7,default,0,4.6,7638.0,13.0,60,images/park/irish-hunger-memorial.jpg,pexels_name
way/199925533,Marcus Garvey Memorial Park,Park,park,40.8044864,-73.9436727,24/7,default,0,4.4,3016.0,74.0,60,images/park/marcus-garvey-memorial-park.jpg,pexels_name
way/197064614,James J Walker Park,Park,park,40.7298088,-74.0061054,24/7,default,0,4.2,1344.0,249.0,60,images/park/james-j-walker-park.jpg,pexels_name
way/194212578,Tecumseh Playground,Park,park,40.7818184,-73.9785715,24/7,default,0,4.7,10357.0,239.0,60,images/park/tecumseh-playground.jpg,pexels_name
way/178575123,Riverside Park,Park,park,40.8068603,-73.9680684,24/7,default,0,3.7,6755.0,166.0,60,images/park/riverside-park.jpg,pexels_name
way/177068788,Laurie M. Tisch Illumination Lawn,Park,park,40.7733857,-73.9835496,24/7,default,0,4.5,2755.0,142.0,60,images/park/laurie-m-tisch-illumination-lawn.jpg,pexels_name
way/171805412,Luther Gulick Playground,Park,park,40.7158754,-73.9818757,24/7,default,0,4.4,4657.0,232.0,60,images/park/luther-gulick-playground.jpg,pexels_name
way/171562481,Father Demo Square,Park,park,40.7302244,-74.0021376,24/7,default,0,4.9,2312.0,249.0,60,images/park/father-demo-square.jpg,pexels_name
way/166839383,Silverstein Family Park,Park,park,40.7131852,-74.0114448,24/7,default,0,4.3,2342.0,231.0,60,images/park/silverstein-family-park.jpg,pexels_name
way/124814434,Bogardus Plaza,Park,park,40.7159073,-74.0091651,24/7,default,0,4.3,2692.0,231.0,60,images/park/bogardus-plaza.jpg,pexels_name
way/118528235,West Harlem Piers Park,Park,park,40.8191647,-73.9609158,24/7,default,0,4.6,4312.0,152.0,60,images/park/west-harlem-piers-park.jpg,pexels_name
way/112692313,Bowling Green,Park,park,40.7050354,-74.0136629,24/7,default,0,4.5,2901.0,261.0,60,images/park/bowling-green.jpg,pexels_name
way/111563947,Peretz Square,Park,park,40.7229342,-73.9878534,24/7,default,0,4.4,1842.0,79.0,60,images/park/peretz-square.jpg,pexels_name
way/109447376,Louise Nevelson Plaza,Park,park,40.7076539,-74.0079229,24/7,default,0,4.5,4835.0,87.0,60,images/park/louise-nevelson-plaza.jpg,pexels_name
way/109441961,Titanic Memorial Park,Park,park,40.7075392,-74.0036904,24/7,default,0,5.0,4024.0,209.0,60,images/park/titanic-memorial-park.jpg,pexels_name
way/109330342,James Madison Plaza,Park,park,40.7114226,-74.0003749,24/7,default,0,4.6,3297.0,45.0,60,images/park/james-madison-plaza.jpg,pexels_name
way/109328312,Joseph C. Sauer Park,Park,park,40.7281563,-73.9797137,24/7,default,0,3.9,3426.0,79.0,60,images/park/joseph-c-sauer-park.jpg,pexels_name
way/109267278,Coenties Slip,Park,park,40.7034804,-74.01053,24/7,default,0,4.5,25112.0,88.0,60,images/park/coenties-slip.jpg,pexels_name
way/108315458,FDR Four Freedoms State Park,Park,park,40.7506326,-73.9603838,We-Mo 09:00-19:00; Tu off,osm,0,4.4,4454.0,202.0,60,images/park/fdr-four-freedoms-state-park.jpg,pexels_name
way/113690621,Marsh & McLennan Public Space,Park,park,40.75669,-73.9815898,24/7,default,0,4.5,1374.0,161.0,60,images/park/marsh-mclennan-public-space.jpg,pexels_name
way/108295739,Manhattan Park Parcel A,Park,park,40.7654725,-73.946894,24/7,default,0,4.8,6387.0,202.0,60,images/park/manhattan-park-parcel-a.jpg,pexels_name
way/108239588,Alexander Hamilton Playground,Park,park,40.8230955,-73.9512438,24/7,default,0,4.7,1690.0,116.0,60,images/park/alexander-hamilton-playground.jpg,pexels_name
way/108239586,Montefiore Park,Park,park,40.8214533,-73.9535643,24/7,default,0,4.9,1140.0,152.0,60,images/park/montefiore-park.jpg,pexels_name
way/108239585,Jacob H. Schiff Playground,Park,park,40.8205186,-73.9520188,24/7,default,0,4.7,20188.0,152.0,60,images/park/jacob-h-schiff-playground.jpg,pexels_name
way/108237828,Jackie Robinson Park,Park,park,40.8267343,-73.9412148,24/7,default,0,4.2,2224.0,116.0,60,images/park/jackie-robinson-park.jpg,pexels_name
way/108237827,Wallenberg Playground,Park,park,40.8529616,-73.9267854,24/7,default,0,4.5,2339.0,120.0,60,images/park/wallenberg-playground.jpg,pexels_name
way/108236534,Wards Island Park,Park,park,40.7861499,-73.9296327,24/7,default,0,4.0,3697.0,194.0,60,images/park/wards-island-park.jpg,pexels_name
way/108235842,John V. Lindsay East River Park,Park,park,40.71863,-73.975541,24/7,default,0,4.2,5112.0,232.0,60,images/park/john-v-lindsay-east-river-park.jpg,pexels_name
way/108235837,Vietnam Veterans Plaza,Park,park,40.7027051,-74.0097651,24/7,default,0,4.2,12094.0,88.0,60,images/park/vietnam-veterans-plaza.jpg,pexels_name
way/108235836,Seward Park,Park,park,40.7148304,-73.9891502,Mo-Su 06:00-22:00,osm,0,4.3,2705.0,232.0,60,images/park/seward-park.jpg,pexels_name
way/108239589,Saint Nicholas Park,Park,park,40.8172175,-73.9489593,24/7,default,0,4.7,1307.0,152.0,60,images/park/saint-nicholas-park.jpg,pexels_name
way/113723738,Straus Park,Park,park,40.8019013,-73.968211,24/7,default,0,4.6,9959.0,24.0,60,images/park/straus-park.jpg,pexels_name
way/117994215,Samuel N. Bennerson 2nd Playground,Park,park,40.7738043,-73.9869758,24/7,default,0,4.6,6541.0,143.0,60,images/park/samuel-n-bennerson-2nd-playground.jpg,pexels_name
way/118528233,Sakura Park,Park,park,40.8130815,-73.9621092,24/7,default,0,4.1,1217.0,166.0,60,images/park/sakura-park.jpg,pexels_name
way/118524706,Convent Garden,Park,park,40.828365,-73.9427004,24/7,default,0,4.7,4438.0,116.0,60,images/park/convent-garden.jpg,pexels_name
way/118524701,Robert L. Clinkscales Playground and Community Garden,Park,park,40.8226795,-73.9400884,24/7,default,0,4.6,4617.0,42.0,60,images/park/robert-l-clinkscales-playground-and-community-garden.jpg,pexels_name
way/118524700,Harlem River Park,Park,park,40.8059758,-73.9336626,24/7,default,0,4.3,4214.0,74.0,60,images/park/harlem-river-park.jpg,pexels_name
way/118524697,Crack Is Wack Playground,Park,park,40.8044855,-73.9317785,24/7,default,0,4.6,1976.0,74.0,60,images/park/crack-is-wack-playground.jpg,pexels_name
way/118524694,Riverbank State Park,Park,park,40.8254269,-73.9565197,sunrise-sunset,osm,0,5.0,5113.0,116.0,60,images/park/riverbank-state-park.jpg,pexels_name
way/118524689,Holcombe Rucker Park,Park,park,40.829198,-73.9361184,24/7,default,0,4.1,5918.0,42.0,60,images/park/holcombe-rucker-park.jpg,pexels_name
way/118524678,Abraham Lincoln Playground,Park,park,40.812198,-73.9371517,24/7,default,0,4.2,6569.0,74.0,60,images/park/abraham-lincoln-playground.jpg,pexels_name
way/118524677,Frederick Johnson Park,Park,park,40.8247169,-73.9355292,24/7,default,0,4.8,1815.0,42.0,60,images/park/frederick-johnson-park.jpg,pexels_name
way/118524671,Brigadier General Charles Young Playground,Park,park,40.8191237,-73.935624,24/7,default,0,4.8,4869.0,42.0,60,images/park/brigadier-general-charles-young-playground.jpg,pexels_name
way/118524669,Moore Playground,Park,park,40.8094037,-73.938501,24/7,default,0,4.7,15961.0,42.0,60,images/park/moore-playground.jpg,pexels_name
way/118524668,Howard Bennett Playground,Park,park,40.8136382,-73.9386348,24/7,default,0,4.4,1915.0,42.0,60,images/park/howard-bennett-playground.jpg,pexels_name
way/118524667,Percy E. Sutton Playground,Park,park,40.825999,-73.9349482,24/7,default,0,4.2,1822.0,42.0,60,images/park/percy-e-sutton-playground.jpg,pexels_name
way/118524664,Renaissance Playground,Park,park,40.8212878,-73.9413653,24/7,default,0,4.5,4598.0,42.0,60,images/park/renaissance-playground.jpg,pexels_name
way/118524662,Brigadier General Charles Young Triangle,Park,park,40.8272493,-73.9358374,24/7,default,0,4.6,6783.0,42.0,60,images/park/brigadier-general-charles-young-triangle.jpg,pexels_name
way/118524660,Alice Kornegay Triangle,Park,park,40.8064189,-73.9353004,24/7,default,0,4.5,11196.0,74.0,60,images/park/alice-kornegay-triangle.jpg,pexels_name
way/118524659,Courtney Callender Playground,Park,park,40.810052,-73.9401098,24/7,default,0,4.4,30842.0,42.0,60,images/park/courtney-callender-playground.jpg,pexels_name
way/118524658,Johnny Hartman Square,Park,park,40.8241497,-73.9486126,24/7,default,0,4.7,1763.0,116.0,60,images/park/johnny-hartman-square.jpg,pexels_name
way/118505053,Clinton Cove,Park,park,40.7706634,-73.9954591,24/7,default,2,4.2,5148.0,50.0,60,images/park/clinton-cove.jpg,pexels_name
way/118116798,Pier 84,Park,park,40.7637561,-74.0013936,24/7,default,0,4.4,6196.0,50.0,60,images/park/pier-84.jpg,pexels_name
way/108235832,Corlears Hook Park,Park,park,40.7117122,-73.9792669,24/7,default,0,4.2,1041.0,232.0,60,images/park/corlears-hook-park.jpg,pexels_name
way/264003876,Paley Park,Park,park,40.7603437,-73.9750748,24/7,default,0,4.6,4763.0,161.0,60,images/park/paley-park.jpg,pexels_name
way/257671578,Penn South Playground,Park,park,40.7475,-73.9987079,24/7,default,0,4.5,1402.0,68.0,60,images/park/penn-south-playground.jpg,pexels_name
way/257389723,Twentyfour Sycamores Park,Park,park,40.7594475,-73.9586677,24/7,default,0,4.6,5481.0,140.0,60,images/park/twentyfour-sycamores-park.jpg,pexels_name
way/254594896,Carmansville Playground,Park,park,40.8291862,-73.9442602,24/7,default,0,4.1,1652.0,116.0,60,images/park/carmansville-playground.jpg,pexels_name
way/254594895,Audubon Playground,Park,park,40.8416095,-73.9381178,24/7,default,0,4.7,5279.0,244.0,60,images/park/audubon-playground.jpg,pexels_name
way/252823151,Straus Square,Park,park,40.7142374,-73.9899111,24/7,default,0,4.7,76321.0,232.0,60,images/park/straus-square.jpg,pexels_name
way/250265505,Hartman Triangle,Park,park,40.7207559,-73.9806992,24/7,default,0,4.7,8681.0,4.0,60,images/park/hartman-triangle.jpg,pexels_name
way/266077859,Hells Kitchen Park,Park,park,40.7629731,-73.9925633,24/7,default,0,4.8,5893.0,48.0,60,images/park/hells-kitchen-park.jpg,pexels_name
way/250265371,Orchard Alley,Park,park,40.7213318,-73.9784614,24/7,default,0,4.4,6423.0,4.0,60,images/park/orchard-alley.jpg,pexels_name
way/244978444,Winston Churchill Square,Park,park,40.7298571,-74.0024499,24/7,default,0,4.3,2895.0,249.0,60,images/park/winston-churchill-square.jpg,pexels_name
way/244977216,William E. Passannante Ballfield,Park,park,40.728579,-74.0022425,24/7,default,0,4.4,3736.0,114.0,60,images/park/william-e-passannante-ballfield.jpg,pexels_name
way/242113355,Playground One,Park,park,40.7122535,-73.9974091,24/7,default,0,4.7,963.0,45.0,60,images/park/playground-one.jpg,pexels_name
way/239988120,Jefferson Market Garden,Park,park,40.7344325,-73.9995026,24/7,default,0,4.5,1477.0,249.0,60,images/park/jefferson-market-garden.jpg,pexels_name
way/239988118,Father Fagan Park,Park,park,40.7267003,-74.0033094,24/7,default,0,4.3,6028.0,125.0,60,images/park/father-fagan-park.jpg,pexels_name
way/239988114,Minetta Triangle,Park,park,40.7298939,-74.0018323,24/7,default,0,4.3,4161.0,114.0,60,images/park/minetta-triangle.jpg,pexels_name
way/239988106,Spring Street Park,Park,park,40.7249584,-74.004452,24/7,default,0,4.5,2078.0,125.0,60,images/park/spring-street-park.jpg,pexels_name
way/249665058,Playground of the Americas,Park,park,40.728006,-74.0026728,24/7,default,0,5.0,5811.0,125.0,60,images/park/playground-of-the-americas.jpg,pexels_name
way/239977366,Vesuvio Playground,Park,park,40.7253755,-74.002612,Mo-Su 07:00-18:00; Mar 02-Oct 31: Mo-Su 07:00-21:00,osm,0,3.9,4063.0,211.0,60,images/park/vesuvio-playground.jpg,pexels_name
way/266077861,McCaffrey Playground,Park,park,40.7589801,-73.9912816,24/7,default,0,4.3,6922.0,48.0,60,images/park/mccaffrey-playground.jpg,pexels_name
way/266113539,Ramone Aponte Park,Park,park,40.7614489,-73.9893455,24/7,default,0,4.3,3193.0,48.0,60,images/park/ramone-aponte-park.jpg,pexels_name
way/304129981,Montgomery Triangle Park,Park,park,40.7142248,-73.9851113,24/7,default,0,4.7,6996.0,232.0,60,images/park/montgomery-triangle-park.jpg,pexels_name
way/295969929,St. Catherine's Park,Park,park,40.7652136,-73.9587494,24/7,default,0,5.0,7994.0,141.0,60,images/park/st-catherine-s-park.jpg,pexels_name
way/266097823,Matthews-Palmer Playground,Park,park,40.7613978,-73.9927341,24/7,default,0,4.2,3337.0,48.0,60,images/park/matthews-palmer-playground.jpg,pexels_name
way/293720019,Balsley Park,Park,park,40.7674642,-73.9856951,24/7,default,0,3.5,1542.0,48.0,60,images/park/balsley-park.jpg,pexels_name
way/281499420,Lower East Side Playground,Park,park,40.7293823,-73.9829183,24/7,default,0,5.0,1114.0,79.0,60,images/park/lower-east-side-playground.jpg,pexels_name
way/270791455,Freeman Plaza West,Park,park,40.7242186,-74.0074996,24/7,default,0,4.5,5944.0,125.0,60,images/park/freeman-plaza-west.jpg,pexels_name
way/287462475,Bellevue South Park,Park,park,40.7400387,-73.9780496,24/7,default,0,5.0,1300.0,137.0,60,images/park/bellevue-south-park.jpg,pexels_name
way/225159200,Hancock Park,Park,park,40.8095524,-73.9532979,24/7,default,0,4.4,2359.0,41.0,60,images/park/hancock-park.jpg,pexels_name
way/225143097,Martin Luther King Playground,Park,park,40.8002087,-73.9503857,24/7,default,0,4.3,6906.0,41.0,60,images/park/martin-luther-king-playground.jpg,pexels_name
way/225135028,Wagner Houses Pool,Park,park,40.8016837,-73.9325907,24/7,default,0,4.6,2010.0,74.0,60,images/park/wagner-houses-pool.jpg,pexels_name
way/225134049,Harlem Art Park,Park,park,40.8010442,-73.9388073,24/7,default,0,4.8,4475.0,74.0,60,images/park/harlem-art-park.jpg,pexels_name
way/225134048,Detective Omar Edwards Park,Park,park,40.8027407,-73.9350402,24/7,default,0,4.7,5791.0,74.0,60,images/park/detective-omar-edwards-park.jpg,pexels_name
way/225132539,Dr. Ronald E. McNair Playground,Park,park,40.8025394,-73.9381332,24/7,default,0,4.3,2235.0,74.0,60,images/park/dr-ronald-e-mcnair-playground.jpg,pexels_name
way/224034804,A Philip Randolph Square,Park,park,40.8038286,-73.952422,24/7,default,0,4.7,5703.0,41.0,60,images/park/a-philip-randolph-square.jpg,pexels_name
way/224031776,Collyer Brothers Park,Park,park,40.8085313,-73.9410487,24/7,default,0,4.5,3844.0,42.0,60,images/park/collyer-brothers-park.jpg,pexels_name
way/224029303,Rev. Linnette C Williamson Memorial Park,Park,park,40.8094612,-73.9429209,24/7,default,0,4.9,2180.0,42.0,60,images/park/rev-linnette-c-williamson-memorial-park.jpg,pexels_name
way/225171034,Peter Minuit Playground,Park,park,40.7947722,-73.9472299,24/7,default,0,4.7,2977.0,75.0,60,images/park/peter-minuit-playground.jpg,pexels_name
way/224028029,132nd Street Block Association Park,Park,park,40.8123187,-73.943153,24/7,default,0,4.4,8429.0,42.0,60,images/park/132nd-street-block-association-park.jpg,pexels_name
way/219612698,Finn Square,Park,park,40.718642,-74.0068687,24/7,default,0,4.6,3153.0,231.0,60,images/park/finn-square.jpg,pexels_name
way/218327131,Verizon Plaza,Park,park,40.7548157,-73.9851583,24/7,default,0,4.3,18665.0,100.0,60,images/park/verizon-plaza.jpg,pexels_name
way/217722093,J. Hood Wright Park,Park,park,40.8464722,-73.941255,24/7,default,0,4.2,1324.0,244.0,60,images/park/j-hood-wright-park.jpg,pexels_name
way/222233979,Marble Hill Playground,Park,park,40.8775125,-73.908139,24/7,default,0,4.5,1707.0,153.0,60,images/park/marble-hill-playground.jpg,pexels_name
way/225173799,Each One Teach One,Park,park,40.8071736,-73.9345657,24/7,default,0,4.5,2036.0,74.0,60,images/park/each-one-teach-one.jpg,pexels_name
way/225188061,Mae Grant Playground,Park,park,40.7924257,-73.9494365,24/7,default,0,4.8,3111.0,75.0,60,images/park/mae-grant-playground.jpg,pexels_name
way/225188879,Sunshine Playground,Park,park,40.7884898,-73.9478109,24/7,default,0,4.3,2706.0,75.0,60,images/park/sunshine-playground.jpg,pexels_name
way/237393267,Southpoint Park,Park,park,40.7523609,-73.9587446,Mo-Su 06:00-22:00,osm,0,4.1,1135.0,202.0,60,images/park/southpoint-park.jpg,pexels_name
way/237054245,Plaza de las Americas,Park,park,40.8460987,-73.9381037,24/7,default,0,4.3,2950.0,244.0,60,images/park/plaza-de-las-americas.jpg,pexels_name
way/226010200,Jacob K. Javits Playground,Park,park,40.8589557,-73.9349368,24/7,default,0,4.7,11928.0,243.0,60,images/park/jacob-k-javits-playground.jpg,pexels_name
way/225336126,Randalls Island Park,Park,park,40.7938681,-73.9217786,24/7,default,0,4.5,4826.0,194.0,60,images/park/randalls-island-park.jpg,pexels_name
way/225191605,Harlem River Drive Park,Park,park,40.8148592,-73.9343099,24/7,default,0,4.7,2539.0,74.0,60,images/park/harlem-river-drive-park.jpg,pexels_name
way/225190636,Playground 103,Park,park,40.7869524,-73.9390245,24/7,default,0,4.6,3535.0,75.0,60,images/park/playground-103.jpg,pexels_name
way/225190195,Stanley Isaacs Courts,Park,park,40.7834698,-73.9441011,24/7,default,0,4.5,1885.0,75.0,60,images/park/stanley-isaacs-courts.jpg,pexels_name
way/225190178,Marx Brothers Playground,Park,park,40.7842492,-73.9459882,24/7,default,0,4.5,5213.0,75.0,60,images/park/marx-brothers-playground.jpg,pexels_name
way/225189513,Poor Richard's Playground,Park,park,40.7926185,-73.9426331,24/7,default,0,4.9,7539.0,75.0,60,images/park/poor-richard-s-playground.jpg,pexels_name
way/225189391,103rd Street Community Garden,Park,park,40.7909569,-73.948655,24/7,default,0,5.0,1894.0,75.0,60,images/park/103rd-street-community-garden.jpg,pexels_name
way/225189359,White Playground,Park,park,40.7916462,-73.9458897,24/7,default,0,4.8,4052.0,75.0,60,images/park/white-playground.jpg,pexels_name
way/225188968,Cherry Tree Park,Park,park,40.7872445,-73.9471949,Mar 2-Oct 31 06:00-21:00; Nov 1-Mar 1 06:00-18:00,osm,0,5.0,1833.0,75.0,60,images/park/cherry-tree-park.jpg,pexels_name
way/208360494,The Queen Elizabeth II September 11th Garden,Park,park,40.704797,-74.0093346,24/7,default,0,4.2,2166.0,87.0,60,images/park/the-queen-elizabeth-ii-september-11th-garden.jpg,pexels_name
way/108199260,St. Peter's Garden,Park,park,40.7711578,-73.9854676,24/7,default,0,3.9,2298.0,142.0,60,images/park/st-peter-s-garden.jpg,pexels_name
way/108199253,Robert Moses Plaza,Park,park,40.7706182,-73.9847412,24/7,default,0,4.3,3947.0,142.0,60,images/park/robert-moses-plaza.jpg,pexels_name
way/108159407,Thomas Jefferson Park,Park,park,40.7932541,-73.9353945,24/7,default,0,4.6,15700.0,74.0,60,images/park/thomas-jefferson-park.jpg,pexels_name
way/468549198,Pulpit Green,Park,garden,40.803296,-73.9627107,24/7,default,0,4.8,2206.0,166.0,60,images/park/pulpit-green.jpg,pexels_name
way/485919480,Biblical Garden,Park,garden,40.8031447,-73.961349,24/7,default,0,4.1,15148.0,166.0,60,images/park/biblical-garden.jpg,pexels_name
way/530547145,Golden Swan Garden,Park,garden,40.7314929,-74.0008185,24/7,default,0,4.9,2404.0,114.0,60,images/park/golden-swan-garden.jpg,pexels_name
way/429916951,Katharine Hepburn Garden,Park,garden,40.7523284,-73.9691525,24/7,default,0,4.2,3123.0,233.0,60,images/park/katharine-hepburn-garden.jpg,pexels_name
way/543214394,The New School (Lang College) Park,Park,garden,40.7354306,-73.9974833,24/7,default,0,4.5,5282.0,113.0,60,images/park/the-new-school-lang-college-park.jpg,pexels_name
way/606901055,All People's Garden,Park,garden,40.7214668,-73.9795505,24/7,default,0,4.7,1423.0,4.0,60,images/park/all-people-s-garden.jpg,pexels_name
way/1415913860,I♥NY More Than Ever!,Landmark,artwork,40.726648,-73.9921002,24/7,default,0,3.5,2779.0,114.0,30,images/landmark/_fallback_000.jpg,pexels_category
way/1315783397,Times Square,Landmark,artwork,40.758485,-73.9852838,24/7,default,0,4.2,549.0,230.0,30,images/landmark/times-square.jpg,pexels_name
way/1209893804,Samuel J. Tilden Statue,Landmark,artwork,40.8061984,-73.9675244,24/7,default,0,4.9,4072.0,166.0,30,images/landmark/samuel-j-tilden-statue.jpg,pexels_name
way/1190058239,Africa,Landmark,artwork,40.7044817,-74.0140439,24/7,default,0,4.0,2175.0,88.0,30,images/landmark/africa.jpg,pexels_name
way/1190058230,Europe,Landmark,artwork,40.7044791,-74.0138141,24/7,default,0,4.4,2988.0,88.0,30,images/landmark/europe.jpg,pexels_name
way/1190058228,America,Landmark,artwork,40.7044777,-74.013677,24/7,default,0,3.7,1731.0,88.0,30,images/landmark/america.jpg,pexels_name
way/1190058224,Asia,Landmark,artwork,40.7044755,-74.0134424,24/7,default,0,3.6,195.0,88.0,30,images/landmark/asia.jpg,pexels_name
way/429887431,Shakespeare Garden,Park,garden,40.7798173,-73.9699595,24/7,default,0,4.4,6213.0,43.0,60,images/park/shakespeare-garden.jpg,pexels_name
way/387351390,Conservatory Garden,Park,garden,40.793677,-73.9522832,"Nov-Feb: 08:00-17:00, Feb-Mar: 08:00-18:00, Apr: 8:00-19:00, May 01-Aug 14: 08:00-20:00, Aug 15-31:08:00-19:30, Sep: 8:00-19:00, Oct: 08:00-18:00",osm,0,5.0,3713.0,43.0,60,images/park/conservatory-garden.jpg,pexels_name
way/314366320,"Hope Community's Modesto ""Tin"" Flores Garden",Park,garden,40.7910414,-73.9468781,24/7,default,0,5.0,1160.0,75.0,60,images/park/hope-community-s-modesto-tin-flores-garden.jpg,pexels_name
way/314367506,El Jardin del Paraiso,Park,garden,40.7223043,-73.9791673,24/7,default,0,4.0,3347.0,4.0,60,images/park/el-jardin-del-paraiso.jpg,pexels_name
way/314368220,El Sol Brillante,Park,garden,40.728346,-73.9801754,24/7,default,0,4.6,3409.0,79.0,60,images/park/el-sol-brillante.jpg,pexels_name
way/314368836,11th Street Community Garden,Park,garden,40.7286836,-73.9829432,"Su 12:00-18:00; Tu, Th 17:30-20:00",osm,0,3.9,3259.0,79.0,60,images/park/11th-street-community-garden.jpg,pexels_name
way/315400965,Campos Community Garden,Park,garden,40.7272454,-73.9775728,"We 16:30-19:00; Sa 10:00-12:30; Su 10:00-12:30, 16:30-19:00",osm,0,4.6,1650.0,4.0,60,images/park/campos-community-garden.jpg,pexels_name
way/315402582,Mo' Pals,Park,garden,40.8275217,-73.9483817,24/7,default,0,4.3,1499.0,116.0,60,images/park/mo-pals.jpg,pexels_name
way/426373514,Nell Singer Lilac Walk,Park,garden,40.7723694,-73.9733364,24/7,default,0,4.3,1856.0,43.0,60,images/park/nell-singer-lilac-walk.jpg,pexels_name
way/329995852,Barclays Capital Grove,Park,garden,40.7729822,-73.9838402,24/7,default,0,4.5,1528.0,142.0,60,images/park/barclays-capital-grove.jpg,pexels_name
way/362826160,Harlem Valley Garden,Park,garden,40.8145685,-73.9435785,24/7,default,0,5.0,3600.0,42.0,60,images/park/harlem-valley-garden.jpg,pexels_name
way/362826846,Electric Ladybug Garden,Park,garden,40.8008942,-73.9562886,24/7,default,0,4.3,4153.0,41.0,60,images/park/electric-ladybug-garden.jpg,pexels_name
way/385460488,Olmsted Flower Bed,Park,garden,40.7698573,-73.9725682,24/7,default,0,4.0,10446.0,43.0,60,images/park/olmsted-flower-bed.jpg,pexels_name
way/385460489,The Dene,Park,garden,40.7702729,-73.9698715,24/7,default,0,5.0,2867.0,43.0,60,images/park/the-dene.jpg,pexels_name
way/362683587,Saint Nicholas Miracle Garden,Park,garden,40.8116825,-73.9514604,24/7,default,0,4.7,4489.0,42.0,60,images/park/saint-nicholas-miracle-garden.jpg,pexels_name
way/1112562195,Rolling Benches,Landmark,artwork,40.8135269,-73.9632577,24/7,default,0,5.0,2448.0,166.0,30,images/landmark/rolling-benches.jpg,pexels_name
way/1112132914,Independence Flagstaff,Landmark,artwork,40.7359249,-73.9902996,24/7,default,0,4.0,465.0,234.0,30,images/landmark/independence-flagstaff.jpg,pexels_name
way/844409736,East Side Outside Community Garden,Park,garden,40.7293819,-73.9832459,24/7,default,0,4.0,4118.0,79.0,60,images/park/east-side-outside-community-garden.jpg,pexels_name
way/888695659,Millenium Park,Park,garden,40.711605,-74.0078935,24/7,default,0,5.0,7085.0,231.0,60,images/park/millenium-park.jpg,pexels_name
way/889019752,Entry Court,Park,garden,40.7555854,-73.9558543,24/7,default,0,4.5,1757.0,202.0,60,images/park/entry-court.jpg,pexels_name
way/889997874,Peach Tree Garden,Park,garden,40.7216509,-73.9819766,24/7,default,0,5.0,5386.0,4.0,60,images/park/peach-tree-garden.jpg,pexels_name
way/894035807,Charlton Plaza,Park,garden,40.7272293,-74.0035225,24/7,default,0,4.2,3005.0,125.0,60,images/park/charlton-plaza.jpg,pexels_name
way/822683062,Jeff Dullea Inter-Generational Garden,Park,garden,40.7473461,-73.9999002,24/7,default,0,4.8,16123.0,68.0,60,images/park/jeff-dullea-inter-generational-garden.jpg,pexels_name
way/943557533,Riverside Valley Community Garden,Park,garden,40.8236149,-73.9558884,24/7,default,0,4.3,2370.0,116.0,60,images/park/riverside-valley-community-garden.jpg,pexels_name
way/959894829,Morris-Jumel Ecological Education Garden,Park,garden,40.8357635,-73.9391267,24/7,default,0,4.3,1753.0,244.0,60,images/park/morris-jumel-ecological-education-garden.jpg,pexels_name
way/983717574,M’Finda Kalunga Garden,Park,garden,40.7207223,-73.9920506,24/7,default,0,4.6,3362.0,148.0,60,images/park/m-finda-kalunga-garden.jpg,pexels_name
way/985397294,Alice's Garden,Park,garden,40.7539786,-73.9986034,24/7,default,0,4.4,1693.0,68.0,60,images/park/alice-s-garden.jpg,pexels_name
way/985403936,Fifth Street Slope Garden,Park,garden,40.7236166,-73.9808401,24/7,default,0,4.3,6404.0,4.0,60,images/park/fifth-street-slope-garden.jpg,pexels_name
way/990088432,Vamos A Sembrar,Park,garden,40.7283466,-73.9790738,24/7,default,0,4.7,1601.0,79.0,60,images/park/vamos-a-sembrar.jpg,pexels_name
way/1018683271,Clinton Community Garden (LES),Park,garden,40.720001,-73.9844546,Apr-Oct,osm,0,4.5,6384.0,232.0,60,images/park/clinton-community-garden-les.jpg,pexels_name
way/1051523733,Alonso Community Garden,Park,garden,40.7664804,-73.993791,24/7,default,0,4.0,5405.0,50.0,60,images/park/alonso-community-garden.jpg,pexels_name
way/777767100,School Garden of City-As,Park,garden,40.7292549,-74.0061206,24/7,default,0,4.6,1697.0,249.0,60,images/park/school-garden-of-city-as.jpg,pexels_name
way/1079416265,Crack Is Wack,Landmark,artwork,40.804735,-73.9318386,24/7,default,0,4.4,264.0,74.0,30,images/landmark/crack-is-wack.jpg,pexels_name
way/988716842,William Tecumseh Sherman,Landmark,artwork,40.7648102,-73.9730615,24/7,default,0,4.1,379.0,43.0,30,images/landmark/william-tecumseh-sherman.jpg,pexels_name
way/959930319,Admiral David Glasgow Farragut,Landmark,artwork,40.7427637,-73.9876634,24/7,default,0,3.8,1038.0,234.0,30,images/landmark/admiral-david-glasgow-farragut.jpg,pexels_name
way/959930318,Chester Alan Arthur,Landmark,artwork,40.7427844,-73.9870708,24/7,default,0,3.8,735.0,234.0,30,images/landmark/chester-alan-arthur.jpg,pexels_name
way/959930315,William Henry Seward Monument,Landmark,artwork,40.7415001,-73.988837,24/7,default,0,4.5,630.0,234.0,30,images/landmark/william-henry-seward-monument.jpg,pexels_name
way/959930314,Roscoe Conkling,Landmark,artwork,40.7412404,-73.9882016,24/7,default,0,4.4,405.0,234.0,30,images/landmark/roscoe-conkling.jpg,pexels_name
way/958999496,John Lennon's Imagine,Landmark,artwork,40.775745,-73.9752161,24/7,default,2,4.3,3168.0,43.0,30,images/landmark/john-lennon-s-imagine.jpg,pexels_name
way/958998482,Snow Babies,Landmark,artwork,40.7724745,-73.9697494,24/7,default,0,3.1,528.0,43.0,30,images/landmark/snow-babies.jpg,pexels_name
way/958998481,Mother Goose,Landmark,artwork,40.7724161,-73.9695426,24/7,default,0,4.3,850.0,43.0,30,images/landmark/mother-goose.jpg,pexels_name
way/759709669,Trophy of Civil Rights,Landmark,artwork,40.7511217,-73.9663312,24/7,default,0,4.2,616.0,233.0,30,images/landmark/trophy-of-civil-rights.jpg,pexels_name
way/759706101,Good Defeats Evil,Landmark,artwork,40.7516118,-73.9669321,24/7,default,0,4.1,882.0,233.0,30,images/landmark/good-defeats-evil.jpg,pexels_name
way/608955193,The Peace Fountain,Landmark,artwork,40.803498,-73.9630519,24/7,default,0,4.6,1225.0,166.0,30,images/landmark/the-peace-fountain.jpg,pexels_name
way/576169665,Time Landscape,Park,artwork,40.7272313,-73.9994514,24/7,default,0,4.6,2517.0,114.0,60,images/park/time-landscape.jpg,pexels_name
way/317731926,Peace Form One,Landmark,artwork,40.7495022,-73.9696029,24/7,default,0,3.9,707.0,233.0,30,images/landmark/peace-form-one.jpg,pexels_name
way/664153163,Frederick Douglass Boulevard Community Garden,Park,garden,40.8272793,-73.9390492,24/7,default,0,4.6,2499.0,42.0,60,images/park/frederick-douglass-boulevard-community-garden.jpg,pexels_name
way/664315727,El Catano Community Garden,Park,garden,40.7945058,-73.9431966,Mo-Fr 10:00-14:00,osm,0,4.6,18413.0,75.0,60,images/park/el-catano-community-garden.jpg,pexels_name
way/689569884,Rock Garden,Park,garden,40.7710376,-73.9860616,24/7,default,0,4.8,2696.0,142.0,60,images/park/rock-garden.jpg,pexels_name
way/727135243,Hope the Friendly Garden on Hill,Park,garden,40.8295359,-73.9431027,Mo-Su 08:00-18:00,osm,0,4.9,2525.0,116.0,60,images/park/hope-the-friendly-garden-on-hill.jpg,pexels_name
way/727950148,Rose Garden,Park,garden,40.7499438,-73.9667316,24/7,default,0,3.9,1562.0,233.0,60,images/park/rose-garden.jpg,pexels_name
way/733132060,The Garden,Park,garden,40.8405492,-73.9421269,24/7,default,0,3.9,2642.0,244.0,60,images/park/the-garden.jpg,pexels_name
way/745515617,Liberty Community Garden,Park,garden,40.7096001,-74.0154811,24/7,default,0,4.5,13382.0,13.0,60,images/park/liberty-community-garden.jpg,pexels_name
way/314363363,El Sol Brillante Jr,Park,garden,40.7285837,-73.9795302,Sa-Su 13:30-18:30,osm,0,4.7,596.0,79.0,60,images/park/el-sol-brillante-jr.jpg,pexels_name
way/314211115,Toyota East Children's Learning Garden,Park,garden,40.7274792,-73.978999,24/7,default,0,4.6,6484.0,4.0,60,images/park/toyota-east-children-s-learning-garden.jpg,pexels_name
way/314011368,Secret Garden,Park,garden,40.7224983,-73.9803623,24/7,default,0,4.1,8738.0,4.0,60,images/park/secret-garden.jpg,pexels_name
way/44225581,Petrosino Square,Park,park,40.7217802,-73.9974692,Mo-Su 06:00-01:00,osm,0,4.7,21527.0,144.0,60,images/park/petrosino-square.jpg,pexels_name
way/39243853,Morningside Park,Park,park,40.8060532,-73.9580595,24/7,default,0,4.6,15708.0,166.0,60,images/park/morningside-park.jpg,pexels_name
way/36865288,Desalvio Playground,Park,park,40.7216406,-73.9961097,24/7,default,0,4.7,3347.0,144.0,60,images/park/desalvio-playground.jpg,pexels_name
way/36185652,Bellevue Sobriety Garden,Park,park,40.7380902,-73.9745045,24/7,default,0,4.6,1422.0,137.0,60,images/park/bellevue-sobriety-garden.jpg,pexels_name
way/53189828,DeLury Square,Park,park,40.7091079,-74.0050278,24/7,default,0,4.2,3164.0,209.0,60,images/park/delury-square.jpg,pexels_name
way/108159406,Carl Schurz Park,Park,park,40.7752127,-73.9437574,24/7,default,0,4.5,8399.0,262.0,60,images/park/carl-schurz-park.jpg,pexels_name
way/108153676,Duarte Square,Park,park,40.7225426,-74.005495,Mo-Su 06:00-01:00,osm,2,4.0,11898.0,125.0,60,images/park/duarte-square.jpg,pexels_name
way/108153375,Collect Pond Park,Park,park,40.716296,-74.0018559,06:00-01:00,osm,0,4.5,2487.0,231.0,60,images/park/collect-pond-park.jpg,pexels_name
way/105715154,Fort Washington Park,Park,park,40.8531632,-73.9398863,24/7,default,0,4.2,931.0,243.0,60,images/park/fort-washington-park.jpg,pexels_name
way/104169861,Isham Park,Park,park,40.8696523,-73.9190761,24/7,default,0,4.7,3711.0,127.0,60,images/park/isham-park.jpg,pexels_name
way/104078386,Bennett Park,Park,park,40.8528398,-73.938113,24/7,default,0,4.1,1241.0,243.0,60,images/park/bennett-park.jpg,pexels_name
way/104077634,Gorman Memorial Park,Park,park,40.8556942,-73.9324027,24/7,default,0,4.4,13302.0,243.0,60,images/park/gorman-memorial-park.jpg,pexels_name
way/95833119,Cooper Triangle,Park,park,40.7288189,-73.9907764,24/7,default,0,4.4,2813.0,79.0,60,images/park/cooper-triangle.jpg,pexels_name
way/86714429,Kimlau Square,Park,park,40.7134092,-73.9980011,24/7,default,0,5.0,3669.0,45.0,60,images/park/kimlau-square.jpg,pexels_name
way/86338375,Greenacre Park,Park,park,40.7562735,-73.9692846,Mo-Su 08:00-20:00,osm,0,4.5,3433.0,229.0,60,images/park/greenacre-park.jpg,pexels_name
way/86336886,Sherman Square,Park,park,40.7773648,-73.9823502,24/7,default,0,4.6,3118.0,142.0,60,images/park/sherman-square.jpg,pexels_name
way/86256760,Arthur Strickler Triangle,Park,park,40.7368584,-74.0058066,24/7,default,0,4.3,2259.0,158.0,60,images/park/arthur-strickler-triangle.jpg,pexels_name
way/86144190,Abingdon Square,Park,park,40.7372675,-74.0053868,24/7,default,0,4.5,2266.0,249.0,60,images/park/abingdon-square.jpg,pexels_name
way/33804405,Asser Levy Playground,Park,park,40.7364296,-73.9756472,24/7,default,0,3.7,8381.0,137.0,60,images/park/asser-levy-playground.jpg,pexels_name
way/33804388,East River Esplanade,Park,park,40.7449845,-73.9704672,24/7,default,0,4.4,2600.0,233.0,60,images/park/east-river-esplanade.jpg,pexels_name
way/31009822,Stuyvesant Cove Park,Park,park,40.7331415,-73.9739857,24/7,default,0,4.1,1878.0,224.0,60,images/park/stuyvesant-cove-park.jpg,pexels_name
way/5029111,Battery Park,Park,park,40.7028143,-74.015775,24/7,default,0,4.1,6191.0,12.0,60,images/park/battery-park.jpg,pexels_name
way/262350725,Coliseum Park,Park,garden,40.7688656,-73.9840583,24/7,default,0,4.7,4993.0,142.0,60,images/park/coliseum-park.jpg,pexels_name
way/266077858,Clinton Community Garden,Park,garden,40.762778,-73.9917305,24/7,default,0,4.2,5728.0,48.0,60,images/park/clinton-community-garden.jpg,pexels_name
way/22899286,Madison Square Park,Park,park,40.7421868,-73.987872,06:00-23:00,osm,0,4.7,2732.0,234.0,60,images/park/madison-square-park.jpg,pexels_name
way/270765902,Dias y Flores,Park,garden,40.7290837,-73.9799347,24/7,default,0,4.6,1286.0,79.0,60,images/park/dias-y-flores.jpg,pexels_name
way/313988043,Siempre Verde Garden,Park,garden,40.7198521,-73.9840103,"Apr 01-Oct 31 Sa-Su 09:00-19:00; ""When gate is open""",osm,0,4.3,8100.0,232.0,60,images/park/siempre-verde-garden.jpg,pexels_name
way/313994014,West Side Community Garden,Park,garden,40.7892872,-73.9718337,"Jun-Aug 09:00-19:00; Dec-Feb 09:00-17:00; Mar-May,Sep-Oct unknown",osm,0,4.1,14247.0,238.0,60,images/park/west-side-community-garden.jpg,pexels_name
way/313996193,Liz Christy Community Garden,Park,garden,40.724156,-73.9918149,24/7,default,0,4.6,3239.0,79.0,60,images/park/liz-christy-community-garden.jpg,pexels_name
way/313997047,Parque de Tranquilidad,Park,garden,40.7218118,-73.9796276,24/7,default,0,4.3,4816.0,4.0,60,images/park/parque-de-tranquilidad.jpg,pexels_name
way/313997059,Bradhurst Community Garden of Love,Park,garden,40.8276766,-73.9393214,24/7,default,0,4.5,8460.0,42.0,60,images/park/bradhurst-community-garden-of-love.jpg,pexels_name
way/297191606,Albert's Garden,Park,garden,40.7254118,-73.9910323,"Su 10:00-16:00; Mo off; Tu 10:00-13:00,14:00-17:00; We 10:00-13:00; Th off; Fr 16:00-19:00; Sa 10:00-12:00,16:00-19:00",osm,0,4.5,3947.0,79.0,60,images/park/albert-s-garden.jpg,pexels_name
way/22899302,Washington Square Park,Park,park,40.7308885,-73.9975932,24/7,default,0,4.4,3344.0,114.0,60,images/park/washington-square-park.jpg,pexels_name
way/22900913,Dr. Gertrude B. Kelly Playground,Park,park,40.7416557,-74.0020105,24/7,default,0,4.6,891.0,68.0,60,images/park/dr-gertrude-b-kelly-playground.jpg,pexels_name
way/22900959,Chelsea Park,Park,park,40.7499194,-74.0006702,24/7,default,0,4.1,6343.0,68.0,60,images/park/chelsea-park.jpg,pexels_name
way/30657462,Sheridan Square Garden,Park,park,40.7330286,-74.0021296,24/7,default,0,4.6,3020.0,249.0,60,images/park/sheridan-square-garden.jpg,pexels_name
way/30657456,Christopher Park,Park,park,40.7335833,-74.0022513,24/7,default,0,4.5,4622.0,249.0,60,images/park/christopher-park.jpg,pexels_name
way/25162896,Tompkins Square Park,Park,park,40.7264724,-73.9816871,24/7,default,0,5.0,7879.0,79.0,60,images/park/tompkins-square-park.jpg,pexels_name
way/25026338,Zuccotti Park,Park,park,40.7092314,-74.0112539,24/7,default,0,3.9,1257.0,261.0,60,images/park/zuccotti-park.jpg,pexels_name
way/23048493,Tudor City Greens - South Park,Park,park,40.7488541,-73.9710191,24/7,default,0,4.3,3573.0,233.0,60,images/park/tudor-city-greens-south-park.jpg,pexels_name
way/23048485,Tudor City Greens - North Park,Park,park,40.7495583,-73.9705138,24/7,default,0,4.7,1958.0,233.0,60,images/park/tudor-city-greens-north-park.jpg,pexels_name
way/22961904,Clement Clarke Moore Park,Park,park,40.746629,-74.0043038,24/7,default,0,4.6,1912.0,68.0,60,images/park/clement-clarke-moore-park.jpg,pexels_name
way/22961821,Corporal John A. Seravalli Playground,Park,park,40.7390844,-74.0048187,24/7,default,0,4.3,1135.0,249.0,60,images/park/corporal-john-a-seravalli-playground.jpg,pexels_name
way/22961817,Jackson Square Park,Park,park,40.7390049,-74.0028822,24/7,default,0,4.2,1186.0,249.0,60,images/park/jackson-square-park.jpg,pexels_name
way/22941918,DeWitt Clinton Park,Park,park,40.7682011,-73.9942676,24/7,default,0,4.2,8130.0,50.0,60,images/park/dewitt-clinton-park.jpg,pexels_name
way/22926980,Washington Market Park,Park,park,40.7170293,-74.0116432,Mo-Su 06:00-01:00,osm,0,4.2,28750.0,231.0,60,images/park/washington-market-park.jpg,pexels_name
way/22926662,Liberty Park,Park,park,40.7102299,-74.0135844,24/7,default,0,4.6,4057.0,261.0,60,images/park/liberty-park.jpg,pexels_name
way/22904239,14th Street Park,Park,park,40.7427171,-74.0082549,24/7,default,0,4.2,6128.0,246.0,60,images/park/14th-street-park.jpg,pexels_name
way/22903972,Chelsea Waterside Park,Park,park,40.7492611,-74.0074571,24/7,default,0,4.3,3858.0,246.0,60,images/park/chelsea-waterside-park.jpg,pexels_name
way/22901074,Gramercy Park,Park,park,40.73794,-73.9859053,24/7,default,0,5.0,3241.0,107.0,60,images/park/gramercy-park.jpg,pexels_name
way/1080359064,Children's Magical Garden,Park,garden,40.7207236,-73.9864602,24/7,default,0,4.5,14431.0,148.0,60,images/park/children-s-magical-garden.jpg,pexels_name
way/1127559545,Peck Slip,Park,park,40.7078001,-74.0015491,24/7,default,0,4.7,7620.0,209.0,60,images/park/peck-slip.jpg,pexels_name
way/1121932385,Greeley Square Park,Park,park,40.7487036,-73.9883472,24/7,default,0,4.7,996.0,164.0,60,images/park/greeley-square-park.jpg,pexels_name
way/1121582607,Herald Square,Park,park,40.750256,-73.987625,24/7,default,0,4.3,2871.0,100.0,60,images/park/herald-square.jpg,pexels_name
way/1464303300,West 181st Street,Landmark,memorial,40.8498699,-73.9350091,24/7,default,0,4.1,1643.0,243.0,30,images/landmark/west-181st-street.jpg,pexels_name
way/1107165183,Anibal Aviles Playground,Park,park,40.801159,-73.9627985,24/7,default,0,4.5,926.0,24.0,60,images/park/anibal-aviles-playground.jpg,pexels_name
way/1127851294,Imagination Playground,Park,park,40.7061989,-74.0040983,24/7,default,0,4.6,4132.0,87.0,60,images/park/imagination-playground.jpg,pexels_name
way/1082729243,Saint Vartan Park,Park,park,40.7456086,-73.9748201,24/7,default,0,4.8,2316.0,170.0,60,images/park/saint-vartan-park.jpg,pexels_name
way/1077518596,Hester Street Park,Park,park,40.7154087,-73.9893119,24/7,default,0,4.4,2733.0,232.0,60,images/park/hester-street-park.jpg,pexels_name
way/1183761752,Clara Coffey Park,Park,park,40.755163,-73.9621444,24/7,default,0,4.5,8208.0,229.0,60,images/park/clara-coffey-park.jpg,pexels_name
way/1239280962,Pearson Park,Park,park,40.750899,-73.9915017,24/7,default,0,5.0,1574.0,186.0,60,images/park/pearson-park.jpg,pexels_name
way/1238700037,Pershing Square,Park,park,40.7517691,-73.9779054,24/7,default,0,4.5,6005.0,170.0,60,images/park/pershing-square.jpg,pexels_name
way/1227227869,437 Madison Avenue - POPS,Park,park,40.7575876,-73.9752801,24/7,osm,0,4.2,4752.0,161.0,60,images/park/437-madison-avenue-pops.jpg,pexels_name
way/1221100069,Grand Canal Court,Park,park,40.7222993,-74.0050338,closed,osm,0,4.3,2288.0,211.0,60,images/park/grand-canal-court.jpg,pexels_name
way/1205355316,Evans Tower Plaza,Park,park,40.7777426,-73.9551377,24/7,osm,0,4.3,9060.0,236.0,60,images/park/evans-tower-plaza.jpg,pexels_name
way/1201126571,Public Square and Gardens,Park,park,40.7540951,-74.0021684,24/7,default,0,4.9,2217.0,246.0,60,images/park/public-square-and-gardens.jpg,pexels_name
way/1188665117,Pier 42,Park,park,40.7102455,-73.9818211,24/7,default,0,4.3,5103.0,232.0,60,images/park/pier-42.jpg,pexels_name
way/1183958467,MacArthur Playground,Park,park,40.752273,-73.9651557,24/7,default,0,4.3,5807.0,229.0,60,images/park/macarthur-playground.jpg,pexels_name
way/1237708665,Forsyth Plaza,Park,park,40.7154032,-73.9945697,24/7,default,0,4.6,1040.0,148.0,60,images/park/forsyth-plaza.jpg,pexels_name
way/1025959315,The Square,Park,park,40.8180211,-73.9589542,24/7,default,0,5.0,14723.0,152.0,60,images/park/the-square.jpg,pexels_name
way/1023817153,Pier 76,Park,park,40.7591506,-74.005364,24/7,default,0,4.3,2566.0,246.0,60,images/park/pier-76.jpg,pexels_name
way/904714816,Happy Warrior Playground,Park,park,40.7954223,-73.9684256,24/7,default,0,4.4,8069.0,151.0,60,images/park/happy-warrior-playground.jpg,pexels_name
way/895757747,Joan of Arc Park,Park,park,40.7942118,-73.976389,24/7,default,0,4.7,8497.0,238.0,60,images/park/joan-of-arc-park.jpg,pexels_name
way/895611180,West 87th Street Garden,Park,park,40.787094,-73.9709212,24/7,default,0,4.7,5251.0,238.0,60,images/park/west-87th-street-garden.jpg,pexels_name
way/893841889,Washington Commons,Park,park,40.7384531,-74.0083015,24/7,default,0,4.9,5881.0,158.0,60,images/park/washington-commons.jpg,pexels_name
way/890862859,Pearl Street Playground,Park,park,40.707912,-74.0039085,24/7,default,0,4.6,3632.0,209.0,60,images/park/pearl-street-playground.jpg,pexels_name
way/1018935492,Vladeck Park,Park,park,40.7123997,-73.9820519,24/7,default,0,4.5,4375.0,232.0,60,images/park/vladeck-park.jpg,pexels_name
way/1016487162,Queensborough Oval,Park,park,40.7592353,-73.9600741,24/7,default,0,4.7,4063.0,140.0,60,images/park/queensborough-oval.jpg,pexels_name
way/997819338,Andrew Haswell Green Park,Park,park,40.7594725,-73.9576313,24/7,default,0,4.4,4087.0,140.0,60,images/park/andrew-haswell-green-park.jpg,pexels_name
way/985281628,Seward Park High School - Community Playground,Park,park,40.7158595,-73.9891313,24/7,default,0,4.8,1539.0,232.0,60,images/park/seward-park-high-school-community-playground.jpg,pexels_name
way/973521995,Ahearn Park,Park,park,40.7148022,-73.9834508,24/7,default,0,4.5,1999.0,232.0,60,images/park/ahearn-park.jpg,pexels_name
way/964822654,Seward Park Extension Park,Park,park,40.7168088,-73.9848922,dawn-dusk,osm,0,4.3,4732.0,232.0,60,images/park/seward-park-extension-park.jpg,pexels_name
way/959895071,McKenna Square,Park,park,40.8383487,-73.9391573,24/7,default,0,5.0,3320.0,244.0,60,images/park/mckenna-square.jpg,pexels_name
way/959894788,Roger Morris Park,Park,park,40.8345191,-73.9385154,24/7,default,0,4.3,15763.0,244.0,60,images/park/roger-morris-park.jpg,pexels_name
way/954250919,Samuel Marx Triangle,Park,park,40.802576,-73.9527698,24/7,default,0,4.1,602.0,41.0,60,images/park/samuel-marx-triangle.jpg,pexels_name
way/954250916,Dekovats Park,Park,park,40.7793517,-73.9442344,24/7,default,0,4.6,2342.0,262.0,60,images/park/dekovats-park.jpg,pexels_name
way/943557523,Dorrance Brooks Square,Park,park,40.8181963,-73.9472809,24/7,default,0,4.2,6168.0,42.0,60,images/park/dorrance-brooks-square.jpg,pexels_name
way/890862858,Fishbridge Park Garden,Park,park,40.7090621,-74.0013335,24/7,default,0,4.5,8555.0,209.0,60,images/park/fishbridge-park-garden.jpg,pexels_name
way/1279201474,Bloomingdale Playground,Park,park,40.7992091,-73.9660081,24/7,default,0,4.6,5043.0,151.0,60,images/park/bloomingdale-playground.jpg,pexels_name
way/224031775,Harlem Rose Garden,Park,garden,40.8085497,-73.9399881,24/7,default,0,4.7,10135.0,42.0,60,images/park/harlem-rose-garden.jpg,pexels_name
way/224032877,West 123rd Street Community Garden,Park,garden,40.8066386,-73.9474147,24/7,default,0,4.6,6171.0,41.0,60,images/park/west-123rd-street-community-garden.jpg,pexels_name
way/224032878,W 124th St Community Garden,Park,garden,40.807036,-73.9452407,24/7,default,0,4.5,11076.0,41.0,60,images/park/w-124th-st-community-garden.jpg,pexels_name
way/224034261,Our Little Green Acre (Garden Eight),Park,garden,40.8082247,-73.9520394,24/7,default,0,4.3,14783.0,41.0,60,images/park/our-little-green-acre-garden-eight.jpg,pexels_name
way/224034447,Joseph Daniel Wilson Garden,Park,garden,40.8076412,-73.950566,24/7,default,0,4.5,1114.0,41.0,60,images/park/joseph-daniel-wilson-garden.jpg,pexels_name
way/224034884,Truce Garden,Park,garden,40.8045838,-73.9530872,24/7,default,0,4.5,2029.0,41.0,60,images/park/truce-garden.jpg,pexels_name
way/224035031,Garden of Love,Park,garden,40.8044094,-73.9560791,24/7,default,0,4.8,2076.0,41.0,60,images/park/garden-of-love.jpg,pexels_name
way/225132538,Life Spire Garden,Park,garden,40.8025839,-73.9384572,24/7,default,0,4.4,771.0,74.0,60,images/park/life-spire-garden.jpg,pexels_name
way/225150633,Diamante Garden,Park,garden,40.7978596,-73.9363664,Tu-Su 13:00-16:00; We off; Th off,osm,0,4.4,503.0,74.0,60,images/park/diamante-garden.jpg,pexels_name
way/224029845,Edward P. Bowman Park,Park,garden,40.8097789,-73.9429479,24/7,default,0,4.0,6430.0,42.0,60,images/park/edward-p-bowman-park.jpg,pexels_name
way/225154834,117th Street Community Garden,Park,garden,40.7988512,-73.9405711,24/7,default,0,4.7,4919.0,74.0,60,images/park/117th-street-community-garden.jpg,pexels_name
way/225156763,Peaceful Valley Garden,Park,garden,40.8004524,-73.9441603,24/7,default,0,4.2,3368.0,74.0,60,images/park/peaceful-valley-garden.jpg,pexels_name
way/225160133,William B. Washington Memorial Garden,Park,garden,40.8114087,-73.9515256,24/7,default,0,4.5,1385.0,42.0,60,images/park/william-b-washington-memorial-garden.jpg,pexels_name
way/225160605,CEP Community Garden,Park,garden,40.811183,-73.9509767,24/7,default,0,5.0,7061.0,42.0,60,images/park/cep-community-garden.jpg,pexels_name
way/225164671,Home Depot Children's Garden,Park,garden,40.7964876,-73.9338546,24/7,default,0,4.4,3576.0,74.0,60,images/park/home-depot-children-s-garden.jpg,pexels_name
way/225165102,Los Amigos Community Garden,Park,garden,40.7960832,-73.9320472,24/7,default,0,4.6,683.0,74.0,60,images/park/los-amigos-community-garden.jpg,pexels_name
way/225165408,Pleasant Village Community Garden,Park,garden,40.7964853,-73.9315954,"Mo-Fr 07:30-18:00; Sa,Su 08:00-16:00",osm,0,4.4,2028.0,74.0,60,images/park/pleasant-village-community-garden.jpg,pexels_name
way/225165627,Pleasant Hill Garden,Park,garden,40.7942973,-73.9344055,24/7,default,0,4.2,2795.0,74.0,60,images/park/pleasant-hill-garden.jpg,pexels_name
way/225167258,Family Community Garden,Park,garden,40.7951166,-73.943785,24/7,default,0,5.0,5844.0,75.0,60,images/park/family-community-garden.jpg,pexels_name
way/225169191,110th St Block Assoc. Garden,Park,garden,40.7961701,-73.9473213,24/7,default,0,4.3,5533.0,75.0,60,images/park/110th-st-block-assoc-garden.jpg,pexels_name
way/225156531,El Gallo Social Club Inc.,Park,garden,40.7997081,-73.9405493,"Mo,We-Fr 08:00-18:00",osm,0,4.9,7333.0,74.0,60,images/park/el-gallo-social-club-inc.jpg,pexels_name
way/225169192,Pueblo Unido Garden,Park,garden,40.7964018,-73.9471109,24/7,default,0,4.5,2085.0,75.0,60,images/park/pueblo-unido-garden.jpg,pexels_name
way/224029301,United Block Association Garden,Park,garden,40.8106875,-73.9412421,24/7,default,0,4.7,4794.0,42.0,60,images/park/united-block-association-garden.jpg,pexels_name
way/224027528,133rd Swing Street Garden,Park,garden,40.8137498,-73.9434533,24/7,default,0,4.8,5817.0,42.0,60,images/park/133rd-swing-street-garden.jpg,pexels_name
way/104917335,Saint-Guilhem Cloister,Park,garden,40.865144,-73.9318495,24/7,default,0,4.3,2376.0,243.0,60,images/park/saint-guilhem-cloister.jpg,pexels_name
way/104917339,Trie Cloister,Park,garden,40.8645402,-73.9318369,24/7,default,0,4.4,4914.0,243.0,60,images/park/trie-cloister.jpg,pexels_name
way/104917349,Cuxa Cloister,Park,garden,40.8648593,-73.9318955,24/7,default,0,4.7,2211.0,243.0,60,images/park/cuxa-cloister.jpg,pexels_name
way/104917358,Bonnefont Cloister,Park,garden,40.8645875,-73.9320739,24/7,default,0,4.5,19425.0,243.0,60,images/park/bonnefont-cloister.jpg,pexels_name
way/118524682,Harris Garden,Park,garden,40.8297025,-73.9421398,24/7,default,0,5.0,4962.0,116.0,60,images/park/harris-garden.jpg,pexels_name
way/224029299,Unity Park,Park,garden,40.8093513,-73.9426548,24/7,default,0,4.5,3852.0,42.0,60,images/park/unity-park.jpg,pexels_name
way/132615712,Miracle Garden,Park,garden,40.7226497,-73.9835302,"Sa,Su 12:00-19:00",osm,0,4.7,1544.0,79.0,60,images/park/miracle-garden.jpg,pexels_name
way/192855184,Bruce Reynolds Garden,Park,garden,40.8699899,-73.9178921,24/7,default,0,4.4,921.0,127.0,60,images/park/bruce-reynolds-garden.jpg,pexels_name
way/201355371,Gatehouse Garden,Park,garden,40.8084208,-73.9595724,24/7,default,0,4.6,5873.0,166.0,60,images/park/gatehouse-garden.jpg,pexels_name
way/202503285,The Urban Assembly School for Green Careers Garden,Park,garden,40.7864584,-73.9755794,24/7,default,0,4.4,12328.0,239.0,60,images/park/the-urban-assembly-school-for-green-careers-garden.jpg,pexels_name
way/207573814,Stuffolk Street Community Garden,Park,garden,40.7209283,-73.9847048,Tu 12:00-17:00; Th 12:00-17:00; Sa-Su 12:00-17:00,osm,0,5.0,2424.0,148.0,60,images/park/stuffolk-street-community-garden.jpg,pexels_name
way/220971317,Roosevelt Island Garden Club,Park,garden,40.7672954,-73.9446054,24/7,default,0,4.8,3393.0,202.0,60,images/park/roosevelt-island-garden-club.jpg,pexels_name
way/224026928,Elizabeth Langley Memorial Garden,Park,garden,40.8161253,-73.9410548,24/7,default,0,4.4,7097.0,42.0,60,images/park/elizabeth-langley-memorial-garden.jpg,pexels_name
way/224027354,Parks Council Success Garden,Park,garden,40.8138059,-73.9428223,24/7,default,0,4.7,991.0,42.0,60,images/park/parks-council-success-garden.jpg,pexels_name
way/169915675,Mobilization for Change Community Garden,Park,garden,40.7997074,-73.9621631,24/7,default,0,4.9,10557.0,24.0,60,images/park/mobilization-for-change-community-garden.jpg,pexels_name
way/225188744,Maggie's Magic Garden,Park,garden,40.7888155,-73.9492444,24/7,default,0,4.3,4803.0,75.0,60,images/park/maggie-s-magic-garden.jpg,pexels_name
way/225189541,Neighbors Of Vega Baja,Park,garden,40.7919808,-73.9402429,24/7,default,0,4.6,4311.0,75.0,60,images/park/neighbors-of-vega-baja.jpg,pexels_name
way/225189993,Humacao Community Garden,Park,garden,40.7913532,-73.9395101,24/7,default,0,4.3,2045.0,75.0,60,images/park/humacao-community-garden.jpg,pexels_name
way/1443826510,Rudin Family Playground,Park,park,40.7918804,-73.9639966,sunrise-sunset,osm,0,4.5,8943.0,43.0,60,images/park/rudin-family-playground.jpg,pexels_name
way/1443826509,Tarr-Coyne Wild West Playground,Park,park,40.789785,-73.9654402,24/7,default,0,4.7,2601.0,43.0,60,images/park/tarr-coyne-wild-west-playground.jpg,pexels_name
way/1391372313,Annunciation Playground,Park,park,40.8183618,-73.952123,24/7,default,0,4.7,358.0,152.0,60,images/park/annunciation-playground.jpg,pexels_name
way/1317270172,McGraw-Hill Park,Park,park,40.7597219,-73.9829196,24/7,default,0,4.0,2484.0,230.0,60,images/park/mcgraw-hill-park.jpg,pexels_name
way/1306968918,Harlem Grown 127th Street Learning Annex,Park,park,40.8094618,-73.9460375,24/7,default,0,5.0,6909.0,42.0,60,images/park/harlem-grown-127th-street-learning-annex.jpg,pexels_name
way/1288810449,St. Gregory's Playground,Park,park,40.7895163,-73.972033,24/7,default,0,4.4,18433.0,238.0,60,images/park/st-gregory-s-playground.jpg,pexels_name
way/1288810448,Playground Eighty Nine LXXXIX,Park,park,40.7886437,-73.9718945,24/7,default,0,4.6,4937.0,238.0,60,images/park/playground-eighty-nine-lxxxix.jpg,pexels_name
way/1286884106,Key Park: Bob’s Park,Park,park,40.7547523,-73.9980579,24/7,default,0,4.8,4236.0,68.0,60,images/park/key-park-bob-s-park.jpg,pexels_name
way/1283910034,Sheltering Arms Playground,Park,park,40.815023,-73.9558977,24/7,default,0,4.4,2991.0,152.0,60,images/park/sheltering-arms-playground.jpg,pexels_name
way/225189994,El Sitio Feliz Garden,Park,garden,40.7902581,-73.9447543,Mo-Su 09:00-17:30,osm,0,4.8,4617.0,75.0,60,images/park/el-sitio-feliz-garden.jpg,pexels_name
way/237523062,Sixth Street and Avenue B Community Garden,Park,garden,40.7243209,-73.9820809,"""Closed until further notice""",osm,0,4.8,344.0,79.0,60,images/park/sixth-street-and-avenue-b-community-garden.jpg,pexels_name
way/237532025,The Creative Little Garden,Park,garden,40.7246469,-73.9825857,24/7,default,0,5.0,3130.0,79.0,60,images/park/the-creative-little-garden.jpg,pexels_name
way/237532026,6BC Botanical Garden,Park,garden,40.723843,-73.9806711,24/7,default,0,4.8,1523.0,4.0,60,images/park/6bc-botanical-garden.jpg,pexels_name
way/237586858,La Plaza Cultural,Park,garden,40.7253609,-73.9786453,24/7,default,0,4.7,1506.0,4.0,60,images/park/la-plaza-cultural.jpg,pexels_name
way/237586859,Ninth Street Community Garden,Park,garden,40.7253819,-73.9774646,"Sa-Su 00:00-18:00 ""or week-nights whenever garden members are present""",osm,0,4.3,16183.0,4.0,60,images/park/ninth-street-community-garden.jpg,pexels_name
way/244977217,Greenstreets,Park,garden,40.7285439,-74.0031445,24/7,default,0,4.8,5203.0,249.0,60,images/park/greenstreets.jpg,pexels_name
way/250265037,Fireman's Memorial Garden,Park,garden,40.7242545,-73.9779688,24/7,default,0,4.5,4686.0,4.0,60,images/park/fireman-s-memorial-garden.jpg,pexels_name
way/250265038,Green Oasis and Gilbert's Garden,Park,garden,40.7239863,-73.9773546,"""closed until further notice""",osm,0,5.0,3342.0,4.0,60,images/park/green-oasis-and-gilbert-s-garden.jpg,pexels_name
way/254594897,Hope Steven Garden,Park,garden,40.8235532,-73.949278,24/7,default,0,4.6,8111.0,116.0,60,images/park/hope-steven-garden.jpg,pexels_name
way/1524237470,Riverwalk Commons East,Park,park,40.7585873,-73.9520329,24/7,default,0,4.8,9046.0,202.0,60,images/park/riverwalk-commons-east.jpg,pexels_name
way/1507941363,Ten Mile River Playground,Park,park,40.8297868,-73.952328,24/7,default,0,5.0,1398.0,116.0,60,images/park/ten-mile-river-playground.jpg,pexels_name
way/1506863250,Trum Tower Public Atrium,Park,park,40.7617216,-73.9743638,24/7,default,0,4.6,1914.0,161.0,60,images/park/trum-tower-public-atrium.jpg,pexels_name
way/1506863249,590 Madison Public Atrium,Park,park,40.7614226,-73.973373,24/7,default,0,4.5,4552.0,161.0,60,images/park/590-madison-public-atrium.jpg,pexels_name
way/1500787455,14th Street Square,Park,park,40.7407595,-74.0053891,24/7,default,0,4.6,4905.0,158.0,60,images/park/14th-street-square.jpg,pexels_name
way/1500206154,Worth Square Park,Park,park,40.7427569,-73.988967,24/7,default,0,5.0,5030.0,234.0,60,images/park/worth-square-park.jpg,pexels_name
way/1490739996,Plaza Lafayette,Park,park,40.8515508,-73.9415912,24/7,default,0,4.9,1310.0,244.0,60,images/park/plaza-lafayette.jpg,pexels_name
way/890862707,Saint James Triangle,Park,park,40.7127158,-73.9985497,24/7,default,0,4.7,6133.0,45.0,60,images/park/saint-james-triangle.jpg,pexels_name
way/889019981,Lighthouse Park,Park,park,40.7719982,-73.9409857,24/7,default,0,4.4,10520.0,202.0,60,images/park/lighthouse-park.jpg,pexels_name
way/400782869,Vesey Green,Park,park,40.714953,-74.0166792,24/7,default,0,4.4,3543.0,13.0,60,images/park/vesey-green.jpg,pexels_name
way/400780940,Teardrop Park South,Park,park,40.7158072,-74.0160606,24/7,default,0,4.2,1105.0,13.0,60,images/park/teardrop-park-south.jpg,pexels_name
way/385858615,Little Red Square,Park,park,40.7292336,-74.0021911,24/7,default,0,5.0,1777.0,114.0,60,images/park/little-red-square.jpg,pexels_name
way/385106972,Ralph Bunche Park,Park,park,40.7493256,-73.969745,24/7,default,0,4.2,625.0,233.0,60,images/park/ralph-bunche-park.jpg,pexels_name
way/385103133,Wald Playground,Park,park,40.7197108,-73.9768909,24/7,default,0,4.3,1214.0,4.0,60,images/park/wald-playground.jpg,pexels_name
way/378364365,Peter's Field,Park,park,40.7361158,-73.9815688,24/7,default,0,5.0,7850.0,107.0,60,images/park/peter-s-field.jpg,pexels_name
way/378359193,Vincent F. Albano Jr. Playground,Park,park,40.7419438,-73.9783848,Mar 2-Oct 31: Mo-Su 06:00-21:00; Nov 1-Mar 1: Mo-Su 06:00-18:00,osm,0,4.3,21215.0,137.0,60,images/park/vincent-f-albano-jr-playground.jpg,pexels_name
way/400782872,West Thames Park,Park,park,40.7088363,-74.0157585,24/7,default,0,4.1,938.0,13.0,60,images/park/west-thames-park.jpg,pexels_name
way/376015442,CU SE Field,Park,park,40.806367,-73.9623446,24/7,default,0,4.9,5495.0,166.0,60,images/park/cu-se-field.jpg,pexels_name
way/376015439,CU SIPA Commons,Park,park,40.807298,-73.9599478,24/7,default,0,4.7,6927.0,166.0,60,images/park/cu-sipa-commons.jpg,pexels_name
way/372721441,Teardrop Park,Park,park,40.7167801,-74.0156161,24/7,default,0,4.7,4382.0,13.0,60,images/park/teardrop-park.jpg,pexels_name
way/372701952,Nelson A. Rockefeller Park,Park,park,40.7168883,-74.0152875,24/7,default,0,4.5,3329.0,13.0,60,images/park/nelson-a-rockefeller-park.jpg,pexels_name
way/371120098,Chelsea Green,Park,park,40.7415933,-73.9960607,24/7,default,0,4.2,1447.0,90.0,60,images/park/chelsea-green.jpg,pexels_name
way/413055246,City Hall Park,Park,park,40.7128841,-74.0060845,24/7,default,0,4.7,1612.0,231.0,60,images/park/city-hall-park.jpg,pexels_name
way/468591558,West 104th Street Garden,Park,park,40.7968848,-73.9619463,24/7,default,0,4.5,1203.0,151.0,60,images/park/west-104th-street-garden.jpg,pexels_name
way/468548548,Julia Gabriel People's Garden,Park,park,40.8038947,-73.9635425,24/7,default,0,4.0,4978.0,166.0,60,images/park/julia-gabriel-people-s-garden.jpg,pexels_name
way/462302471,Manuel Plaza,Park,park,40.7276683,-73.9921173,Mo-Su 06:00-22:00,osm,0,4.5,5445.0,113.0,60,images/park/manuel-plaza.jpg,pexels_name
way/459838884,Secret Garden Park,Park,park,40.7437871,-74.0054757,24/7,default,0,4.6,10423.0,68.0,60,images/park/secret-garden-park.jpg,pexels_name
way/458511171,745 Plaza,Park,park,40.7603632,-73.9823986,24/7,default,0,4.5,2482.0,230.0,60,images/park/745-plaza.jpg,pexels_name
way/455314804,Trygve Lie Plaza,Park,park,40.7484918,-73.9704129,24/7,default,0,4.5,5405.0,233.0,60,images/park/trygve-lie-plaza.jpg,pexels_name
way/410310399,Coleman Playground,Park,park,40.71117,-73.9933173,24/7,default,0,4.5,3615.0,45.0,60,images/park/coleman-playground.jpg,pexels_name
way/453528989,Dry Dock Playground,Park,park,40.7254397,-73.9754832,24/7,default,0,4.1,14188.0,4.0,60,images/park/dry-dock-playground.jpg,pexels_name
way/453461400,Elizabeth Street Garden,Park,park,40.7221895,-73.994783,24/7,default,0,4.1,2010.0,144.0,60,images/park/elizabeth-street-garden.jpg,pexels_name
way/453456965,Tribeca Tower Courtyard,Park,park,40.7157921,-74.006181,24/7,default,0,4.3,7161.0,231.0,60,images/park/tribeca-tower-courtyard.jpg,pexels_name
way/449139914,Urban Park,Park,park,40.7235239,-74.0034678,24/7,default,0,4.3,4375.0,211.0,60,images/park/urban-park.jpg,pexels_name
way/440055120,West Fourth Street Courts,Park,park,40.7312486,-74.0009604,24/7,default,0,4.2,19470.0,114.0,60,images/park/west-fourth-street-courts.jpg,pexels_name
way/440055119,Minetta Green,Park,park,40.7303446,-74.0016029,24/7,default,0,4.1,4484.0,114.0,60,images/park/minetta-green.jpg,pexels_name
way/427818536,Central Park,Park,park,40.7825205,-73.9655068,06:00-01:00,osm,2,4.7,4873.0,43.0,60,images/park/central-park.jpg,pexels_name
way/351201923,Tramway Plaza,Park,park,40.7610387,-73.9643728,sunrise-sunset,osm,0,4.3,12988.0,141.0,60,images/park/tramway-plaza.jpg,pexels_name
way/343765233,Peter Detmold Park,Park,park,40.7536627,-73.9635157,24/7,default,0,5.0,2247.0,229.0,60,images/park/peter-detmold-park.jpg,pexels_name
way/334715965,Poses Park,Park,park,40.7674465,-73.9635001,24/7,default,0,4.7,12877.0,237.0,60,images/park/poses-park.jpg,pexels_name
way/329988114,Verdi Square,Park,park,40.7791313,-73.9816218,24/7,default,0,4.3,1314.0,143.0,60,images/park/verdi-square.jpg,pexels_name
way/329041537,Freeman Plaza North,Park,park,40.7243569,-74.0065658,24/7,default,0,4.5,1890.0,125.0,60,images/park/freeman-plaza-north.jpg,pexels_name
way/329041506,Freeman Plaza East,Park,park,40.7241243,-74.0065435,24/7,default,0,4.6,1008.0,125.0,60,images/park/freeman-plaza-east.jpg,pexels_name
way/325008930,Tanahey Playground,Park,park,40.7101715,-73.9951713,24/7,default,0,4.6,6818.0,45.0,60,images/park/tanahey-playground.jpg,pexels_name
way/325008929,Alfred E. Smith Playground,Park,park,40.7106394,-73.997469,24/7,default,0,4.9,1329.0,45.0,60,images/park/alfred-e-smith-playground.jpg,pexels_name
way/324750157,First Park,Park,park,40.7234173,-73.9892626,24/7,default,0,5.0,4893.0,79.0,60,images/park/first-park.jpg,pexels_name
way/321905068,Riverwalk Commons,Park,park,40.7589617,-73.9528666,24/7,default,0,4.3,3347.0,202.0,60,images/park/riverwalk-commons.jpg,pexels_name
way/319615856,Blackwell Park,Park,park,40.7601079,-73.9505807,24/7,default,0,4.7,3719.0,202.0,60,images/park/blackwell-park.jpg,pexels_name
way/318329003,Roosevelt Triangle,Park,park,40.8113321,-73.9543941,24/7,default,0,4.7,1675.0,166.0,60,images/park/roosevelt-triangle.jpg,pexels_name
way/318328998,Frederick Douglass Circle,Park,park,40.8005901,-73.9581811,24/7,default,0,4.6,1129.0,41.0,60,images/park/frederick-douglass-circle.jpg,pexels_name
way/317355661,Henry M. Jackson Playground,Park,park,40.7139646,-73.981496,24/7,default,0,4.5,1698.0,232.0,60,images/park/henry-m-jackson-playground.jpg,pexels_name
way/324975291,Canal Park,Park,park,40.7254196,-74.0104282,24/7,default,0,4.9,3920.0,231.0,60,images/park/canal-park.jpg,pexels_name
way/353000933,Ruppert Park,Park,park,40.7809662,-73.9501489,24/7,default,0,4.6,2733.0,263.0,60,images/park/ruppert-park.jpg,pexels_name
way/353133685,Park Avenue Malls,Park,park,40.7869307,-73.9522659,24/7,default,0,4.5,3098.0,75.0,60,images/park/park-avenue-malls.jpg,pexels_name
way/362827398,Mandela Garden,Park,park,40.8107974,-73.9499718,24/7,default,0,4.5,1225.0,42.0,60,images/park/mandela-garden.jpg,pexels_name
way/357523569,Ilka Tanya Payán Park,Park,park,40.8339778,-73.9452121,24/7,default,0,4.5,5165.0,244.0,60,images/park/ilka-tanya-pay-n-park.jpg,pexels_name
way/469101347,Tenzer Garden,Park,park,40.8498324,-73.9291411,24/7,default,0,4.5,720.0,243.0,60,images/park/tenzer-garden.jpg,pexels_name
way/469101348,Danciger Quadrangle,Park,park,40.850316,-73.928956,24/7,default,0,4.2,3118.0,243.0,60,images/park/danciger-quadrangle.jpg,pexels_name
way/471549306,NYC AIDS Memorial Park at St. Vincent's Triangle,Park,park,40.7371836,-74.0011967,24/7,default,0,5.0,9279.0,249.0,60,images/park/nyc-aids-memorial-park-at-st-vincent-s-triangle.jpg,pexels_name
way/769716504,Sol Lain Playground,Park,park,40.7142341,-73.9838951,24/7,default,0,4.4,4011.0,232.0,60,images/park/sol-lain-playground.jpg,pexels_name
way/769716502,Hillman Park,Park,park,40.7151983,-73.982351,24/7,default,0,4.5,3508.0,232.0,60,images/park/hillman-park.jpg,pexels_name
way/765274333,Playground 11,Park,park,40.7310982,-73.9763847,24/7,default,0,3.7,7390.0,224.0,60,images/park/playground-11.jpg,pexels_name
way/759460622,Minerva Bernadino Green Street,Park,park,40.8028219,-73.9640871,24/7,default,0,4.1,2923.0,24.0,60,images/park/minerva-bernadino-green-street.jpg,pexels_name
way/727964618,Lafayette Square,Park,park,40.8035524,-73.9580337,24/7,default,0,4.3,440.0,41.0,60,images/park/lafayette-square.jpg,pexels_name
way/718438725,Murphy Brothers Playground,Park,park,40.7302282,-73.9732345,24/7,default,0,4.1,4052.0,224.0,60,images/park/murphy-brothers-playground.jpg,pexels_name
way/705304809,30 Lincoln Plaza,Park,park,40.7707961,-73.9814012,8:00-23:00,osm,0,4.5,5563.0,142.0,60,images/park/30-lincoln-plaza.jpg,pexels_name
way/702078581,McMahon Lawn,Park,park,40.7713558,-73.9865241,24/7,default,0,4.5,1606.0,142.0,60,images/park/mcmahon-lawn.jpg,pexels_name
way/687661469,First Street Green Cultural Park,Park,park,40.723751,-73.9903251,24/7,default,0,4.9,3083.0,79.0,60,images/park/first-street-green-cultural-park.jpg,pexels_name
way/675962287,Sophie Irene Loeb Playground,Park,park,40.7133573,-73.994312,24/7,default,0,4.4,13765.0,45.0,60,images/park/sophie-irene-loeb-playground.jpg,pexels_name
way/743395860,The Elevated Acre,Park,park,40.7032051,-74.0087006,24/7,default,0,4.1,962.0,88.0,60,images/park/the-elevated-acre.jpg,pexels_name
way/837696042,Pier 97,Park,park,40.772165,-73.9956854,24/7,default,0,4.4,2863.0,50.0,60,images/park/pier-97.jpg,pexels_name
way/831044452,Gansevoort Peninsula,Park,park,40.739967,-74.01073,24/7,default,0,4.9,5461.0,158.0,60,images/park/gansevoort-peninsula.jpg,pexels_name
way/821278619,The Plaza,Park,park,40.8170021,-73.9588657,24/7,default,0,4.3,7352.0,152.0,60,images/park/the-plaza.jpg,pexels_name
way/800212158,Community Island Pond,Park,park,40.702575,-74.0054638,24/7,default,0,5.0,5254.0,87.0,60,images/park/community-island-pond.jpg,pexels_name
way/672251427,Abe Lebewohl Park,Park,park,40.7300001,-73.9870591,24/7,default,0,4.7,8254.0,79.0,60,images/park/abe-lebewohl-park.jpg,pexels_name
way/664697032,Monterey Public Garden,Park,park,40.785788,-73.949994,24/7,osm,0,5.0,1448.0,75.0,60,images/park/monterey-public-garden.jpg,pexels_name
way/544675664,Mitchel Square,Park,park,40.8401711,-73.9400689,24/7,default,0,4.4,4387.0,244.0,60,images/park/mitchel-square.jpg,pexels_name
way/539005582,Murray Street Triangle,Park,park,40.7156101,-74.015085,24/7,default,0,4.4,12662.0,13.0,60,images/park/murray-street-triangle.jpg,pexels_name
way/538080002,Elizabeth H. Berger Plaza,Park,park,40.7066764,-74.0140208,24/7,default,0,4.6,6300.0,261.0,60,images/park/elizabeth-h-berger-plaza.jpg,pexels_name
way/531580782,Robert Moses Playground,Park,park,40.7481156,-73.9692894,24/7,default,0,4.7,8949.0,233.0,60,images/park/robert-moses-playground.jpg,pexels_name
way/531272222,CS Garden,Park,park,40.8091383,-73.9599533,24/7,default,0,4.6,1240.0,166.0,60,images/park/cs-garden.jpg,pexels_name
way/498671779,Drumgoole Plaza,Park,park,40.7110519,-74.0040949,24/7,default,2,4.6,13660.0,209.0,60,images/park/drumgoole-plaza.jpg,pexels_name
way/497484756,Albert Capsouto Park,Park,park,40.7220728,-74.0058909,24/7,default,0,4.6,28053.0,231.0,60,images/park/albert-capsouto-park.jpg,pexels_name
way/483702983,Augustus Saint-Gaudens Playground,Park,park,40.7355499,-73.9821423,24/7,default,0,4.7,4747.0,107.0,60,images/park/augustus-saint-gaudens-playground.jpg,pexels_name
way/480966277,148th Street Block Association Park,Park,park,40.8243789,-73.9389915,24/7,default,0,4.9,5997.0,42.0,60,images/park/148th-street-block-association-park.jpg,pexels_name
way/479358564,Rooftop Park,Park,park,40.7576241,-73.9686533,24/7,default,0,4.5,1314.0,229.0,60,images/park/rooftop-park.jpg,pexels_name
way/474199302,Monsignor Kett Playground,Park,park,40.8625304,-73.9209396,24/7,default,0,4.4,1772.0,127.0,60,images/park/monsignor-kett-playground.jpg,pexels_name
way/474169900,Lieutenant William Tighe Triangle,Park,park,40.8658571,-73.9279994,24/7,default,0,4.3,5604.0,243.0,60,images/park/lieutenant-william-tighe-triangle.jpg,pexels_name
way/473565702,Rapkin-Gayle Plaza,Park,park,40.7204001,-73.9991398,Mo-Su 06:00-22:00,osm,0,5.0,4799.0,144.0,60,images/park/rapkin-gayle-plaza.jpg,pexels_name
way/580123906,Mulry Square,Park,park,40.7362506,-74.0010873,24/7,default,0,4.3,5879.0,249.0,60,images/park/mulry-square.jpg,pexels_name
way/664153164,"Bill ""Bojangles"" Robinson Playground",Park,park,40.825291,-73.9372932,24/7,default,0,4.5,4895.0,42.0,60,images/park/bill-bojangles-robinson-playground.jpg,pexels_name
way/613509792,Tribeca Park,Park,park,40.7202231,-74.0057003,Mo-Su 06:00-01:00,osm,0,4.8,5622.0,231.0,60,images/park/tribeca-park.jpg,pexels_name
way/581666857,Jane Street Garden,Park,park,40.738004,-74.0045481,24/7,default,0,4.5,11413.0,249.0,60,images/park/jane-street-garden.jpg,pexels_name
way/1080842930,Kenkeleba House Garden,Park,garden,40.7221355,-73.9826839,24/7,default,0,4.2,15425.0,4.0,60,images/park/kenkeleba-house-garden.jpg,pexels_name
way/1081174783,Los Amigos,Park,garden,40.7224987,-73.9820851,24/7,default,0,4.9,5575.0,4.0,60,images/park/los-amigos.jpg,pexels_name
way/1081579829,Umbrella House Garden,Park,garden,40.7213778,-73.9811317,24/7,default,0,4.4,1624.0,4.0,60,images/park/umbrella-house-garden.jpg,pexels_name
way/381429969,Holy Trinity Cathedral,Culture,place_of_worship,40.7197584,-73.9956578,Mo-Su 08:00-20:00,default,0,4.9,340.0,144.0,45,images/culture/holy-trinity-cathedral.jpg,pexels_name
way/354612946,Holy Family Catholic Church,Culture,place_of_worship,40.7526878,-73.9685878,Mo-Su 08:00-20:00,default,0,4.7,785.0,233.0,45,images/culture/holy-family-catholic-church.jpg,pexels_name
way/295242013,Madison Avenue Church,Culture,place_of_worship,40.7724994,-73.9645375,Mo-Su 08:00-20:00,default,0,3.9,534.0,237.0,45,images/culture/madison-avenue-church.jpg,pexels_name
way/295335317,Church of the Holy Trinity,Culture,place_of_worship,40.778345,-73.9495654,Mo-Su 08:00-20:00,default,0,3.8,2068.0,263.0,45,images/culture/church-of-the-holy-trinity.jpg,pexels_name
way/284868921,Dayspring Church,Culture,place_of_worship,40.7684941,-73.9450538,Mo-Su 08:00-20:00,default,0,4.4,923.0,202.0,45,images/culture/dayspring-church.jpg,pexels_name
way/284879988,Church of the Good Shepherd,Culture,place_of_worship,40.7618495,-73.9502422,Mo-Su 08:00-20:00,default,0,4.3,1183.0,202.0,45,images/culture/church-of-the-good-shepherd.jpg,pexels_name
way/285900671,Fuentidueña Chapel,Culture,place_of_worship,40.8651462,-73.9317207,Mo-Su 08:00-20:00,default,0,4.3,659.0,243.0,45,images/culture/fuentidue-a-chapel.jpg,pexels_name
way/278326923,St. Vartan Cathedral,Culture,place_of_worship,40.7451462,-73.9752244,Mo-Su 08:00-20:00,default,0,3.4,1575.0,170.0,45,images/culture/st-vartan-cathedral.jpg,pexels_name
way/274995768,Saint Paul's Chapel,Culture,place_of_worship,40.8078594,-73.9609516,Mo-Su 08:00-20:00,default,0,4.0,744.0,166.0,45,images/culture/saint-paul-s-chapel.jpg,pexels_name
way/274996134,Church of Notre Dame,Culture,place_of_worship,40.8051075,-73.9603667,Mo-Su 08:00-20:00,default,0,4.3,931.0,166.0,45,images/culture/church-of-notre-dame.jpg,pexels_name
way/275059307,Roman Catholic Church of the Incarnation,Culture,place_of_worship,40.8449848,-73.9365274,Mo-Su 08:00-20:00,default,0,4.4,564.0,244.0,45,images/culture/roman-catholic-church-of-the-incarnation.jpg,pexels_name
way/275060277,Beth Medrash Hagadol,Culture,place_of_worship,40.8455215,-73.937391,Mo-Su 08:00-20:00,default,0,4.4,650.0,244.0,45,images/culture/beth-medrash-hagadol.jpg,pexels_name
way/275060278,Fort Washington Presbyterian Church,Culture,place_of_worship,40.8453607,-73.9378619,Mo-Su 08:00-20:00,default,0,4.5,1308.0,244.0,45,images/culture/fort-washington-presbyterian-church.jpg,pexels_name
way/275089474,Congregation Shaare Hatikvah,Culture,place_of_worship,40.8493388,-73.9379134,Mo-Su 08:00-20:00,default,0,3.9,1907.0,244.0,45,images/culture/congregation-shaare-hatikvah.jpg,pexels_name
way/275089480,Holy Rood Episcopal Church,Culture,place_of_worship,40.8493898,-73.9384193,Mo-Su 08:00-20:00,default,0,4.0,1526.0,244.0,45,images/culture/holy-rood-episcopal-church.jpg,pexels_name
way/275096012,Fort Washington Collegiate Church,Culture,place_of_worship,40.8509796,-73.9375564,Mo-Su 08:00-20:00,default,0,4.3,3481.0,243.0,45,images/culture/fort-washington-collegiate-church.jpg,pexels_name
way/275097230,Congregation Shmuel Yosef VChaya,Culture,place_of_worship,40.8548349,-73.9372929,Mo-Su 08:00-20:00,default,0,4.1,604.0,243.0,45,images/culture/congregation-shmuel-yosef-vchaya.jpg,pexels_name
way/274986253,Riverside Church,Culture,place_of_worship,40.811997,-73.9630275,Mo-Su 08:00-20:00,default,0,4.2,627.0,166.0,45,images/culture/riverside-church.jpg,pexels_name
way/275097255,Hebrew Tabernacle of Washington Heights,Culture,place_of_worship,40.8536395,-73.9376634,Mo-Su 08:00-20:00,default,0,4.5,219.0,243.0,45,images/culture/hebrew-tabernacle-of-washington-heights.jpg,pexels_name
way/275098308,Khal Adath Jeshurun,Culture,place_of_worship,40.8529841,-73.9350769,Mo-Su 08:00-20:00,default,0,3.8,340.0,243.0,45,images/culture/khal-adath-jeshurun.jpg,pexels_name
way/275099201,Yeshiva Community Shul at Shenk,Culture,place_of_worship,40.8512532,-73.9314806,Mo-Su 08:00-20:00,default,0,4.5,3143.0,243.0,45,images/culture/yeshiva-community-shul-at-shenk.jpg,pexels_name
way/275103020,Saints Anargyroi Greek Orthodox Church,Culture,place_of_worship,40.8534575,-73.9310852,Mo-Su 08:00-20:00,default,0,4.2,698.0,243.0,45,images/culture/saints-anargyroi-greek-orthodox-church.jpg,pexels_name
way/275110817,St. Frances Cabrini Shrine,Culture,place_of_worship,40.8584372,-73.9353308,Mo-Su 08:00-20:00,default,0,4.2,2026.0,243.0,45,images/culture/st-frances-cabrini-shrine.jpg,pexels_name
way/275114059,Kingdom Hall of Jehovah's Witnesses,Culture,place_of_worship,40.8613252,-73.9264294,Mo-Su 08:00-20:00,default,0,3.9,968.0,243.0,45,images/culture/kingdom-hall-of-jehovah-s-witnesses.jpg,pexels_name
way/275116424,Our Lady Queen of Martyrs Roman Catholic Church,Culture,place_of_worship,40.8636555,-73.9279717,Mo-Su 08:00-20:00,default,0,4.5,1194.0,243.0,45,images/culture/our-lady-queen-of-martyrs-roman-catholic-church.jpg,pexels_name
way/275118793,Saint Jude,Culture,place_of_worship,40.8628741,-73.9197031,Mo-Su 08:00-20:00,default,0,4.3,1781.0,127.0,45,images/culture/saint-jude.jpg,pexels_name
way/275120593,Dyckman Spanish Seventh Day Adventist,Culture,place_of_worship,40.8661465,-73.9217028,Mo-Su 08:00-20:00,default,0,3.3,1375.0,127.0,45,images/culture/dyckman-spanish-seventh-day-adventist.jpg,pexels_name
way/275120913,Mount Washington Presbyterian Church,Culture,place_of_worship,40.8661184,-73.9232539,Mo-Su 08:00-20:00,default,0,4.0,184.0,127.0,45,images/culture/mount-washington-presbyterian-church.jpg,pexels_name
way/275097676,Fort Tryon Jewish Center,Culture,place_of_worship,40.8527835,-73.9372895,Mo-Su 08:00-20:00,default,0,4.4,2400.0,243.0,45,images/culture/fort-tryon-jewish-center.jpg,pexels_name
way/275121196,Holy Trinity Episcopal Church,Culture,place_of_worship,40.8664121,-73.9265803,Mo-Su 08:00-20:00,default,0,4.2,1714.0,127.0,45,images/culture/holy-trinity-episcopal-church.jpg,pexels_name
way/274982921,Broadway Presbyterian Church,Culture,place_of_worship,40.807085,-73.9651704,Mo-Su 08:00-20:00,default,0,4.8,2290.0,166.0,45,images/culture/broadway-presbyterian-church.jpg,pexels_name
way/271912606,Antioch Baptist Church,Culture,place_of_worship,40.8141695,-73.9565322,Mo-Su 08:00-20:00,default,0,4.8,1448.0,152.0,45,images/culture/antioch-baptist-church.jpg,pexels_name
way/271830367,Victory Tabernacle Seventh Day Christian Church,Culture,place_of_worship,40.8180423,-73.9448393,Mo-Su 08:00-20:00,default,0,4.2,222.0,42.0,45,images/culture/victory-tabernacle-seventh-day-christian-church.jpg,pexels_name
way/271833728,New Mount Zion Baptist Church,Culture,place_of_worship,40.8183945,-73.9406427,Mo-Su 08:00-20:00,default,0,4.1,407.0,42.0,45,images/culture/new-mount-zion-baptist-church.jpg,pexels_name
way/271872145,St. Paul Community Church,Culture,place_of_worship,40.8222266,-73.9411784,Mo-Su 08:00-20:00,default,0,4.2,1243.0,42.0,45,images/culture/st-paul-community-church.jpg,pexels_name
way/271885510,Saint James Presbyterian Church,Culture,place_of_worship,40.8215776,-73.9463564,Mo-Su 08:00-20:00,default,0,4.2,3104.0,116.0,45,images/culture/saint-james-presbyterian-church.jpg,pexels_name
way/271885591,Saint Luke's Church,Culture,place_of_worship,40.8221091,-73.9475633,Mo-Su 08:00-20:00,default,0,4.0,934.0,116.0,45,images/culture/saint-luke-s-church.jpg,pexels_name
way/271893758,Saint Joseph of the Holy Family Church,Culture,place_of_worship,40.8117627,-73.9540515,Mo-Su 08:00-20:00,default,0,4.0,459.0,166.0,45,images/culture/saint-joseph-of-the-holy-family-church.jpg,pexels_name
way/271912608,St. Mary's Episcopal Church Harlem,Culture,place_of_worship,40.8148864,-73.9560802,Mo-Su 08:00-20:00,default,0,3.7,748.0,152.0,45,images/culture/st-mary-s-episcopal-church-harlem.jpg,pexels_name
way/1349122395,Anat Egbi,Museum,gallery,40.7175972,-74.002932,Tu-Sa 11:00-18:00,osm,0,3.8,3673.0,231.0,120,images/museum/anat-egbi.jpg,pexels_name
way/249664383,a83,Museum,gallery,40.7215845,-74.0026147,We-Su 12:00-18:00; Mo-Tu closed,osm,0,4.2,1095.0,211.0,120,images/museum/a83.jpg,pexels_name
way/247920477,Sperone Westwater,Museum,gallery,40.7231513,-73.9925667,Tu-Sa 10:00-18:00,osm,0,4.4,5844.0,148.0,120,images/museum/sperone-westwater.jpg,pexels_name
way/247850404,Hauser & Wirth,Museum,gallery,40.7255943,-73.9996082,Mo-Fr 10:00-6:00,osm,0,3.6,2192.0,211.0,120,images/museum/hauser-wirth.jpg,pexels_name
way/271896284,Holy Fathers Russian Orthodox Church,Culture,place_of_worship,40.8306477,-73.9454609,Mo-Su 08:00-20:00,default,0,4.1,1368.0,116.0,45,images/culture/holy-fathers-russian-orthodox-church.jpg,pexels_name
way/271896287,Saint Luke Church,Culture,place_of_worship,40.8302706,-73.9443581,Mo-Su 08:00-20:00,default,0,4.3,438.0,116.0,45,images/culture/saint-luke-church.jpg,pexels_name
way/271896289,St. Catherine of Genoa's Church,Culture,place_of_worship,40.8303105,-73.9446212,Mo-Su 08:00-20:00,default,0,4.1,423.0,116.0,45,images/culture/st-catherine-of-genoa-s-church.jpg,pexels_name
way/271912600,Templo Biblico,Culture,place_of_worship,40.8145309,-73.9557187,Mo-Su 08:00-20:00,default,0,4.6,813.0,152.0,45,images/culture/templo-biblico.jpg,pexels_name
way/664903764,Lenfest Center for the Arts,Museum,gallery,40.8172335,-73.9586965,Tu-Su 10:00-17:00,default,2,5.0,1905.0,152.0,120,images/museum/lenfest-center-for-the-arts.jpg,pexels_name
way/278346592,Saint Thomas Episcopal Church,Culture,place_of_worship,40.7608432,-73.9762822,Mo-Su 08:00-20:00,default,0,4.0,238.0,161.0,45,images/culture/saint-thomas-episcopal-church.jpg,pexels_name
way/276420114,Saint Stephens English Methodist Church,Culture,place_of_worship,40.8769246,-73.9090575,Mo-Su 08:00-20:00,default,0,3.6,1637.0,153.0,45,images/culture/saint-stephens-english-methodist-church.jpg,pexels_name
way/277904749,Saint Peter's Church,Culture,place_of_worship,40.7123689,-74.0095718,Mo-Su 08:00-20:00,default,0,4.0,899.0,231.0,45,images/culture/saint-peter-s-church.jpg,pexels_name
way/278033625,St. Nicholas Greek Orthodox Church,Culture,place_of_worship,40.710143,-74.0132253,Mo-Su 08:00-20:00,default,0,4.8,1639.0,261.0,45,images/culture/st-nicholas-greek-orthodox-church.jpg,pexels_name
way/278039438,John Street Methodist Church,Culture,place_of_worship,40.7090902,-74.0081499,Mo-Su 08:00-20:00,default,0,4.1,392.0,87.0,45,images/culture/john-street-methodist-church.jpg,pexels_name
way/278039453,Trinity Church,Culture,place_of_worship,40.708055,-74.0122157,Mo-Su 08:00-20:00,default,0,3.4,450.0,261.0,45,images/culture/trinity-church.jpg,pexels_name
way/278053534,Shrine of Saint Elizabeth Ann Bayley Seton,Culture,place_of_worship,40.7026659,-74.0136926,Mo-Su 08:00-20:00,default,0,4.1,363.0,88.0,45,images/culture/shrine-of-saint-elizabeth-ann-bayley-seton.jpg,pexels_name
way/278069550,Church of Our Lady of Victory,Culture,place_of_worship,40.7070139,-74.0087164,Mo-Su 08:00-20:00,default,0,4.2,850.0,87.0,45,images/culture/church-of-our-lady-of-victory.jpg,pexels_name
way/278084913,Kingdom Hall of Jehovah's Withesses,Culture,place_of_worship,40.7091393,-74.0016207,Mo-Su 08:00-20:00,default,0,4.1,475.0,209.0,45,images/culture/kingdom-hall-of-jehovah-s-withesses.jpg,pexels_name
way/278087812,Wall Street Synagogue,Culture,place_of_worship,40.7099809,-74.0054866,Mo-Su 08:00-20:00,default,0,4.3,1139.0,209.0,45,images/culture/wall-street-synagogue.jpg,pexels_name
way/278106870,St. James Church,Culture,place_of_worship,40.7122393,-73.9984918,Mo-Su 08:00-20:00,default,0,4.2,812.0,45.0,45,images/culture/st-james-church.jpg,pexels_name
way/278112880,St. Andrew Church,Culture,place_of_worship,40.7133394,-74.002667,Mo-Su 08:00-20:00,default,0,4.4,964.0,45.0,45,images/culture/st-andrew-church.jpg,pexels_name
way/278241648,First Chinese Presbyterian Church,Culture,place_of_worship,40.7131882,-73.9947657,Mo-Su 08:00-20:00,default,0,4.5,1006.0,45.0,45,images/culture/first-chinese-presbyterian-church.jpg,pexels_name
way/278245571,St. Teresa's Church,Culture,place_of_worship,40.7135419,-73.9904648,Mo-Su 08:00-20:00,default,0,4.0,1068.0,232.0,45,images/culture/st-teresa-s-church.jpg,pexels_name
way/278256373,Primative Christian Church,Culture,place_of_worship,40.7140281,-73.9877683,Mo-Su 08:00-20:00,default,0,3.8,872.0,232.0,45,images/culture/primative-christian-church.jpg,pexels_name
way/278256429,Young Israel,Culture,place_of_worship,40.714389,-73.9819037,Mo-Su 08:00-20:00,default,0,4.2,677.0,232.0,45,images/culture/young-israel.jpg,pexels_name
way/278256447,St. Augustine's Church,Culture,place_of_worship,40.7137505,-73.9831842,Mo-Su 08:00-20:00,default,0,4.2,177.0,232.0,45,images/culture/st-augustine-s-church.jpg,pexels_name
way/278284165,Congregation Chasam Sofer,Culture,place_of_worship,40.7209217,-73.9838671,Mo-Su 08:00-20:00,default,0,4.0,861.0,232.0,45,images/culture/congregation-chasam-sofer.jpg,pexels_name
way/278284295,The Stanton Street Shul,Culture,place_of_worship,40.7202656,-73.9838591,Mo-Su 08:00-20:00,default,0,4.3,351.0,232.0,45,images/culture/the-stanton-street-shul.jpg,pexels_name
way/278326137,Chapel of the Sacred Hearts of Jesus & Mary,Culture,place_of_worship,40.7438307,-73.9750364,Mo-Su 08:00-20:00,default,0,4.6,400.0,137.0,45,images/culture/chapel-of-the-sacred-hearts-of-jesus-mary.jpg,pexels_name
way/278106874,Mariners Temple,Culture,place_of_worship,40.7129684,-73.9977079,Mo-Su 08:00-20:00,default,0,4.5,1125.0,45.0,45,images/culture/mariners-temple.jpg,pexels_name
way/162755458,Paley Center for Media,Museum,museum,40.760591,-73.9775846,We-Su 12:00-18:00; Jan 01 off; Jul 04 off; Nov Th[4] off; Dec 25 off,osm,2,4.5,1578.0,161.0,120,images/museum/paley-center-for-media.jpg,pexels_name
way/109269297,Museum of Arts and Design,Museum,museum,40.7673824,-73.9820053,Tu-Su 10:00-18:00; Oct 14 off,osm,2,4.5,1531.0,163.0,120,images/museum/museum-of-arts-and-design.jpg,pexels_name
way/903942434,Saint Nicholas Avenue,Landmark,memorial,40.8423974,-73.939071,24/7,default,0,4.6,1344.0,244.0,30,images/landmark/saint-nicholas-avenue.jpg,pexels_name
way/959930316,Eternal Light Flagstaff,Landmark,memorial,40.7420586,-73.9887138,24/7,default,0,4.1,1430.0,234.0,30,images/landmark/eternal-light-flagstaff.jpg,pexels_name
way/962669696,Broadway,Landmark,memorial,40.8606937,-73.9306715,24/7,default,0,3.5,405.0,243.0,30,images/landmark/broadway.jpg,pexels_name
way/170149134,Guggenheim Museum,Museum,museum,40.7829919,-73.9588842,Mo-Su 10:30-17:30; Nov Th[4] off; Dec 24 10:30-16:00; Dec 25 off,osm,2,3.9,2242.0,236.0,120,images/museum/guggenheim-museum.jpg,pexels_name
way/1007846636,Edgecombe Avenue,Landmark,memorial,40.8371485,-73.9367112,24/7,default,0,4.8,5959.0,120.0,30,images/landmark/edgecombe-avenue.jpg,pexels_name
way/1124734562,Soldiers' Monument,Landmark,memorial,40.7084317,-74.0114478,24/7,default,0,4.4,1492.0,261.0,30,images/landmark/soldiers-monument.jpg,pexels_name
way/1127609567,Titanic Memorial Lighthouse,Landmark,memorial,40.7074001,-74.0038607,24/7,default,0,3.4,647.0,209.0,30,images/landmark/titanic-memorial-lighthouse.jpg,pexels_name
way/1146402190,Amsterdam Avenue,Landmark,memorial,40.8388481,-73.9376528,24/7,default,0,3.8,608.0,244.0,30,images/landmark/amsterdam-avenue.jpg,pexels_name
way/1266344612,Chelsea Piers Section Improvement,Landmark,memorial,40.7479945,-74.0090083,24/7,default,0,4.0,685.0,246.0,30,images/landmark/chelsea-piers-section-improvement.jpg,pexels_name
way/1015975228,American Merchant Mariners' Memorial,Landmark,memorial,40.7039909,-74.0178021,24/7,default,0,3.3,1819.0,13.0,30,images/landmark/american-merchant-mariners-memorial.jpg,pexels_name
way/241833272,The Ukrainian Museum,Museum,museum,40.7276617,-73.9897653,We-Su 12:00-18:00,osm,2,3.9,2421.0,79.0,120,images/museum/the-ukrainian-museum.jpg,pexels_name
way/249664327,The Drawing Center,Museum,museum,40.7224437,-74.0028908,We-Su 12:00-18:00,osm,0,5.0,958.0,211.0,120,images/museum/the-drawing-center.jpg,pexels_name
way/278033604,9/11 Memorial & Museum,Museum,museum,40.711456,-74.0127418,"Mo-Th 09:00-20:00, Fr-Sa 09:00-21:00, Su 09:00-20:00",osm,2,3.4,1590.0,261.0,120,images/museum/9-11-memorial-museum.jpg,pexels_name
way/275014150,Morris-Jumel Mansion,Museum,museum,40.8344678,-73.9385796,"Th 13:00-16:00; Fr,Sa 11:00-16:00",osm,1,4.7,9581.0,244.0,120,images/museum/morris-jumel-mansion.jpg,pexels_name
way/271922197,General Grant National Memorial,Museum,museum,40.8134537,-73.9630506,Tu-Su 10:00-17:00,default,0,3.9,2975.0,166.0,120,images/museum/general-grant-national-memorial.jpg,pexels_name
way/271885447,Hamilton Grange National Memorial,Museum,museum,40.82136,-73.9473012,Tu-Su 10:00-17:00,default,2,4.1,1837.0,152.0,120,images/museum/hamilton-grange-national-memorial.jpg,pexels_name
way/271592477,National Museum of Catholic Art and History,Museum,museum,40.7949253,-73.934369,Tu-Su 10:00-17:00,default,0,5.0,600.0,74.0,120,images/museum/national-museum-of-catholic-art-and-history.jpg,pexels_name
way/271274003,El Museo Del Barrio,Museum,museum,40.7931062,-73.9513946,"Th-Su 11:00-17:00; Sep 04-Oct 10 off; Jan 01, Jul 04, Nov Th[4], Dec 25 off",osm,2,4.4,2907.0,75.0,120,images/museum/el-museo-del-barrio.jpg,pexels_name
way/271220752,Museum of the City of New York,Museum,museum,40.792506,-73.9519079,"Mo-Fr 10:00-17:00; Sa-Su 10:00-18:00; Jan 01, Nov Th[4], Dec 25 off",osm,2,4.7,2163.0,75.0,120,images/museum/museum-of-the-city-of-new-york.jpg,pexels_name
way/271205008,Nicholas Roerich Museum,Museum,museum,40.802929,-73.9690037,"Tu-Fr 12:00-16:00, Sa, Su 12:00-17:00, Dec 25 off, Nov Th[4] off, Jan 01 off, Jul 04 off",osm,1,4.4,1462.0,24.0,120,images/museum/nicholas-roerich-museum.jpg,pexels_name
way/270901657,Children's Museum of Manhattan,Museum,museum,40.7858798,-73.9773343,Tu-Su 10:00-17:00,osm,1,4.4,1519.0,239.0,120,images/museum/children-s-museum-of-manhattan.jpg,pexels_name
way/247838607,Merchant's House Museum,Museum,museum,40.7276576,-73.9923438,Sep-May Th-Su 13:00-17:00; Jun-Aug We-Su 13:00-17:00; PH off,osm,0,4.5,1488.0,113.0,120,images/museum/merchant-s-house-museum.jpg,pexels_name
way/266940107,The Jewish Museum,Museum,museum,40.7854051,-73.957186,"Th-Mo 11:00-16:00; Tu-We off; Oct 03-04, Oct 12, Nov 28 off; Oct 11 11:00-15:00; Apr 12 11:00-15:00",osm,2,4.4,1953.0,236.0,120,images/museum/the-jewish-museum.jpg,pexels_name
way/266934250,Institute for the Study of the Ancient World,Museum,museum,40.7799803,-73.9602334,Tu-Su 10:00-17:00,default,0,4.7,1919.0,236.0,120,images/museum/institute-for-the-study-of-the-ancient-world.jpg,pexels_name
way/266926168,"Cooper–Hewitt, Smithsonian Design Museum",Museum,museum,40.7842886,-73.9577609,Sep 05-Nov 01 off; Mo-Su 10:00-18:00; Nov Th[4] off; Dec 25 off,osm,2,3.7,5488.0,236.0,120,images/museum/cooper-hewitt-smithsonian-design-museum.jpg,pexels_name
way/266894185,Frick Collection,Museum,museum,40.7712772,-73.967146,"Mo,We-Su 10:30-17:30",osm,0,4.0,1185.0,237.0,120,images/museum/frick-collection.jpg,pexels_name
way/266887857,Asia Society,Museum,museum,40.7698384,-73.9642913,"Tu-Su 11:00-18:00; Jul 03, Nov 27, Dec 24, Dec 31 11:00-14:00; Jan 01 off; Nov 05 off; Nov Th[4] off; Dec 25 off",osm,2,4.1,6005.0,237.0,120,images/museum/asia-society.jpg,pexels_name
way/266199252,Mount Vernon Hotel Museum,Museum,museum,40.7605217,-73.9597128,Tu-Su 10:00-17:00,default,0,3.6,24614.0,140.0,120,images/museum/mount-vernon-hotel-museum.jpg,pexels_name
way/265357846,Intrepid Museum,Museum,museum,40.7645198,-73.9995256,"Apr 01-Sep 30 Mo-Fr 10:00-17:00; Apr 01-Sep 30 Sa,Su, PH 10:00-18:00; Oct 01-Mar 31 10:00-17:00; Nov Th[4] off; Dec 25 off",osm,2,4.7,2391.0,50.0,120,images/museum/intrepid-museum.jpg,pexels_name
way/250267911,Museum at Eldridge Street,Museum,museum,40.7147291,-73.993461,Mo-Su 10:00-17:00; Sa off; Dec 31-Jan 01 off; Nov Th[4] off; Nov Fr[4] off,osm,2,4.5,3351.0,148.0,120,images/museum/_fallback_000.jpg,pexels_category
way/249664614,New York City Fire Museum,Museum,museum,40.7255756,-74.0069355,"24/7 off ""Temporarily closed until further notice""",osm,2,4.5,2148.0,125.0,120,images/museum/_fallback_001.jpg,pexels_category
way/266934254,Neue Galerie New York,Museum,museum,40.7812191,-73.9602374,Mo-Su 11:00-18:00; Tu off; Fr[1] 11:00-20:00,osm,2,4.2,1772.0,236.0,120,images/museum/_fallback_002.jpg,pexels_category
way/278346578,MoMA,Museum,museum,40.761612,-73.9775451,Mo-Su 10:30-17:30; Sa 10:30-19:00; Dec 25 off; Nov Th[4] off,osm,2,4.2,4953.0,161.0,120,images/museum/_fallback_003.jpg,pexels_category
way/1442850427,Fort Washington Avenue,Landmark,memorial,40.8421356,-73.9422927,24/7,default,0,4.3,95.0,244.0,30,images/landmark/fort-washington-avenue.jpg,pexels_name
way/1452415234,West 173rd Street,Landmark,memorial,40.8458392,-73.9416232,24/7,default,0,4.4,1168.0,244.0,30,images/landmark/west-173rd-street.jpg,pexels_name
way/1452454292,West 155th Street,Landmark,memorial,40.8282124,-73.9350329,24/7,default,0,4.1,732.0,42.0,30,images/landmark/west-155th-street.jpg,pexels_name
way/1452145328,West 159th Street,Landmark,memorial,40.834276,-73.9415139,24/7,default,0,4.5,2134.0,244.0,30,images/landmark/west-159th-street.jpg,pexels_name
way/1442853477,West 161st Street,Landmark,memorial,40.8375783,-73.945489,24/7,default,0,3.8,1384.0,244.0,30,images/landmark/west-161st-street.jpg,pexels_name
way/1442856572,West 184th Street,Landmark,memorial,40.8508001,-73.9317334,24/7,default,0,3.7,331.0,243.0,30,images/landmark/west-184th-street.jpg,pexels_name
way/1450119818,West 183rd Street,Landmark,memorial,40.8496102,-73.9307252,24/7,default,0,3.8,1993.0,243.0,30,images/landmark/west-183rd-street.jpg,pexels_name
way/1452119842,Cabrini Boulevard,Landmark,memorial,40.8550877,-73.9383265,24/7,default,0,4.5,1507.0,243.0,30,images/landmark/cabrini-boulevard.jpg,pexels_name
way/1452124855,West 180th Street,Landmark,memorial,40.848868,-73.934813,24/7,default,0,4.4,1511.0,243.0,30,images/landmark/west-180th-street.jpg,pexels_name
way/1452129970,West 174th Street,Landmark,memorial,40.845399,-73.9385554,24/7,default,0,3.8,1412.0,244.0,30,images/landmark/west-174th-street.jpg,pexels_name
way/1452133605,Vermilyea Avenue,Landmark,memorial,40.8649569,-73.9255134,24/7,default,0,4.4,1828.0,127.0,30,images/landmark/vermilyea-avenue.jpg,pexels_name
way/1452137222,West 160th Street,Landmark,memorial,40.8344915,-73.940045,24/7,default,0,4.6,1762.0,244.0,30,images/landmark/west-160th-street.jpg,pexels_name
way/1452137604,West 165th Street,Landmark,memorial,40.8387044,-73.9396012,24/7,default,0,4.2,2354.0,244.0,30,images/landmark/west-165th-street.jpg,pexels_name
way/1452139902,West 168th Street,Landmark,memorial,40.8416382,-73.9410747,24/7,default,0,4.1,493.0,244.0,30,images/landmark/west-168th-street.jpg,pexels_name
way/1452142353,West 169th Street,Landmark,memorial,40.8428205,-73.9420152,24/7,default,0,4.0,551.0,244.0,30,images/landmark/west-169th-street.jpg,pexels_name
way/1452144343,West 166th Street,Landmark,memorial,40.8394329,-73.9395608,24/7,default,0,3.8,890.0,244.0,30,images/landmark/west-166th-street.jpg,pexels_name
way/288749896,Whitney Museum of American Art,Museum,museum,40.739633,-74.0089385,Mo-Su 10:30-18:00; Tu off; Fr 10:30-22:00,osm,2,4.3,1040.0,158.0,120,images/museum/whitney-museum-of-american-art.jpg,pexels_name
way/5671645,Sickles Street,Landmark,memorial,40.861645,-73.9279607,24/7,default,0,3.5,543.0,243.0,30,images/landmark/sickles-street.jpg,pexels_name
way/5672053,West 162nd Street,Landmark,memorial,40.8352794,-73.9386645,24/7,default,0,3.8,471.0,244.0,30,images/landmark/west-162nd-street.jpg,pexels_name
way/60813032,Riverside Drive,Landmark,memorial,40.8343027,-73.9489971,24/7,default,0,4.0,201.0,244.0,30,images/landmark/riverside-drive.jpg,pexels_name
way/129835611,National September 11 Memorial & Museum,Landmark,memorial,40.7115548,-74.0131702,24/7,default,2,4.4,371.0,261.0,30,images/landmark/national-september-11-memorial-museum.jpg,pexels_name
way/165453010,Riverside Drive West,Landmark,memorial,40.835392,-73.948834,24/7,default,0,4.1,1248.0,244.0,30,images/landmark/riverside-drive-west.jpg,pexels_name
way/628329219,Marble Collegiate Church,Culture,place_of_worship,40.7456801,-73.9871407,Mo-Su 08:00-20:00,default,0,4.5,367.0,164.0,45,images/culture/marble-collegiate-church.jpg,pexels_name
way/954178927,Church of the Ascension,Culture,place_of_worship,40.8018658,-73.9663286,Mo-Su 08:00-20:00,default,0,4.3,934.0,24.0,45,images/culture/church-of-the-ascension.jpg,pexels_name
way/1026414196,Kingdom Hall of Jehovah’s Witnesses,Culture,place_of_worship,40.8241368,-73.9419098,Mo-Su 08:00-20:00,default,0,4.5,716.0,42.0,45,images/culture/kingdom-hall-of-jehovah-s-witnesses.jpg,pexels_name
way/576185021,Peter Stuyvesant,Landmark,memorial,40.7340256,-73.9842986,24/7,default,2,3.1,898.0,107.0,30,images/landmark/peter-stuyvesant.jpg,pexels_name
way/693648911,Haven Avenue,Landmark,memorial,40.8424641,-73.9427458,24/7,default,0,4.7,2097.0,244.0,30,images/landmark/haven-avenue.jpg,pexels_name
way/1233699772,Museum of Chinese in America,Museum,museum,40.7194554,-73.9991571,"Tu, We, Fr-Su 11:00-18:00; Th 11:00-21:00",osm,1,4.3,2341.0,144.0,120,images/museum/museum-of-chinese-in-america.jpg,pexels_name
way/705811842,Poster House,Museum,museum,40.7435904,-73.9933334,"We-Mo 11:00-18:00, Tu off",osm,2,4.1,1553.0,90.0,120,images/museum/poster-house.jpg,pexels_name
way/586476446,Madame Tussauds New York,Museum,museum,40.7562117,-73.9884505,"Mo-Fr 10:00-19:00; Sa,Su 10:00-21:00",osm,2,4.5,5239.0,100.0,120,images/museum/madame-tussauds-new-york.jpg,pexels_name
way/388436810,American Museum of Natural History,Museum,museum,40.7810986,-73.974211,Mo-Su 10:00-17:30,osm,2,4.3,1395.0,239.0,120,images/museum/american-museum-of-natural-history.jpg,pexels_name
way/551646028,West 157th Street,Landmark,memorial,40.8334531,-73.9433971,24/7,default,0,3.9,376.0,244.0,30,images/landmark/west-157th-street.jpg,pexels_name
way/471550476,New York City AIDS Memorial,Landmark,memorial,40.7374205,-74.0014114,24/7,default,0,3.9,888.0,249.0,30,images/landmark/new-york-city-aids-memorial.jpg,pexels_name
way/241051236,Franklin Delano Roosevelt,Landmark,memorial,40.7498375,-73.9612685,24/7,default,0,3.9,3196.0,202.0,30,images/landmark/franklin-delano-roosevelt.jpg,pexels_name
way/242514169,West 170th Street,Landmark,memorial,40.8429548,-73.9404595,24/7,default,0,4.2,1271.0,244.0,30,images/landmark/west-170th-street.jpg,pexels_name
way/278076368,100 Old Slip - New York City Police Museum,Landmark,memorial,40.7034935,-74.0081349,24/7,default,2,4.5,941.0,87.0,30,images/landmark/100-old-slip-new-york-city-police-museum.jpg,pexels_name
way/320784249,East Coast Memorial,Landmark,memorial,40.7020625,-74.0160101,24/7,default,2,4.4,424.0,12.0,30,images/landmark/east-coast-memorial.jpg,pexels_name
way/385307346,Kimlau War Memorial,Landmark,memorial,40.7134967,-73.9981305,24/7,default,0,3.5,1923.0,45.0,30,images/landmark/kimlau-war-memorial.jpg,pexels_name
way/271828025,Beulah Wesleyan Methodist Church,Culture,place_of_worship,40.8166054,-73.9441356,Mo-Su 08:00-20:00,default,0,4.3,388.0,42.0,45,images/culture/beulah-wesleyan-methodist-church.jpg,pexels_name
way/271827342,Saint Mark's Roman Catholic Church,Culture,place_of_worship,40.8158877,-73.9385355,Mo-Su 08:00-20:00,default,0,3.9,1968.0,42.0,45,images/culture/saint-mark-s-roman-catholic-church.jpg,pexels_name
way/271872131,Union Baptist Church,Culture,place_of_worship,40.8220909,-73.940895,Mo-Su 08:00-20:00,default,0,3.8,2977.0,42.0,45,images/culture/union-baptist-church.jpg,pexels_name
way/271824433,Saint Philip's Episcopal Church,Culture,place_of_worship,40.8147585,-73.945188,Mo-Su 08:00-20:00,default,0,3.9,1333.0,42.0,45,images/culture/saint-philip-s-episcopal-church.jpg,pexels_name
way/250268979,Bialystoker Synagogue,Culture,place_of_worship,40.7155623,-73.9833139,Mo-Su 08:00-20:00,default,0,4.1,1296.0,232.0,45,images/culture/bialystoker-synagogue.jpg,pexels_name
way/250269735,St. Veronica's Church,Culture,place_of_worship,40.7330046,-74.0080606,Mo-Su 08:00-20:00,default,0,4.0,702.0,158.0,45,images/culture/st-veronica-s-church.jpg,pexels_name
way/250474274,Saint John's Church,Culture,place_of_worship,40.7361591,-74.0020741,Mo-Su 08:00-20:00,default,0,4.3,833.0,249.0,45,images/culture/saint-john-s-church.jpg,pexels_name
way/250474275,Seventh-Day Adventist Church,Culture,place_of_worship,40.736068,-74.0027473,Mo-Su 08:00-20:00,default,0,4.3,972.0,249.0,45,images/culture/seventh-day-adventist-church.jpg,pexels_name
way/250268367,St. Mary's Church,Culture,place_of_worship,40.7158246,-73.9850677,Mo-Su 08:00-20:00,default,0,4.1,2634.0,232.0,45,images/culture/st-mary-s-church.jpg,pexels_name
way/250267959,Latin-American Pentecostal Church El Eden,Culture,place_of_worship,40.7169011,-73.9933645,Mo-Su 08:00-20:00,default,0,3.6,412.0,148.0,45,images/culture/latin-american-pentecostal-church-el-eden.jpg,pexels_name
way/250267940,Saint Barbara Greek Orthodox Church,Culture,place_of_worship,40.7151096,-73.9942104,Mo-Su 08:00-20:00,default,0,4.2,214.0,148.0,45,images/culture/saint-barbara-greek-orthodox-church.jpg,pexels_name
way/250265350,San Isidro Y San Leandro Church,Culture,place_of_worship,40.7217562,-73.9783385,Mo-Su 08:00-20:00,default,0,4.1,3022.0,4.0,45,images/culture/san-isidro-y-san-leandro-church.jpg,pexels_name
way/248772992,Church of the Most Holy Redeemer,Culture,place_of_worship,40.72362,-73.984244,Mo-Su 08:00-20:00,default,0,4.2,962.0,79.0,45,images/culture/church-of-the-most-holy-redeemer.jpg,pexels_name
way/248773775,SGI-USA New York Culture Centre,Culture,place_of_worship,40.7366055,-73.9923064,Mo-Su 08:00-20:00,default,0,3.8,488.0,234.0,45,images/culture/sgi-usa-new-york-culture-centre.jpg,pexels_name
way/248827145,The Remnant Presbyterian Church,Culture,place_of_worship,40.7421173,-73.9798795,Mo-Su 08:00-20:00,default,0,4.1,620.0,137.0,45,images/culture/the-remnant-presbyterian-church.jpg,pexels_name
way/248878189,Kingdom Hall of Jehovah's Wittnesses,Culture,place_of_worship,40.7935768,-73.9398624,Mo-Su 08:00-20:00,default,0,4.6,1249.0,74.0,45,images/culture/kingdom-hall-of-jehovah-s-wittnesses.jpg,pexels_name
way/249657719,Saint Mary's Church,Culture,place_of_worship,40.7329252,-73.9848555,Mo-Su 08:00-20:00,default,0,3.8,974.0,107.0,45,images/culture/saint-mary-s-church.jpg,pexels_name
way/249657860,The Father's Heart Ministry Center,Culture,place_of_worship,40.7278434,-73.9797717,Mo-Su 08:00-20:00,default,0,4.4,1991.0,79.0,45,images/culture/the-father-s-heart-ministry-center.jpg,pexels_name
way/249657991,Bible Crusaders Assemblies of God,Culture,place_of_worship,40.7287297,-73.9789977,Mo-Su 08:00-20:00,default,0,4.8,355.0,79.0,45,images/culture/bible-crusaders-assemblies-of-god.jpg,pexels_name
way/249663231,St. Anthony of Padua Church,Culture,place_of_worship,40.7272279,-74.0012988,Mo-Su 08:00-20:00,default,0,3.9,292.0,211.0,45,images/culture/st-anthony-of-padua-church.jpg,pexels_name
way/249664033,St. Joseph's Church,Culture,place_of_worship,40.7326141,-74.000709,Mo-Su 08:00-20:00,default,0,4.1,1161.0,249.0,45,images/culture/st-joseph-s-church.jpg,pexels_name
way/250474741,St. John’s Church,Culture,place_of_worship,40.7336993,-74.003597,Mo-Su 08:00-20:00,default,0,4.5,752.0,249.0,45,images/culture/st-john-s-church.jpg,pexels_name
way/249666372,Church of St. Luke in the Fields,Culture,place_of_worship,40.7324153,-74.0069879,Mo-Su 08:00-20:00,default,0,4.1,903.0,158.0,45,images/culture/church-of-st-luke-in-the-fields.jpg,pexels_name
way/249847594,Basilica of Saint Patrick's Old Cathedral - Most Precious Blood Catholic Church,Culture,place_of_worship,40.717775,-73.9988829,Mo-Su 08:00-20:00,default,0,3.9,4256.0,144.0,45,images/culture/basilica-of-saint-patrick-s-old-cathedral-most-precious-blood-catholic-church.jpg,pexels_name
way/249848313,Church of the Transfiguration,Culture,place_of_worship,40.7146196,-73.9990633,Mo-Su 08:00-20:00,default,0,3.6,927.0,45.0,45,images/culture/church-of-the-transfiguration.jpg,pexels_name
way/250072646,First Presbyterian Church,Culture,place_of_worship,40.7344856,-73.9952546,Mo-Su 08:00-20:00,default,0,4.1,2399.0,113.0,45,images/culture/first-presbyterian-church.jpg,pexels_name
way/250265127,Trinity Lower East Side,Culture,place_of_worship,40.7260167,-73.9801227,Mo-Su 08:00-20:00,default,0,3.4,2728.0,4.0,45,images/culture/trinity-lower-east-side.jpg,pexels_name
way/250265144,Saint Brigid Catholic Church,Culture,place_of_worship,40.7253865,-73.9806255,Mo-Su 08:00-20:00,default,0,3.7,646.0,4.0,45,images/culture/saint-brigid-catholic-church.jpg,pexels_name
way/250265262,Emmanuel Presbyterian Church,Culture,place_of_worship,40.7230639,-73.977699,Mo-Su 08:00-20:00,default,0,4.0,1281.0,4.0,45,images/culture/emmanuel-presbyterian-church.jpg,pexels_name
way/249842422,New York City Rescue Mission,Culture,place_of_worship,40.7175433,-74.0016136,Mo-Su 08:00-20:00,default,0,3.6,1157.0,231.0,45,images/culture/new-york-city-rescue-mission.jpg,pexels_name
way/248757361,Assafa Islamic Center,Culture,place_of_worship,40.72015,-73.9906749,Mo-Su 08:00-20:00,default,0,4.9,268.0,148.0,45,images/culture/assafa-islamic-center.jpg,pexels_name
way/250490660,Church of the Village,Culture,place_of_worship,40.7381575,-74.0003951,Mo-Su 08:00-20:00,default,0,4.3,471.0,249.0,45,images/culture/church-of-the-village.jpg,pexels_name
way/258744589,Saint Peter's Lutheran Church,Culture,place_of_worship,40.7586707,-73.9702663,Mo-Su 08:00-20:00,default,0,4.3,812.0,162.0,45,images/culture/saint-peter-s-lutheran-church.jpg,pexels_name
way/265149191,Fifth Avenue Presbyterian Church,Culture,place_of_worship,40.7620408,-73.9752456,Mo-Su 08:00-20:00,default,0,4.0,1181.0,161.0,45,images/culture/fifth-avenue-presbyterian-church.jpg,pexels_name
way/265151933,Saint George Greek Orthodox Church,Culture,place_of_worship,40.7652338,-73.9847302,Mo-Su 08:00-20:00,default,0,4.8,686.0,48.0,45,images/culture/saint-george-greek-orthodox-church.jpg,pexels_name
way/265258258,West Side Jewish Center,Culture,place_of_worship,40.7532149,-73.9951878,Mo-Su 08:00-20:00,default,0,3.9,1167.0,68.0,45,images/culture/west-side-jewish-center.jpg,pexels_name
way/265258280,St. Michael's Church,Culture,place_of_worship,40.7533491,-73.9973365,Mo-Su 08:00-20:00,default,0,4.7,1063.0,68.0,45,images/culture/st-michael-s-church.jpg,pexels_name
way/265261773,Sukyo Mahikari,Culture,place_of_worship,40.7445447,-73.981699,Mo-Su 08:00-20:00,default,0,4.1,799.0,170.0,45,images/culture/sukyo-mahikari.jpg,pexels_name
way/265261984,Armenian Evangelical Church,Culture,place_of_worship,40.7458103,-73.9790604,Mo-Su 08:00-20:00,default,0,3.8,1297.0,170.0,45,images/culture/armenian-evangelical-church.jpg,pexels_name
way/265273001,Metropolitan Community Church,Culture,place_of_worship,40.7553335,-73.997519,Mo-Su 08:00-20:00,default,0,4.5,557.0,68.0,45,images/culture/metropolitan-community-church.jpg,pexels_name
way/265299994,Church of Sts. Cyril & Methodius and St. Raphael,Culture,place_of_worship,40.7590174,-73.9967467,Mo-Su 08:00-20:00,default,0,4.0,989.0,246.0,45,images/culture/church-of-sts-cyril-methodius-and-st-raphael.jpg,pexels_name
way/265301753,Church of The Holy Innocents,Culture,place_of_worship,40.7521591,-73.9881088,Mo-Su 08:00-20:00,default,0,4.0,758.0,100.0,45,images/culture/church-of-the-holy-innocents.jpg,pexels_name
way/265318777,Saints Kyril & Metodi Cathedral,Culture,place_of_worship,40.7654398,-73.9941561,Mo-Su 08:00-20:00,default,0,4.9,656.0,50.0,45,images/culture/saints-kyril-metodi-cathedral.jpg,pexels_name
way/271825753,Mother African Methodist Episcopal Zion Church,Culture,place_of_worship,40.8159506,-73.9418218,Mo-Su 08:00-20:00,default,0,4.1,476.0,42.0,45,images/culture/mother-african-methodist-episcopal-zion-church.jpg,pexels_name
way/265322610,Congregation Ezrath Israel,Culture,place_of_worship,40.7613052,-73.9890378,Mo-Su 08:00-20:00,default,1,4.5,692.0,48.0,45,images/culture/congregation-ezrath-israel.jpg,pexels_name
way/265327696,Church of the Sacred Heart of Jesus,Culture,place_of_worship,40.7652276,-73.9903109,Mo-Su 08:00-20:00,default,0,4.0,2302.0,48.0,45,images/culture/church-of-the-sacred-heart-of-jesus.jpg,pexels_name
way/265329550,St. Benedict the Moor's Church,Culture,place_of_worship,40.7646292,-73.9863563,Mo-Su 08:00-20:00,default,0,4.7,494.0,48.0,45,images/culture/st-benedict-the-moor-s-church.jpg,pexels_name
way/265345717,Fifth Avenue Synagogue,Culture,place_of_worship,40.766043,-73.9707978,Mo-Su 08:00-20:00,default,0,3.5,1791.0,237.0,45,images/culture/fifth-avenue-synagogue.jpg,pexels_name
way/265345828,Christ Church,Culture,place_of_worship,40.7638882,-73.9696447,Mo-Su 08:00-20:00,default,0,4.0,1505.0,237.0,45,images/culture/christ-church.jpg,pexels_name
way/265353548,Trinity Presbyterian Church,Culture,place_of_worship,40.7681168,-73.9868596,Mo-Su 08:00-20:00,default,0,3.5,1633.0,48.0,45,images/culture/trinity-presbyterian-church.jpg,pexels_name
way/265353659,Church for All Nations,Culture,place_of_worship,40.7684898,-73.9863298,Mo-Su 08:00-20:00,default,0,3.8,1435.0,48.0,45,images/culture/church-for-all-nations.jpg,pexels_name
way/265147944,Calvary Baptist Church,Culture,place_of_worship,40.7651119,-73.9783705,Mo-Su 08:00-20:00,default,0,4.2,372.0,163.0,45,images/culture/calvary-baptist-church.jpg,pexels_name
way/265040072,First Moravian Church,Culture,place_of_worship,40.7438539,-73.9819014,Mo-Su 08:00-20:00,default,0,4.1,1385.0,170.0,45,images/culture/first-moravian-church.jpg,pexels_name
way/264763059,First Christian Church Of The Valley,Culture,place_of_worship,40.740453,-73.979856,Mo-Su 08:00-20:00,default,0,4.2,1276.0,137.0,45,images/culture/first-christian-church-of-the-valley.jpg,pexels_name
way/264620318,Bais Shlomo Zalman,Culture,place_of_worship,40.7167632,-73.9806217,Mo-Su 08:00-20:00,default,0,4.9,228.0,232.0,45,images/culture/bais-shlomo-zalman.jpg,pexels_name
way/264637734,Church of Saint Francis Xavier,Culture,place_of_worship,40.7380598,-73.9952895,Mo-Su 08:00-20:00,default,0,4.8,869.0,234.0,45,images/culture/church-of-saint-francis-xavier.jpg,pexels_name
way/264643155,Church of the Guardian Angel,Culture,place_of_worship,40.746674,-74.0053228,Mo-Su 08:00-20:00,default,0,3.9,275.0,246.0,45,images/culture/church-of-the-guardian-angel.jpg,pexels_name
way/264651587,St. Paul's Church,Culture,place_of_worship,40.7451531,-73.9996321,Mo-Su 08:00-20:00,default,0,4.1,1672.0,68.0,45,images/culture/st-paul-s-church.jpg,pexels_name
way/264662211,St. Columba Catholic Church,Culture,place_of_worship,40.7474314,-73.9989909,Mo-Su 08:00-20:00,default,0,4.2,2679.0,68.0,45,images/culture/st-columba-catholic-church.jpg,pexels_name
way/264662215,Manor Community Church,Culture,place_of_worship,40.7478071,-73.999128,Mo-Su 08:00-20:00,default,0,3.7,792.0,68.0,45,images/culture/manor-community-church.jpg,pexels_name
way/264669366,Saint Eleftherios Greek Orthodox Church,Culture,place_of_worship,40.7471254,-74.0001506,Mo-Su 08:00-20:00,default,0,3.8,1070.0,68.0,45,images/culture/saint-eleftherios-greek-orthodox-church.jpg,pexels_name
way/250490950,Church of Our Lady of Guadalupe and St. Bernard,Culture,place_of_worship,40.7401316,-74.0042524,Mo-Su 08:00-20:00,default,0,4.5,571.0,249.0,45,images/culture/church-of-our-lady-of-guadalupe-and-st-bernard.jpg,pexels_name
way/264671930,Church of the Holy Apostles,Culture,place_of_worship,40.749225,-73.9987868,Mo-Su 08:00-20:00,default,0,3.3,938.0,68.0,45,images/culture/church-of-the-holy-apostles.jpg,pexels_name
way/264685193,Church of Saint Francis of Assisi,Culture,place_of_worship,40.7488291,-73.9905283,Mo-Su 08:00-20:00,default,0,4.4,1105.0,186.0,45,images/culture/church-of-saint-francis-of-assisi.jpg,pexels_name
way/264751871,Fifteenth Street Meeting House,Culture,place_of_worship,40.7338199,-73.9851963,Mo-Su 08:00-20:00,default,0,4.6,339.0,107.0,45,images/culture/fifteenth-street-meeting-house.jpg,pexels_name
way/264752147,St. George's Church,Culture,place_of_worship,40.7343734,-73.9849702,Mo-Su 08:00-20:00,default,0,4.4,2076.0,107.0,45,images/culture/st-george-s-church.jpg,pexels_name
way/264753471,St. John the Baptist,Culture,place_of_worship,40.7355957,-73.9861696,Mo-Su 08:00-20:00,default,0,3.6,1033.0,107.0,45,images/culture/st-john-the-baptist.jpg,pexels_name
way/264753502,The Brotherhood Synagogue,Culture,place_of_worship,40.7370468,-73.9853824,Mo-Su 08:00-20:00,default,0,4.0,749.0,107.0,45,images/culture/the-brotherhood-synagogue.jpg,pexels_name
way/264755314,Calvary Church,Culture,place_of_worship,40.7389284,-73.9867599,Mo-Su 08:00-20:00,default,2,4.3,541.0,107.0,45,images/culture/calvary-church.jpg,pexels_name
way/264757769,Gustavus Adolphus Church,Culture,place_of_worship,40.7385811,-73.9840393,Mo-Su 08:00-20:00,default,0,4.0,822.0,107.0,45,images/culture/gustavus-adolphus-church.jpg,pexels_name
way/264758450,Church of the Epiphany,Culture,place_of_worship,40.7371137,-73.9820117,Mo-Su 08:00-20:00,default,0,3.8,335.0,107.0,45,images/culture/church-of-the-epiphany.jpg,pexels_name
way/264763009,St. Illuminator,Culture,place_of_worship,40.7410814,-73.9801222,Mo-Su 08:00-20:00,default,0,4.4,319.0,137.0,45,images/culture/st-illuminator.jpg,pexels_name
way/264678414,Church of St. John the Baptist,Culture,place_of_worship,40.7489833,-73.9928442,Mo-Su 08:00-20:00,default,0,4.4,1158.0,186.0,45,images/culture/church-of-st-john-the-baptist.jpg,pexels_name
way/265355138,Church of Saint Paul the Apostle,Landmark,place_of_worship,40.7698882,-73.9851415,24/7,default,0,3.4,581.0,142.0,30,images/landmark/church-of-saint-paul-the-apostle.jpg,pexels_name
way/248757280,Church of Grace to Fujianese,Culture,place_of_worship,40.7202219,-73.9902958,Mo-Su 08:00-20:00,default,0,4.6,364.0,148.0,45,images/culture/church-of-grace-to-fujianese.jpg,pexels_name
way/248163424,Tenth Church of Christ Scientist,Culture,place_of_worship,40.7326928,-73.9985382,Mo-Su 08:00-20:00,default,0,4.0,1157.0,113.0,45,images/culture/tenth-church-of-christ-scientist.jpg,pexels_name
way/1272374292,Frank White Memorial Garden,Park,garden,40.8242562,-73.9498842,24/7,default,0,4.7,2862.0,116.0,60,images/park/frank-white-memorial-garden.jpg,pexels_name
way/1279786549,Maggie's Garden,Park,garden,40.8285529,-73.9481274,24/7,default,0,4.3,10920.0,116.0,60,images/park/maggie-s-garden.jpg,pexels_name
way/1294627417,11 BC Serenity Garden,Park,garden,40.7268204,-73.9784559,Apr-Oct: Sa-Su 11:00-16:00,osm,0,5.0,7658.0,4.0,60,images/park/11-bc-serenity-garden.jpg,pexels_name
way/1298851327,La Perla Garden,Park,garden,40.7982215,-73.9631431,24/7,default,0,4.5,1833.0,151.0,60,images/park/la-perla-garden.jpg,pexels_name
way/1304338829,Center Garden (Italian),Park,garden,40.7937344,-73.9524353,24/7,default,0,4.3,5316.0,43.0,60,images/park/center-garden-italian.jpg,pexels_name
way/1304338830,North Garden (French),Park,garden,40.7942013,-73.9521002,24/7,default,0,4.6,10740.0,43.0,60,images/park/north-garden-french.jpg,pexels_name
way/1304338831,South Garden (English),Park,garden,40.7932586,-73.9526795,24/7,default,0,4.7,1051.0,43.0,60,images/park/south-garden-english.jpg,pexels_name
way/1309062318,Lobby Garden,Park,garden,40.755933,-73.9897204,24/7,default,0,4.8,1575.0,100.0,60,images/park/lobby-garden.jpg,pexels_name
way/1395776669,La Casita Community Garden,Park,garden,40.7996674,-73.9374848,24/7,default,0,4.7,4903.0,74.0,60,images/park/la-casita-community-garden.jpg,pexels_name
way/1410368742,Down to Earth Garden,Park,garden,40.7280955,-73.9792509,24/7,default,0,4.8,2136.0,79.0,60,images/park/down-to-earth-garden.jpg,pexels_name
way/385442738,Hallett Nature Sanctuary,Park,nature_reserve,40.7665785,-73.9749062,24/7,default,0,4.6,13361.0,43.0,60,images/park/hallett-nature-sanctuary.jpg,pexels_name
way/1257264046,Lotus Garden,Park,garden,40.7954354,-73.9721072,24/7,default,0,4.2,2567.0,238.0,60,images/park/lotus-garden.jpg,pexels_name
way/1237389108,Yoya's Park,Park,garden,40.7213114,-74.0050835,24/7,default,0,4.7,6903.0,231.0,60,images/park/yoya-s-park.jpg,pexels_name
way/1234755455,Pollinator Meadow,Park,garden,40.8129668,-73.9649045,24/7,default,0,4.4,3305.0,166.0,60,images/park/pollinator-meadow.jpg,pexels_name
way/1081582610,Le Petit Versailles,Park,garden,40.7211386,-73.9817823,24/7,default,0,4.0,2630.0,4.0,60,images/park/le-petit-versailles.jpg,pexels_name
way/1096162155,Brisas del Caribe,Park,garden,40.7222743,-73.9814813,Tu-Th 09:00-15:00,osm,0,4.8,5545.0,4.0,60,images/park/brisas-del-caribe.jpg,pexels_name
way/1096162156,The Humanitarians Garden,Park,garden,40.7225685,-73.9814119,24/7,default,0,4.7,3642.0,4.0,60,images/park/the-humanitarians-garden.jpg,pexels_name
way/1105883962,First Street Garden,Park,garden,40.7240098,-73.9896015,24/7,default,0,4.5,2063.0,79.0,60,images/park/first-street-garden.jpg,pexels_name
way/1105885308,Hope Garden,Park,garden,40.7221024,-73.98416,24/7,default,0,4.7,4901.0,79.0,60,images/park/hope-garden.jpg,pexels_name
way/1112132869,Gandhi Garden,Park,garden,40.7353926,-73.9914059,24/7,default,0,3.9,8418.0,234.0,60,images/park/gandhi-garden.jpg,pexels_name
way/1118444808,De Colores Community Yard & Cultural Center,Park,garden,40.7254559,-73.9797354,24/7,default,0,4.4,1755.0,4.0,60,images/park/de-colores-community-yard-cultural-center.jpg,pexels_name
way/1136811092,Casita Garden,Park,garden,40.7250578,-73.9787012,Mo-Fr 12:00-17:00,osm,0,4.7,1173.0,4.0,60,images/park/casita-garden.jpg,pexels_name
way/1136814823,Lower East Side Ecology Center Garden,Park,garden,40.7246419,-73.9796469,24/7,default,0,4.9,4313.0,4.0,60,images/park/lower-east-side-ecology-center-garden.jpg,pexels_name
way/1188140023,Robert Wagner Greenstreet,Park,garden,40.7098548,-74.0008322,24/7,default,0,4.0,8524.0,45.0,60,images/park/robert-wagner-greenstreet.jpg,pexels_name
way/1188951921,Asser Levy Sidewalk Arboretum,Park,garden,40.7359948,-73.9758914,24/7,default,0,4.3,11938.0,137.0,60,images/park/asser-levy-sidewalk-arboretum.jpg,pexels_name
way/1228475064,Wedding Garden,Park,garden,40.7147796,-74.0020281,24/7,default,0,4.5,2257.0,45.0,60,images/park/wedding-garden.jpg,pexels_name
way/1136811093,Earth People Garden,Park,garden,40.7251497,-73.9789253,24/7,default,0,4.5,5228.0,4.0,60,images/park/earth-people-garden.jpg,pexels_name
way/248166298,Judson Memorial Church,Culture,place_of_worship,40.7301922,-73.9984067,Mo-Fr 10:30-18:00,osm,0,4.6,2548.0,114.0,45,images/culture/judson-memorial-church.jpg,pexels_name
way/247841479,Orthodox Cathedral of the Holy Virgin Protection,Culture,place_of_worship,40.7242999,-73.9895032,Mo-Su 08:00-20:00,default,0,4.5,1831.0,79.0,45,images/culture/orthodox-cathedral-of-the-holy-virgin-protection.jpg,pexels_name
way/247845662,Saint Michael's Church,Culture,place_of_worship,40.7239541,-73.9952219,Mo-Su 08:00-20:00,default,0,3.6,380.0,144.0,45,images/culture/saint-michael-s-church.jpg,pexels_name
way/247845702,Saint Patrick's Old Cathedral,Culture,place_of_worship,40.723587,-73.995193,Mo-Su 08:00-20:00,default,0,3.7,475.0,144.0,45,images/culture/saint-patrick-s-old-cathedral.jpg,pexels_name
way/247852490,Slavic Evangelical Christian Church,Culture,place_of_worship,40.7304843,-73.9835832,Mo-Su 08:00-20:00,default,0,4.2,250.0,79.0,45,images/culture/slavic-evangelical-christian-church.jpg,pexels_name
way/247862758,Conservative Synagogue of 5th Avenue,Culture,place_of_worship,40.7340399,-73.9942771,Mo-Su 08:00-20:00,default,0,3.9,358.0,113.0,45,images/culture/conservative-synagogue-of-5th-avenue.jpg,pexels_name
way/247864208,Tifereth Israel Synagogue,Culture,place_of_worship,40.7314974,-73.9836787,Mo-Su 08:00-20:00,default,0,4.3,845.0,79.0,45,images/culture/tifereth-israel-synagogue.jpg,pexels_name
way/247864215,Immaculate Conception Catholic Church,Culture,place_of_worship,40.7308022,-73.9822534,Mo-Su 08:00-20:00,default,0,3.9,921.0,79.0,45,images/culture/immaculate-conception-catholic-church.jpg,pexels_name
way/247866912,San Lorenzo Ruiz Chapel,Culture,place_of_worship,40.7205517,-73.9963025,Mo-Su 08:00-20:00,default,0,4.0,643.0,144.0,45,images/culture/san-lorenzo-ruiz-chapel.jpg,pexels_name
way/248142618,St Stanislaus Bishop & Martyr Church,Culture,place_of_worship,40.7267921,-73.9846786,Mo-Su 08:00-20:00,default,0,3.7,1553.0,79.0,45,images/culture/st-stanislaus-bishop-martyr-church.jpg,pexels_name
way/248142621,St. Stanislaus Roman Catholic Church,Culture,place_of_worship,40.726702,-73.9846106,Mo-Su 08:00-20:00,default,0,4.5,319.0,79.0,45,images/culture/st-stanislaus-roman-catholic-church.jpg,pexels_name
way/248142953,St. Nicholas of Myra Orthodox Church,Culture,place_of_worship,40.7278285,-73.982622,Mo-Su 08:00-20:00,default,0,4.5,2737.0,79.0,45,images/culture/st-nicholas-of-myra-orthodox-church.jpg,pexels_name
way/248143101,Congregation Talmud Torah Adereth El,Culture,place_of_worship,40.743223,-73.9813164,Mo-Su 08:00-20:00,default,0,3.8,383.0,170.0,45,images/culture/congregation-talmud-torah-adereth-el.jpg,pexels_name
way/248143159,Episcopal Church of the Good Shepherd,Culture,place_of_worship,40.7429853,-73.9781055,Mo-Su 08:00-20:00,default,0,4.6,994.0,137.0,45,images/culture/episcopal-church-of-the-good-shepherd.jpg,pexels_name
way/241844953,All Saints Ukrainian Orthodox Church,Culture,place_of_worship,40.7308964,-73.9881101,Mo-Su 08:00-20:00,default,0,4.3,276.0,79.0,45,images/culture/all-saints-ukrainian-orthodox-church.jpg,pexels_name
way/241844932,Saint Mark's in-the-Bowery,Culture,place_of_worship,40.7303555,-73.9870882,Mo-Su 08:00-20:00,default,0,4.6,2039.0,79.0,45,images/culture/saint-mark-s-in-the-bowery.jpg,pexels_name
way/147472865,DeWitt Reformed Church,Culture,place_of_worship,40.7176221,-73.9795264,Mo-Su 08:00-20:00,default,0,3.7,1389.0,232.0,45,images/culture/dewitt-reformed-church.jpg,pexels_name
way/160947235,Grace Church,Culture,place_of_worship,40.7319828,-73.9909081,Mo-Su 08:00-20:00,default,0,4.0,987.0,113.0,45,images/culture/grace-church.jpg,pexels_name
way/241833325,Cornerstone First Ukrainian Assembly of God,Culture,place_of_worship,40.7289326,-73.9899949,Mo-Su 08:00-20:00,default,0,4.2,451.0,79.0,45,images/culture/cornerstone-first-ukrainian-assembly-of-god.jpg,pexels_name
way/160143935,Manhattan New York Temple,Culture,place_of_worship,40.7731124,-73.9815441,Mo-Su 08:00-20:00,default,0,4.0,968.0,142.0,45,images/culture/manhattan-new-york-temple.jpg,pexels_name
way/265419172,Church of Our Saviour,Culture,place_of_worship,40.7492341,-73.979234,Mo-Su 08:00-20:00,default,0,4.4,1167.0,170.0,45,images/culture/church-of-our-saviour.jpg,pexels_name
way/265320987,Saint Clement's Church,Culture,place_of_worship,40.7615725,-73.9915711,Mo-Su 08:00-20:00,default,0,4.2,1449.0,48.0,45,images/culture/saint-clement-s-church.jpg,pexels_name
way/265438037,Or Olam,Culture,place_of_worship,40.7576087,-73.9658063,Mo-Su 08:00-20:00,default,0,4.4,297.0,229.0,45,images/culture/or-olam.jpg,pexels_name
way/109269254,Columbus Circle,Landmark,attraction,40.7680767,-73.9818944,24/7,default,0,4.4,2033.0,142.0,30,images/landmark/columbus-circle.jpg,pexels_name
way/75363809,Woolworth Building,Landmark,attraction,40.7124541,-74.0083342,24/7,default,0,4.4,845.0,231.0,30,images/landmark/woolworth-building.jpg,pexels_name
way/48869328,United Nations Headquarters,Landmark,attraction,40.7496007,-73.9675511,24/7,default,2,3.8,331.0,233.0,30,images/landmark/united-nations-headquarters.jpg,pexels_name
way/47091894,Fort Clinton,Landmark,attraction,40.7952855,-73.9521501,24/7,default,0,4.2,1781.0,43.0,30,images/landmark/fort-clinton.jpg,pexels_name
way/39243913,Blockhouse No. 1,Landmark,attraction,40.7986699,-73.9562876,24/7,default,0,4.0,3198.0,43.0,30,images/landmark/blockhouse-no-1.jpg,pexels_name
way/34633854,Empire State Building,Landmark,attraction,40.748442,-73.9856589,Mo-Su 08:00-02:00,osm,2,3.6,1740.0,164.0,30,images/landmark/empire-state-building.jpg,pexels_name
way/22727025,Bryant Park,Park,attraction,40.7537508,-73.9835384,Mo-Su 07:00-23:00,osm,2,4.3,13849.0,164.0,60,images/park/bryant-park.jpg,pexels_name
way/5672001,Gay Street,Landmark,attraction,40.7336111,-74.000518,24/7,default,0,3.9,1989.0,249.0,30,images/landmark/gay-street.jpg,pexels_name
way/270730721,Congregation Rodeph Sholom,Culture,place_of_worship,40.7838978,-73.9714958,Mo-Su 08:00-20:00,default,2,4.1,771.0,239.0,45,images/culture/congregation-rodeph-sholom.jpg,pexels_name
way/270730782,The Church of St. Matthew & St. Timothy,Culture,place_of_worship,40.7842837,-73.971715,Mo-Fr 09:00-17:00; Sa 09:00-16:00; Su 09:00-15:00,osm,0,4.2,172.0,239.0,45,images/culture/the-church-of-st-matthew-st-timothy.jpg,pexels_name
way/270859739,The Jewish Center,Culture,place_of_worship,40.7872424,-73.9732386,Mo-Su 08:00-20:00,default,0,4.2,460.0,238.0,45,images/culture/the-jewish-center.jpg,pexels_name
way/270859755,West Park Presbyterian Church,Culture,place_of_worship,40.7877451,-73.9744944,Mo-Su 08:00-20:00,default,0,4.0,2538.0,238.0,45,images/culture/west-park-presbyterian-church.jpg,pexels_name
way/270860860,St. Dumitru Romanian Orthodox Church,Culture,place_of_worship,40.7877654,-73.9697417,Mo-Su 08:00-20:00,default,0,3.8,1533.0,238.0,45,images/culture/st-dumitru-romanian-orthodox-church.jpg,pexels_name
way/270889024,Central Baptist Church,Culture,place_of_worship,40.7911768,-73.9720084,Mo-Su 08:00-20:00,default,0,4.1,639.0,238.0,45,images/culture/central-baptist-church.jpg,pexels_name
way/270894412,Ohab Zedek,Culture,place_of_worship,40.7923658,-73.9690185,Mo-Su 08:00-20:00,default,0,4.5,1050.0,238.0,45,images/culture/ohab-zedek.jpg,pexels_name
way/270896906,Crenshaw Christian Center East,Culture,place_of_worship,40.7920644,-73.9648907,Mo-Su 08:00-20:00,default,0,4.4,1735.0,238.0,45,images/culture/crenshaw-christian-center-east.jpg,pexels_name
way/270898172,Congregation Kehillath Jacob,Culture,place_of_worship,40.7847718,-73.9814338,Mo-Su 08:00-20:00,default,0,4.1,490.0,239.0,45,images/culture/congregation-kehillath-jacob.jpg,pexels_name
way/269318057,All Angels Church,Culture,place_of_worship,40.7849516,-73.9799971,Mo-Su 08:00-20:00,default,0,3.8,413.0,239.0,45,images/culture/all-angels-church.jpg,pexels_name
way/161605042,New York City Police Memorial,Landmark,attraction,40.7119833,-74.0167253,24/7,default,2,5.0,2706.0,13.0,30,images/landmark/new-york-city-police-memorial.jpg,pexels_name
way/162776008,McGraw-Hill Waterfall Tunnel,Landmark,attraction,40.7603702,-73.9824692,24/7,default,2,3.6,347.0,230.0,30,images/landmark/mcgraw-hill-waterfall-tunnel.jpg,pexels_name
way/265419755,Church of the Incarnation,Culture,place_of_worship,40.7484412,-73.981969,Mo-Su 08:00-20:00,default,0,4.2,135.0,170.0,45,images/culture/church-of-the-incarnation.jpg,pexels_name
way/278353405,Circle Line,Landmark,attraction,40.7627645,-74.0015078,24/7,default,0,4.0,506.0,50.0,30,images/landmark/circle-line.jpg,pexels_name
way/278053530,New York Stock Exchange,Landmark,attraction,40.7070248,-74.0112103,24/7,default,1,4.2,10893.0,87.0,30,images/landmark/new-york-stock-exchange.jpg,pexels_name
way/271827575,Abyssinian Baptist Church,Landmark,attraction,40.8166419,-73.9414779,24/7,default,0,4.2,778.0,42.0,30,images/landmark/abyssinian-baptist-church.jpg,pexels_name
way/266774911,Times Square Ball,Landmark,attraction,40.756132,-73.9865766,24/7,default,0,4.5,1471.0,230.0,30,images/landmark/times-square-ball.jpg,pexels_name
way/266010379,Saint Patrick’s Cathedral,Landmark,attraction,40.7585895,-73.9762957,24/7,default,0,4.3,1624.0,161.0,30,images/landmark/saint-patrick-s-cathedral.jpg,pexels_name
way/265947358,Grand Central Terminal,Landmark,attraction,40.7526483,-73.9772748,Mo-Su 05:30-02:00,osm,2,4.9,404.0,162.0,30,images/landmark/grand-central-terminal.jpg,pexels_name
way/265302076,Stephen A. Schwarzman Building,Landmark,attraction,40.7532182,-73.9822454,"Mo,Th-Sa 10:00-18:00; Tu-We 08:00-20:00",osm,2,4.3,476.0,164.0,30,images/landmark/stephen-a-schwarzman-building.jpg,pexels_name
way/264768896,Flatiron Building,Landmark,attraction,40.74103,-73.9896864,24/7,default,0,4.3,479.0,234.0,30,images/landmark/flatiron-building.jpg,pexels_name
way/250052723,FDNY Ladder 8,Landmark,attraction,40.7195568,-74.0066188,24/7,default,0,3.6,1044.0,231.0,30,images/landmark/fdny-ladder-8.jpg,pexels_name
way/248166269,Washington Square Arch,Landmark,attraction,40.7312347,-73.9971025,24/7,default,0,3.8,365.0,114.0,30,images/landmark/washington-square-arch.jpg,pexels_name
way/179685272,Cleopatra's Needle,Landmark,attraction,40.7796359,-73.9653965,24/7,default,2,4.5,5316.0,43.0,30,images/landmark/cleopatra-s-needle.jpg,pexels_name
way/270901661,Holy Trinity Catholic Church,Culture,place_of_worship,40.7855721,-73.9773752,Mo-Su 08:00-20:00,default,0,4.9,1092.0,239.0,45,images/culture/holy-trinity-catholic-church.jpg,pexels_name
way/387380393,Nutter's Battery,Landmark,attraction,40.7965408,-73.9528509,24/7,default,0,3.8,1533.0,43.0,30,images/landmark/nutter-s-battery.jpg,pexels_name
way/270948782,Church of St. Paul and St. Andrew,Culture,place_of_worship,40.7889381,-73.9772847,Mo-Su 08:00-20:00,default,2,3.3,802.0,238.0,45,images/culture/church-of-st-paul-and-st-andrew.jpg,pexels_name
way/270948862,Saint Ignatius of Antioch Church,Culture,place_of_worship,40.7892773,-73.9771644,Mo-Su 08:00-20:00,default,0,4.3,1675.0,238.0,45,images/culture/saint-ignatius-of-antioch-church.jpg,pexels_name
way/271290369,Masjid Malcolm Shabazz,Culture,place_of_worship,40.8019891,-73.9501962,Mo-Su 08:00-20:00,default,0,3.8,856.0,41.0,45,images/culture/masjid-malcolm-shabazz.jpg,pexels_name
way/271291969,Saint Thomas the Apostle Roman Catholic Church (historical),Culture,place_of_worship,40.8049223,-73.9532922,Mo-Su 08:00-20:00,default,0,3.9,981.0,41.0,45,images/culture/saint-thomas-the-apostle-roman-catholic-church-historical.jpg,pexels_name
way/271602933,La Casa Del Alfarero,Culture,place_of_worship,40.801096,-73.9371494,Mo-Su 08:00-20:00,default,0,3.9,577.0,74.0,45,images/culture/la-casa-del-alfarero.jpg,pexels_name
way/271606954,Elmendorf Reformed Church,Culture,place_of_worship,40.8016583,-73.9382543,Mo-Su 08:00-20:00,default,0,3.9,1346.0,74.0,45,images/culture/elmendorf-reformed-church.jpg,pexels_name
way/271630003,Mount Olivet Baptist Church,Culture,place_of_worship,40.8049453,-73.9480698,Mo-Su 08:00-20:00,default,0,4.5,663.0,41.0,45,images/culture/mount-olivet-baptist-church.jpg,pexels_name
way/271631722,Ebenezer Gospel Tabernacle,Culture,place_of_worship,40.8054989,-73.947626,Mo-Su 08:00-20:00,default,0,4.2,251.0,41.0,45,images/culture/ebenezer-gospel-tabernacle.jpg,pexels_name
way/271631829,Saint Martin's Episcopal Church,Culture,place_of_worship,40.8054746,-73.946589,Mo-Su 08:00-20:00,default,0,4.1,768.0,41.0,45,images/culture/saint-martin-s-episcopal-church.jpg,pexels_name
way/271631835,Bethelite Community Baptist Church,Culture,place_of_worship,40.8061633,-73.9462676,Mo-Su 08:00-20:00,default,0,5.0,328.0,41.0,45,images/culture/bethelite-community-baptist-church.jpg,pexels_name
way/271277517,Church of the Good Neighbor,Culture,place_of_worship,40.7927946,-73.9468708,Mo-Su 08:00-20:00,default,0,4.7,1775.0,75.0,45,images/culture/church-of-the-good-neighbor.jpg,pexels_name
way/271798855,Greater Refuge Temple,Culture,place_of_worship,40.8083086,-73.9482455,Mo-Su 08:00-20:00,default,0,4.3,3266.0,41.0,45,images/culture/greater-refuge-temple.jpg,pexels_name
way/271803302,Church of the Master,Culture,place_of_worship,40.8089858,-73.9553527,Mo-Su 08:00-20:00,default,0,4.3,1092.0,41.0,45,images/culture/church-of-the-master.jpg,pexels_name
way/271803329,Eglise Adventiste du 7eme jour,Culture,place_of_worship,40.8071884,-73.9545987,Mo-Su 08:00-20:00,default,0,4.2,2129.0,41.0,45,images/culture/eglise-adventiste-du-7eme-jour.jpg,pexels_name
way/271807431,Pilgrim Cathedral,Culture,place_of_worship,40.8076303,-73.9424498,Mo-Su 08:00-20:00,default,0,4.6,484.0,42.0,45,images/culture/pilgrim-cathedral.jpg,pexels_name
way/271807938,Mount Moriah Baptist Church,Culture,place_of_worship,40.8075673,-73.9418524,Mo-Su 08:00-20:00,default,0,3.7,680.0,42.0,45,images/culture/mount-moriah-baptist-church.jpg,pexels_name
way/271811786,Metropolitan Baptist Church,Culture,place_of_worship,40.8109188,-73.9464102,Mo-Su 08:00-20:00,default,0,3.9,760.0,42.0,45,images/culture/metropolitan-baptist-church.jpg,pexels_name
way/271812767,Greater Zion Hill Baptist Church,Culture,place_of_worship,40.8114434,-73.950574,Mo-Su 08:00-20:00,default,0,4.6,554.0,42.0,45,images/culture/greater-zion-hill-baptist-church.jpg,pexels_name
way/271813664,Salem United Methodist Church,Culture,place_of_worship,40.8118927,-73.9467787,Mo-Su 08:00-20:00,default,0,4.2,838.0,42.0,45,images/culture/salem-united-methodist-church.jpg,pexels_name
way/271814751,Saint Aloysius Roman Catholic Church,Culture,place_of_worship,40.8139017,-73.9458669,Mo-Su 08:00-20:00,default,0,4.5,132.0,42.0,45,images/culture/saint-aloysius-roman-catholic-church.jpg,pexels_name
way/271822573,A.M.E. Metropolitan Church,Culture,place_of_worship,40.8135891,-73.9403917,Mo-Su 08:00-20:00,default,0,4.0,947.0,42.0,45,images/culture/a-m-e-metropolitan-church.jpg,pexels_name
way/271798859,Ephesus Seventh Day Adventist Church,Culture,place_of_worship,40.8068686,-73.9468014,Mo-Su 08:00-20:00,default,0,4.6,539.0,41.0,45,images/culture/ephesus-seventh-day-adventist-church.jpg,pexels_name
way/271225625,St. Cecilia's Church,Culture,place_of_worship,40.7922522,-73.94715,Mo-Su 08:00-20:00,default,0,3.5,1313.0,75.0,45,images/culture/st-cecilia-s-church.jpg,pexels_name
way/271224384,Church of the Living Hope,Culture,place_of_worship,40.7908257,-73.9465068,Mo-Su 08:00-20:00,default,0,4.0,308.0,75.0,45,images/culture/church-of-the-living-hope.jpg,pexels_name
way/271222230,Iglesia Pentecostal Macedonia,Culture,place_of_worship,40.78969,-73.9409605,Mo-Su 08:00-20:00,default,0,4.0,690.0,75.0,45,images/culture/iglesia-pentecostal-macedonia.jpg,pexels_name
way/270975141,Annunciation Greek Orthodox Church,Culture,place_of_worship,40.7920518,-73.9760257,Mo-Su 08:00-20:00,default,0,4.0,137.0,238.0,45,images/culture/annunciation-greek-orthodox-church.jpg,pexels_name
way/270977369,Advent Lutheran Church,Culture,place_of_worship,40.7926971,-73.9727002,Mo-Su 08:00-20:00,default,0,4.5,2218.0,238.0,45,images/culture/advent-lutheran-church.jpg,pexels_name
way/271003185,Holy Name of Jesus Catholic Church,Culture,place_of_worship,40.7944859,-73.9706391,Mo-Su 08:00-20:00,default,2,4.4,321.0,238.0,45,images/culture/holy-name-of-jesus-catholic-church.jpg,pexels_name
way/271157807,Trinity Lutheran Church of Manhattan,Culture,place_of_worship,40.796222,-73.968075,Mo-Su 08:00-20:00,default,0,4.1,795.0,151.0,45,images/culture/trinity-lutheran-church-of-manhattan.jpg,pexels_name
way/271172470,Jehovah's Witnesses West Manhattan Congregation,Culture,place_of_worship,40.7946985,-73.9628734,Mo-Su 08:00-20:00,default,0,4.4,1365.0,151.0,45,images/culture/jehovah-s-witnesses-west-manhattan-congregation.jpg,pexels_name
way/271176991,Anshe Chesed,Culture,place_of_worship,40.7978393,-73.9708428,Mo-Su 08:00-20:00,default,0,3.9,854.0,151.0,45,images/culture/anshe-chesed.jpg,pexels_name
way/271193399,Southern Baptist Church,Culture,place_of_worship,40.7995401,-73.9601233,Mo-Su 08:00-20:00,default,0,4.4,2563.0,24.0,45,images/culture/southern-baptist-church.jpg,pexels_name
way/271193902,Saint Gerasimos Greek Orthodox Church,Culture,place_of_worship,40.7995911,-73.9652018,Mo-Su 08:00-20:00,default,0,4.4,1503.0,151.0,45,images/culture/saint-gerasimos-greek-orthodox-church.jpg,pexels_name
way/271193903,West End Presbyterian Church,Culture,place_of_worship,40.7998263,-73.9657465,Mo-Su 08:00-20:00,default,0,4.2,2472.0,151.0,45,images/culture/west-end-presbyterian-church.jpg,pexels_name
way/271203193,Iglesia Pentecostal Juan 8:32,Culture,place_of_worship,40.8029884,-73.9652416,Mo-Su 08:00-20:00,default,0,4.3,401.0,24.0,45,images/culture/iglesia-pentecostal-juan-8-32.jpg,pexels_name
way/271203237,Congregation Ramath Orah,Culture,place_of_worship,40.8036501,-73.966094,Mo-Su 08:00-20:00,default,0,4.7,1398.0,24.0,45,images/culture/congregation-ramath-orah.jpg,pexels_name
way/271212662,East Ward Missionary Baptist Church,Culture,place_of_worship,40.7882003,-73.9415211,Mo-Su 08:00-20:00,default,0,4.0,545.0,75.0,45,images/culture/east-ward-missionary-baptist-church.jpg,pexels_name
way/271212705,St. Lucy's Church,Culture,place_of_worship,40.7884567,-73.9419527,Mo-Su 08:00-20:00,default,0,4.3,1158.0,75.0,45,images/culture/st-lucy-s-church.jpg,pexels_name
way/271219033,Segundia Iglesia Bautista Hispana,Culture,place_of_worship,40.7896533,-73.9474719,Mo-Su 08:00-20:00,default,0,4.3,1026.0,75.0,45,images/culture/segundia-iglesia-bautista-hispana.jpg,pexels_name
way/271219040,Living Grace Worship Center,Culture,place_of_worship,40.7900497,-73.9465601,Mo-Su 08:00-20:00,default,0,4.8,1885.0,75.0,45,images/culture/living-grace-worship-center.jpg,pexels_name
way/271219660,Iglesia Cristiana Spiritu Santo,Culture,place_of_worship,40.7906528,-73.9490468,Mo-Su 08:00-20:00,default,0,4.3,1698.0,75.0,45,images/culture/iglesia-cristiana-spiritu-santo.jpg,pexels_name
way/271219666,Iglesia Gethsemani Pentecosta,Culture,place_of_worship,40.7912137,-73.9484173,Mo-Su 08:00-20:00,default,0,3.8,1099.0,75.0,45,images/culture/iglesia-gethsemani-pentecosta.jpg,pexels_name
way/271219709,Bethany Christian Church,Culture,place_of_worship,40.790767,-73.9481706,Mo-Su 08:00-20:00,default,0,4.8,671.0,75.0,45,images/culture/bethany-christian-church.jpg,pexels_name
way/271219737,Saint George & Saint Demetrios Greek Orthodox Church,Culture,place_of_worship,40.7902776,-73.9480382,Mo-Su 08:00-20:00,default,0,3.9,474.0,75.0,45,images/culture/saint-george-saint-demetrios-greek-orthodox-church.jpg,pexels_name
way/270948789,Congregation B'nai Jeshurun,Culture,place_of_worship,40.7901028,-73.9761675,Mo-Su 08:00-20:00,default,0,3.8,427.0,238.0,45,images/culture/congregation-b-nai-jeshurun.jpg,pexels_name
way/387386578,Glen Span Arch,Landmark,attraction,40.7946779,-73.9591729,24/7,default,0,4.0,324.0,43.0,30,images/landmark/glen-span-arch.jpg,pexels_name
way/284880674,Blackwell House,Landmark,attraction,40.7603348,-73.9511335,24/7,default,0,4.1,2058.0,202.0,30,images/landmark/blackwell-house.jpg,pexels_name
way/580516390,Bow Bridge,Landmark,attraction,40.7757593,-73.971768,24/7,default,0,3.7,3371.0,43.0,30,images/landmark/bow-bridge.jpg,pexels_name
way/266874646,Jan Hus Church,Culture,place_of_worship,40.7695645,-73.9554953,Mo-Su 08:00-20:00,default,0,4.4,1824.0,141.0,45,images/culture/jan-hus-church.jpg,pexels_name
way/266879271,Park East Synagogue,Culture,place_of_worship,40.7669961,-73.9633664,Mo-Su 08:00-20:00,default,0,4.0,1584.0,237.0,45,images/culture/park-east-synagogue.jpg,pexels_name
way/266879939,St. Jean Baptiste Church,Culture,place_of_worship,40.7726132,-73.9600254,Mo-Su 08:00-20:00,default,0,3.8,1630.0,237.0,45,images/culture/st-jean-baptiste-church.jpg,pexels_name
way/266894275,Saint James Church,Culture,place_of_worship,40.7711245,-73.9653809,Mo-Su 08:00-20:00,default,0,4.3,1245.0,237.0,45,images/culture/saint-james-church.jpg,pexels_name
way/266894421,Temple Israel,Culture,place_of_worship,40.7725694,-73.9618479,Mo-Su 08:00-20:00,default,0,3.8,390.0,237.0,45,images/culture/temple-israel.jpg,pexels_name
way/266894428,Church of the Resurrection,Culture,place_of_worship,40.772251,-73.9619339,Mo-Su 08:00-20:00,default,0,4.4,374.0,237.0,45,images/culture/church-of-the-resurrection.jpg,pexels_name
way/266899967,Temple Shaaray Tefila,Culture,place_of_worship,40.7732323,-73.9555454,Mo-Su 08:00-20:00,default,0,4.4,267.0,141.0,45,images/culture/temple-shaaray-tefila.jpg,pexels_name
way/266900593,East Manhattan Congregation of Jehovah's Witnesses,Culture,place_of_worship,40.7719595,-73.9533645,Mo-Su 08:00-20:00,default,0,4.5,298.0,141.0,45,images/culture/east-manhattan-congregation-of-jehovah-s-witnesses.jpg,pexels_name
way/266874645,Cathedral of the Holy Trinity,Culture,place_of_worship,40.7698293,-73.95612,Mo-Su 08:00-20:00,default,0,4.4,1319.0,141.0,45,images/culture/cathedral-of-the-holy-trinity.jpg,pexels_name
way/266901356,The Yorkville Synagogue,Culture,place_of_worship,40.7717245,-73.9539068,Mo-Su 08:00-20:00,default,0,4.0,1274.0,141.0,45,images/culture/the-yorkville-synagogue.jpg,pexels_name
way/266904793,Saint Joseph's Church,Culture,place_of_worship,40.7770844,-73.9484111,Mo-Su 08:00-20:00,default,0,4.3,519.0,262.0,45,images/culture/saint-joseph-s-church.jpg,pexels_name
way/296038615,Harlem Fire Watchtower,Landmark,viewpoint,40.8041111,-73.9435894,24/7,default,0,3.7,208.0,74.0,30,images/landmark/harlem-fire-watchtower.jpg,pexels_name
way/546663191,Gapstow Bridge,Landmark,attraction,40.7669275,-73.9738307,24/7,default,0,4.2,285.0,43.0,30,images/landmark/gapstow-bridge.jpg,pexels_name
way/266909355,Hungarian Baptist Church,Culture,place_of_worship,40.7746452,-73.9555558,Mo-Su 08:00-20:00,default,0,4.2,647.0,263.0,45,images/culture/hungarian-baptist-church.jpg,pexels_name
way/266910327,Zion Saint Mark's Church,Culture,place_of_worship,40.7761161,-73.9510466,Mo-Su 08:00-20:00,default,0,4.4,628.0,263.0,45,images/culture/zion-saint-mark-s-church.jpg,pexels_name
way/266910535,Saint Elizabeth of Hungary Roman Catholic Church,Culture,place_of_worship,40.7767104,-73.9546204,Mo-Su 08:00-20:00,default,0,4.1,1436.0,263.0,45,images/culture/saint-elizabeth-of-hungary-roman-catholic-church.jpg,pexels_name
way/266915759,Our Lady of Good Counsel Church,Culture,place_of_worship,40.780644,-73.9509645,Mo-Su 08:00-20:00,default,0,4.3,1030.0,263.0,45,images/culture/our-lady-of-good-counsel-church.jpg,pexels_name
way/266902078,St. Monica Church,Culture,place_of_worship,40.7723534,-73.9518326,Mo-Su 08:00-20:00,default,0,4.4,234.0,262.0,45,images/culture/st-monica-church.jpg,pexels_name
way/266873609,Christ the Savior Orthodox Church,Culture,place_of_worship,40.7671104,-73.9570671,Mo-Su 08:00-20:00,default,0,4.5,1305.0,141.0,45,images/culture/christ-the-savior-orthodox-church.jpg,pexels_name
way/266873438,First Hungarian Reformed Church,Culture,place_of_worship,40.7661157,-73.9584991,Mo-Su 08:00-20:00,default,0,3.8,658.0,141.0,45,images/culture/first-hungarian-reformed-church.jpg,pexels_name
way/266866307,St. Catherine of Siena Church,Culture,place_of_worship,40.7653143,-73.9570198,Mo-Su 08:00-20:00,default,0,4.2,718.0,140.0,45,images/culture/st-catherine-of-siena-church.jpg,pexels_name
way/265520328,Church of the Covenant,Culture,place_of_worship,40.7493093,-73.9717968,Mo-Su 08:00-20:00,default,0,4.3,2514.0,233.0,45,images/culture/church-of-the-covenant.jpg,pexels_name
way/265799244,Salvation and Deliverence Church,Culture,place_of_worship,40.8016583,-73.9480902,Mo-Su 08:00-20:00,default,0,4.6,280.0,41.0,45,images/culture/salvation-and-deliverence-church.jpg,pexels_name
way/265800196,Bethel Way of the Cross Church of Christ,Culture,place_of_worship,40.8027269,-73.9467427,Mo-Su 08:00-20:00,default,0,4.4,2316.0,41.0,45,images/culture/bethel-way-of-the-cross-church-of-christ.jpg,pexels_name
way/265869490,Saint Agnes Church,Culture,place_of_worship,40.7518997,-73.9744477,Mo-Su 08:00-20:00,default,0,4.3,1914.0,162.0,45,images/culture/saint-agnes-church.jpg,pexels_name
way/266010326,Church of Sweden,Culture,place_of_worship,40.7572087,-73.977389,Mo-Su 08:00-20:00,default,0,4.9,1814.0,161.0,45,images/culture/church-of-sweden.jpg,pexels_name
way/266024854,St. Luke's Church,Culture,place_of_worship,40.7598671,-73.9886829,Mo-Su 08:00-20:00,default,0,4.3,1845.0,48.0,45,images/culture/st-luke-s-church.jpg,pexels_name
way/266033992,Holy Cross Catholic Church,Culture,place_of_worship,40.7581531,-73.9911636,Mo-Su 08:00-20:00,default,0,4.3,815.0,48.0,45,images/culture/holy-cross-catholic-church.jpg,pexels_name
way/266149309,Church of Scientology of New York,Culture,place_of_worship,40.7594616,-73.9865652,Mo-Fr 09:00-22:00; Sa-Su 09:00-18:30,osm,0,4.1,2794.0,230.0,45,images/culture/church-of-scientology-of-new-york.jpg,pexels_name
way/266151919,Saint Malachy Church,Culture,place_of_worship,40.7615716,-73.9857449,Mo-Su 08:00-20:00,default,0,3.9,2725.0,230.0,45,images/culture/saint-malachy-church.jpg,pexels_name
way/266170537,Church of Saint Mary the Virgin,Culture,place_of_worship,40.7583578,-73.9836159,Mo-Su 08:00-20:00,default,0,4.4,261.0,230.0,45,images/culture/church-of-saint-mary-the-virgin.jpg,pexels_name
way/266233360,Central Synagogue,Culture,place_of_worship,40.7595855,-73.9705658,Mo-Su 08:00-20:00,default,0,4.3,149.0,162.0,45,images/culture/central-synagogue.jpg,pexels_name
way/266233450,Msil Shuva Israel,Culture,place_of_worship,40.7616612,-73.9694858,Mo-Su 08:00-20:00,default,0,4.4,1624.0,162.0,45,images/culture/msil-shuva-israel.jpg,pexels_name
way/266236180,Central Presbyterian Church,Culture,place_of_worship,40.7657033,-73.9672671,Mo-Su 08:00-20:00,default,0,4.0,883.0,237.0,45,images/culture/central-presbyterian-church.jpg,pexels_name
way/266237396,Providence Baptist Church,Culture,place_of_worship,40.7640492,-73.9660768,Mo-Su 08:00-20:00,default,0,4.9,533.0,237.0,45,images/culture/providence-baptist-church.jpg,pexels_name
way/266238410,Trinity Baptist Church,Culture,place_of_worship,40.7619096,-73.9641123,Mo-Su 08:00-20:00,default,0,3.8,2617.0,141.0,45,images/culture/trinity-baptist-church.jpg,pexels_name
way/266244347,Church Of Our Lady Of Peace,Culture,place_of_worship,40.7629888,-73.9635535,Mo-Su 08:00-20:00,default,0,4.9,802.0,141.0,45,images/culture/church-of-our-lady-of-peace.jpg,pexels_name
way/266853180,Church of St. Vincent Ferrer,Culture,place_of_worship,40.7662012,-73.9646622,Mo-Su 08:00-20:00,default,0,4.6,2339.0,237.0,45,images/culture/church-of-st-vincent-ferrer.jpg,pexels_name
way/266864072,Temple Emanu-El,Culture,place_of_worship,40.768019,-73.9695834,Mo-Su 08:00-20:00,default,0,3.9,542.0,237.0,45,images/culture/temple-emanu-el.jpg,pexels_name
way/266866300,Saint John Nepomucene Catholic Church,Culture,place_of_worship,40.7640088,-73.9583171,Mo-Su 08:00-20:00,default,0,4.6,3079.0,140.0,45,images/culture/saint-john-nepomucene-catholic-church.jpg,pexels_name
way/266921726,Islamic Cultural Center of New York,Culture,place_of_worship,40.7854708,-73.948571,Mo-Su 08:00-20:00,default,0,4.4,395.0,75.0,45,images/culture/islamic-cultural-center-of-new-york.jpg,pexels_name
way/266923308,St. Francis de Sales Church,Culture,place_of_worship,40.7863167,-73.9512563,"Mo-Fr 08:00-16:00; Sa, Su 08:30-16:00",osm,0,4.9,523.0,75.0,45,images/culture/st-francis-de-sales-church.jpg,pexels_name
way/266926166,Church of the Heavenly Rest,Culture,place_of_worship,40.7836884,-73.9581905,Mo-Su 08:00-20:00,default,0,4.7,1584.0,236.0,45,images/culture/church-of-the-heavenly-rest.jpg,pexels_name
way/1121218991,Huddlestone Arch,Landmark,attraction,40.7957947,-73.9556793,24/7,default,0,4.3,1448.0,43.0,30,images/landmark/huddlestone-arch.jpg,pexels_name
way/266925678,Brick Presbyterian Church,Culture,place_of_worship,40.7837334,-73.9551879,Mo-Su 08:00-20:00,default,0,4.2,1250.0,236.0,45,images/culture/brick-presbyterian-church.jpg,pexels_name
way/269227112,"Second Church of Christ, Scientist",Culture,place_of_worship,40.7739832,-73.9791668,Mo-Su 08:00-20:00,default,0,3.3,631.0,142.0,45,images/culture/second-church-of-christ-scientist.jpg,pexels_name
way/958635828,Bethesda Fountain,Landmark,attraction,40.7743162,-73.9708332,24/7,default,0,4.2,398.0,43.0,30,images/landmark/bethesda-fountain.jpg,pexels_name
way/269229979,Congregation Sherith Israel,Landmark,place_of_worship,40.7748551,-73.9773498,24/7,default,0,4.3,849.0,142.0,30,images/landmark/congregation-sherith-israel.jpg,pexels_name
way/269233876,Lincoln Square Synagogue,Culture,place_of_worship,40.7764161,-73.9836538,Mo-Su 08:00-20:00,default,2,4.8,2815.0,143.0,45,images/culture/lincoln-square-synagogue.jpg,pexels_name
way/269233877,West End Synagogue,Culture,place_of_worship,40.7766002,-73.9834711,Mo-Su 08:00-20:00,default,0,4.0,709.0,143.0,45,images/culture/west-end-synagogue.jpg,pexels_name
way/269289735,Rutgers Church,Culture,place_of_worship,40.7795938,-73.9824431,Mo-Su 08:00-20:00,default,0,4.2,557.0,143.0,45,images/culture/rutgers-church.jpg,pexels_name
way/269294950,Universalist Church of New York,Culture,place_of_worship,40.7787574,-73.9745886,Mo-Su 08:00-20:00,default,0,4.3,436.0,239.0,45,images/culture/universalist-church-of-new-york.jpg,pexels_name
way/269297172,West Side Institutional Synagogue,Culture,place_of_worship,40.7802638,-73.9781535,Mo-Su 08:00-20:00,default,1,3.8,1316.0,239.0,45,images/culture/west-side-institutional-synagogue.jpg,pexels_name
way/269302949,West End Collegiate Church,Culture,place_of_worship,40.783039,-73.9815543,Mo-Su 08:00-20:00,default,0,4.4,420.0,239.0,45,images/culture/west-end-collegiate-church.jpg,pexels_name
way/269307361,Mount Pleasant Baptist Church,Culture,place_of_worship,40.7837512,-73.9762549,Mo-Su 08:00-20:00,default,0,4.5,482.0,239.0,45,images/culture/mount-pleasant-baptist-church.jpg,pexels_name
way/269309257,St. Volodymyr Orthodox Cathedral,Culture,place_of_worship,40.7845942,-73.9762847,Mo-Su 08:00-20:00,default,0,4.3,1542.0,239.0,45,images/culture/st-volodymyr-orthodox-cathedral.jpg,pexels_name
way/269232102,Church of the Blessed Sacrament,Culture,place_of_worship,40.7771101,-73.981222,Mo-Su 08:00-20:00,default,0,4.2,1151.0,142.0,45,images/culture/church-of-the-blessed-sacrament.jpg,pexels_name
way/928018701,Moynihan Train Hall,Landmark,attraction,40.7512987,-73.9953378,24/7,default,2,3.9,854.0,68.0,30,images/landmark/moynihan-train-hall.jpg,pexels_name
way/269227110,"First Church of Christ, Scientist",Culture,place_of_worship,40.7736177,-73.978297,Mo-Su 08:00-20:00,default,0,4.1,440.0,142.0,45,images/culture/first-church-of-christ-scientist.jpg,pexels_name
way/269224876,Christ and Saint Stephen's Church,Culture,place_of_worship,40.775629,-73.9813182,Mo-Su 08:00-20:00,default,0,4.1,231.0,142.0,45,images/culture/christ-and-saint-stephen-s-church.jpg,pexels_name
way/266926556,Church of Saint Thomas More,Culture,place_of_worship,40.782749,-73.9567285,Mo-Su 08:00-20:00,default,0,4.0,636.0,236.0,45,images/culture/church-of-saint-thomas-more.jpg,pexels_name
way/266927303,Unitarian Church of All Souls,Culture,place_of_worship,40.7753259,-73.9581923,Mo-Su 08:00-20:00,default,0,4.1,659.0,236.0,45,images/culture/unitarian-church-of-all-souls.jpg,pexels_name
way/266928800,Manhattan Church of Christ,Culture,place_of_worship,40.7766333,-73.9613189,Mo-Su 08:00-20:00,default,0,4.2,1173.0,236.0,45,images/culture/manhattan-church-of-christ.jpg,pexels_name
way/266932811,Church of Saint Ignatius Loyola,Culture,place_of_worship,40.7789529,-73.9589553,Mo-Su 08:00-20:00,default,0,4.5,475.0,236.0,45,images/culture/church-of-saint-ignatius-loyola.jpg,pexels_name
way/266933141,Park Avenue Christian Church,Culture,place_of_worship,40.7794885,-73.9582631,Mo-Su 08:00-20:00,default,0,3.8,347.0,236.0,45,images/culture/park-avenue-christian-church.jpg,pexels_name
way/266933299,Immanuel Lutheran Church,Culture,place_of_worship,40.7806955,-73.9549979,Mo-Su 08:00-20:00,default,0,4.0,603.0,236.0,45,images/culture/immanuel-lutheran-church.jpg,pexels_name
way/585788256,Central Park Carousel,Landmark,attraction,40.7699426,-73.9752476,24/7,default,0,3.8,354.0,43.0,30,images/landmark/central-park-carousel.jpg,pexels_name
way/266933639,Park Avenue Synagogue,Culture,place_of_worship,40.7811161,-73.9579547,Mo-Su 08:00-20:00,default,0,4.0,924.0,236.0,45,images/culture/park-avenue-synagogue.jpg,pexels_name
way/591988949,Ripley's Believe It or Not!,Landmark,attraction,40.756466,-73.9885078,Mo-Su 09:00-01:00,osm,0,4.3,640.0,100.0,30,images/landmark/ripley-s-believe-it-or-not.jpg,pexels_name
way/266941348,Saint Nicholas Russian Orthodox Church,Culture,place_of_worship,40.7882831,-73.9540597,Mo-Su 08:00-20:00,default,0,4.1,381.0,75.0,45,images/culture/saint-nicholas-russian-orthodox-church.jpg,pexels_name
way/266941471,Ebenezer Wesleyan Methodist Church & Community Center,Culture,place_of_worship,40.7886948,-73.9491979,Mo-Su 08:00-20:00,default,0,4.2,405.0,75.0,45,images/culture/ebenezer-wesleyan-methodist-church-community-center.jpg,pexels_name
way/269219552,Holy Trinity Lutheran Church,Culture,place_of_worship,40.7720687,-73.9794097,Mo-Su 08:00-20:00,default,0,4.4,191.0,142.0,45,images/culture/holy-trinity-lutheran-church.jpg,pexels_name
way/702492597,Diamond District,Landmark,attraction,40.7573718,-73.9801578,24/7,default,0,4.2,8622.0,161.0,30,images/landmark/diamond-district.jpg,pexels_name
way/713565776,One World Trade Center,Landmark,attraction,40.7129993,-74.0131894,24/7,default,0,4.2,447.0,261.0,30,images/landmark/one-world-trade-center.jpg,pexels_name
way/890862705,Lower East Side Skatepark,Landmark,attraction,40.7113458,-73.9928785,24/7,default,0,4.1,513.0,45.0,30,images/landmark/lower-east-side-skatepark.jpg,pexels_name
way/269223977,Good Shepherd Faith Church,Culture,place_of_worship,40.7743301,-73.9839024,Mo-Su 08:00-20:00,default,0,4.5,515.0,142.0,45,images/culture/good-shepherd-faith-church.jpg,pexels_name
way/269313805,First Baptist Church,Culture,place_of_worship,40.784296,-73.9802365,Mo-Su 08:00-20:00,default,0,4.2,481.0,239.0,45,images/culture/first-baptist-church.jpg,pexels_name
relation/3357433,Our Lady of Pompeii Church,Culture,place_of_worship,40.7305607,-74.0029047,Mo-Su 08:00-20:00,default,0,4.8,1534.0,249.0,45,images/culture/our-lady-of-pompeii-church.jpg,pexels_name
relation/3625893,Greater Bethel African Methodist Episcopal Church,Culture,place_of_worship,40.8061146,-73.9461601,Mo-Su 08:00-20:00,default,0,4.4,1074.0,41.0,45,images/culture/greater-bethel-african-methodist-episcopal-church.jpg,pexels_name
relation/20779582,Hudson River Park Estuarine Sanctuary,Park,nature_reserve,40.7462395,-74.0052928,24/7,default,0,4.6,748.0,246.0,60,images/park/hudson-river-park-estuarine-sanctuary.jpg,pexels_name
relation/20153665,LaGuardia Corner Gardens,Park,garden,40.7277282,-73.9990274,24/7,default,0,4.5,1137.0,114.0,60,images/park/laguardia-corner-gardens.jpg,pexels_name
relation/16033971,Gardens of Remembrance,Park,garden,40.702519,-74.0162739,24/7,default,0,4.5,13681.0,12.0,60,images/park/gardens-of-remembrance.jpg,pexels_name
relation/16029654,Tiffany Woodland Gardens,Park,garden,40.7020793,-74.0148965,24/7,default,0,4.9,3330.0,12.0,60,images/park/tiffany-woodland-gardens.jpg,pexels_name
relation/14032470,Schiff Mall,Park,garden,40.7194102,-73.9910451,24/7,default,0,4.8,2610.0,148.0,60,images/park/schiff-mall.jpg,pexels_name
relation/3573490,St. Bartholomew's,Culture,place_of_worship,40.7572136,-73.9730736,Mo-Su 08:00-20:00,default,0,3.6,381.0,162.0,45,images/culture/st-bartholomew-s.jpg,pexels_name
relation/13694947,Heather Garden,Park,garden,40.8606292,-73.9338482,24/7,default,0,5.0,2811.0,243.0,60,images/park/heather-garden.jpg,pexels_name
relation/17563990,Iglesia Pentecostal el Sinai,Culture,place_of_worship,40.8009229,-73.9641687,Mo-Su 08:00-20:00,default,0,4.1,629.0,24.0,45,images/culture/iglesia-pentecostal-el-sinai.jpg,pexels_name
relation/9489179,Cathedral of St. Sava,Culture,place_of_worship,40.7437647,-73.989894,Mo-Su 08:00-20:00,default,0,4.9,2937.0,234.0,45,images/culture/cathedral-of-st-sava.jpg,pexels_name
relation/9219294,Saint Spyridon Greek Orthodox Church,Culture,place_of_worship,40.8488681,-73.9360651,Mo-Su 08:00-20:00,default,0,5.0,704.0,244.0,45,images/culture/saint-spyridon-greek-orthodox-church.jpg,pexels_name
relation/3629376,Church of the Intercession,Culture,place_of_worship,40.8321227,-73.9453051,Mo-Su 08:00-20:00,default,0,4.7,314.0,116.0,45,images/culture/church-of-the-intercession.jpg,pexels_name
relation/13599516,Bosque Gardens,Park,garden,40.7022531,-74.0160442,24/7,default,0,4.6,1454.0,12.0,60,images/park/bosque-gardens.jpg,pexels_name
relation/14374902,Swindler Cove Park,Park,nature_reserve,40.8574471,-73.9220988,24/7,default,0,4.3,1791.0,127.0,60,images/park/swindler-cove-park.jpg,pexels_name
relation/10170445,Low Plaza,Park,park,40.8076784,-73.9622466,24/7,default,0,4.2,4175.0,166.0,60,images/park/low-plaza.jpg,pexels_name
relation/10571875,Duke Ellington Circle,Park,park,40.7968563,-73.949257,24/7,default,0,4.9,2321.0,43.0,60,images/park/duke-ellington-circle.jpg,pexels_name
relation/11037505,Charles B. Benenson Grove,Park,park,40.7714021,-73.9835705,24/7,default,0,4.3,2910.0,142.0,60,images/park/charles-b-benenson-grove.jpg,pexels_name
relation/11077079,African Burial Ground National Monument,Park,park,40.7145261,-74.004464,24/7,default,0,4.9,4087.0,231.0,60,images/park/african-burial-ground-national-monument.jpg,pexels_name
relation/11225305,Honey Locust Park,Park,park,40.7601461,-73.9628632,24/7,default,0,4.3,5154.0,141.0,60,images/park/honey-locust-park.jpg,pexels_name
relation/9340888,United Nations Garden,Park,park,40.7509687,-73.9664023,24/7,default,0,4.2,1721.0,233.0,60,images/park/united-nations-garden.jpg,pexels_name
relation/13613032,Thomas Paine Park,Park,park,40.7147806,-74.0023618,Mo-Su 06:00-01:00,osm,0,4.7,9355.0,45.0,60,images/park/thomas-paine-park.jpg,pexels_name
relation/14374901,Sherman Creek,Park,park,40.8600163,-73.9192626,24/7,default,0,3.9,2192.0,127.0,60,images/park/sherman-creek.jpg,pexels_name
relation/13678220,Bella Abzug Park,Park,park,40.7558419,-74.0003811,24/7,default,0,3.7,2346.0,246.0,60,images/park/bella-abzug-park.jpg,pexels_name
relation/8456861,Columbia University Well Garden,Park,park,40.8081586,-73.9607078,24/7,default,0,4.3,10627.0,166.0,60,images/park/columbia-university-well-garden.jpg,pexels_name
relation/8176996,Old Slip Park,Park,park,40.7038707,-74.0085649,24/7,default,0,4.4,4754.0,87.0,60,images/park/old-slip-park.jpg,pexels_name
relation/7109446,Theodore Roosevelt Park,Park,park,40.7813637,-73.9740819,24/7,default,0,4.5,636.0,239.0,60,images/park/theodore-roosevelt-park.jpg,pexels_name
relation/18351439,Rockefeller Center,Landmark,attraction,40.7592398,-73.9800939,24/7,default,2,4.4,1188.0,161.0,30,images/landmark/rockefeller-center.jpg,pexels_name
relation/7141751,The High Line,Park,attraction,40.7479527,-74.0039539,Mo-Su 07:00-19:00,osm,2,3.9,13908.0,68.0,60,images/park/the-high-line.jpg,pexels_name
relation/6424088,The Cloisters,Landmark,attraction,40.8648228,-73.9317918,24/7,default,0,4.0,1258.0,243.0,30,images/landmark/the-cloisters.jpg,pexels_name
relation/3624833,Cathedral of Saint John the Divine,Landmark,attraction,40.803767,-73.9617468,24/7,default,0,4.1,712.0,166.0,30,images/landmark/cathedral-of-saint-john-the-divine.jpg,pexels_name
relation/1341944,The Dakota,Landmark,attraction,40.7767769,-73.9761539,24/7,default,0,3.9,1301.0,142.0,30,images/landmark/the-dakota.jpg,pexels_name
relation/1751075,John Jay Park,Park,park,40.7692516,-73.9496384,24/7,default,0,4.0,6380.0,140.0,60,images/park/john-jay-park.jpg,pexels_name
relation/3690816,Highbridge Park,Park,park,40.8460051,-73.9319502,24/7,default,0,4.4,9568.0,120.0,60,images/park/highbridge-park.jpg,pexels_name
relation/4099553,Sara D. Roosevelt Park,Park,park,40.7196275,-73.9925973,24/7,default,0,4.3,4662.0,148.0,60,images/park/sara-d-roosevelt-park.jpg,pexels_name
relation/5625630,Fort Tryon Park,Park,park,40.8619781,-73.9326365,24/7,default,0,4.3,6417.0,243.0,60,images/park/fort-tryon-park.jpg,pexels_name
relation/6802606,Mannahatta Park,Park,park,40.704784,-74.0066646,24/7,default,0,4.7,15358.0,87.0,60,images/park/mannahatta-park.jpg,pexels_name
relation/6992452,Dag Hammarskjold Plaza,Park,park,40.7523203,-73.9688866,24/7,default,0,4.4,5975.0,233.0,60,images/park/dag-hammarskjold-plaza.jpg,pexels_name
relation/7095444,Union Square Park,Park,park,40.7358088,-73.9904565,24/7,default,0,4.5,9869.0,234.0,60,images/park/union-square-park.jpg,pexels_name
relation/7095669,Stuyvesant Square,Park,park,40.7336501,-73.9839997,24/7,default,0,4.3,6351.0,107.0,60,images/park/stuyvesant-square.jpg,pexels_name
relation/15902634,Brooklyn Banks,Park,park,40.7114732,-74.0029473,24/7,default,0,4.5,4282.0,45.0,60,images/park/brooklyn-banks.jpg,pexels_name
relation/11510854,Serpentine Structures,Landmark,artwork,40.7228701,-74.0121533,24/7,default,0,4.7,2199.0,231.0,30,images/landmark/serpentine-structures.jpg,pexels_name
relation/16000824,Sutton Parks,Park,park,40.7565069,-73.9605051,24/7,default,0,4.8,2431.0,229.0,60,images/park/sutton-parks.jpg,pexels_name
relation/17722706,Two Too Large Tables,Landmark,artwork,40.7537791,-74.0076615,24/7,default,0,3.7,2147.0,246.0,30,images/landmark/two-too-large-tables.jpg,pexels_name
relation/7281773,Museum of Jewish Heritage,Museum,museum,40.7060437,-74.0186031,We-Su 10:00-17:00; Th 10:00-20:00; Sa off,osm,2,4.6,6496.0,13.0,120,images/museum/museum-of-jewish-heritage.jpg,pexels_name
relation/3698894,The Metropolitan Museum of Art,Museum,museum,40.7793968,-73.9634178,10:00-17:00; Fr-Sa 10:00-21:00; We off; May Mo[1] off; Nov Th[4] off; Dec 25 off; Jan 01 off,osm,2,4.1,1664.0,43.0,120,images/museum/the-metropolitan-museum-of-art.jpg,pexels_name
relation/3606825,New-York Historical Society,Museum,museum,40.779286,-73.974265,Tu-Su 11:00-17:00; Fr 11:00-20:00,osm,2,3.7,1461.0,239.0,120,images/museum/new-york-historical-society.jpg,pexels_name
relation/20781110,Inwood Hill Park,Park,park,40.8722604,-73.9253479,24/7,default,0,4.8,2409.0,128.0,60,images/park/inwood-hill-park.jpg,pexels_name
relation/20781076,Riverside Park South,Park,park,40.7772239,-73.990521,24/7,default,0,4.7,3005.0,143.0,60,images/park/riverside-park-south.jpg,pexels_name
relation/20065064,Mill Rock Park,Park,park,40.7804775,-73.9385885,24/7,default,0,4.5,319.0,262.0,60,images/park/mill-rock-park.jpg,pexels_name
relation/16231018,Vessel,Landmark,artwork,40.7538056,-74.0021586,24/7,default,2,4.6,1862.0,246.0,30,images/landmark/vessel.jpg,pexels_name
relation/17563989,Booker T Washington Playground,Park,park,40.8009593,-73.9637796,24/7,default,0,4.2,14163.0,24.0,60,images/park/booker-t-washington-playground.jpg,pexels_name
relation/16711715,Grand Army Plaza,Park,park,40.7643938,-73.9734133,24/7,default,0,4.8,1444.0,163.0,60,images/park/grand-army-plaza.jpg,pexels_name
relation/17033398,Catherine Slip Malls,Park,park,40.7097474,-73.9962146,24/7,default,0,4.3,2150.0,45.0,60,images/park/catherine-slip-malls.jpg,pexels_name
relation/16822857,Rector Park,Park,park,40.7091901,-74.0169212,24/7,default,0,4.3,1503.0,13.0,60,images/park/rector-park.jpg,pexels_name
node/10861543609,DC Moore Gallery,Museum,gallery,40.7477676,-74.006149,Tu-Sa 10:00-18:00,osm,0,3.8,9805.0,246.0,120,images/museum/dc-moore-gallery.jpg,pexels_name
node/10861543610,Dia Chelsea,Museum,gallery,40.7478387,-74.0063018,We-Sa 12:00-18:00,osm,0,4.6,2176.0,246.0,120,images/museum/dia-chelsea.jpg,pexels_name
node/10861434356,Friedman Benda Gallery,Museum,gallery,40.7501029,-74.0035148,Tu-Sa 10:00-18:00,osm,0,4.7,1016.0,246.0,120,images/museum/friedman-benda-gallery.jpg,pexels_name
node/10861434355,Hollis Taggart Gallery,Museum,gallery,40.7501299,-74.0037594,Tu-Sa 11:00-17:00,osm,0,4.5,2346.0,246.0,120,images/museum/hollis-taggart-gallery.jpg,pexels_name
node/10861434353,Davidson Gallery,Museum,gallery,40.7501702,-74.0037157,Tu-Sa 11:00-18:00,osm,0,4.4,5534.0,246.0,120,images/museum/davidson-gallery.jpg,pexels_name
node/10860703834,Galerie Templon,Museum,gallery,40.7501683,-74.0026414,Tu-Sa 10:00-18:00,osm,0,4.6,2519.0,246.0,120,images/museum/galerie-templon.jpg,pexels_name
node/10861434352,Sugarlift Gallery,Museum,gallery,40.7509297,-74.0024163,Tu-Fr 10:00-18:00; Sa 12:00-18:00,osm,0,3.7,927.0,246.0,120,images/museum/sugarlift-gallery.jpg,pexels_name
node/10861543608,Yancey Richardson Gallery,Museum,gallery,40.7475857,-74.0057016,Tu-Sa 10:00-18:00,osm,0,4.3,2155.0,246.0,120,images/museum/yancey-richardson-gallery.jpg,pexels_name
node/10861418204,Miles McEnery Gallery,Museum,gallery,40.7474277,-74.0053206,Tu-Sa 10:00-18:00,osm,0,3.9,13769.0,246.0,120,images/museum/miles-mcenery-gallery.jpg,pexels_name
node/10860703835,Nancy Hoffman Gallery,Museum,gallery,40.7505666,-74.0034944,Tu-Sa 11:00-17:30,osm,0,4.8,3237.0,246.0,120,images/museum/nancy-hoffman-gallery.jpg,pexels_name
node/10861434354,Albertz Benda Gallery,Museum,gallery,40.7500552,-74.0035864,Mo-Fr 10:00-18:00,osm,0,4.3,1687.0,246.0,120,images/museum/albertz-benda-gallery.jpg,pexels_name
node/10861507195,David Richard Gallery,Museum,gallery,40.7496717,-74.0036627,Tu-Sa 10:00-18:00,osm,0,4.0,2127.0,246.0,120,images/museum/david-richard-gallery.jpg,pexels_name
node/10861507198,Pace Gallery,Museum,gallery,40.7491212,-74.0039931,Tu-Sa 10:00-18:00,osm,0,4.4,740.0,246.0,120,images/museum/pace-gallery.jpg,pexels_name
node/10861507197,Yossi Milo Gallery,Museum,gallery,40.7487598,-74.0036923,Tu-Sa 10:00-18:00,osm,0,4.4,1766.0,246.0,120,images/museum/yossi-milo-gallery.jpg,pexels_name
node/10861434364,Daniel Cooney Fine Art Gallery,Museum,gallery,40.7497076,-74.0036348,We-Sa 11:00-18:00,osm,0,3.6,1004.0,246.0,120,images/museum/daniel-cooney-fine-art-gallery.jpg,pexels_name
node/10861434357,Ryan Lee Gallery,Museum,gallery,40.7501197,-74.0035878,Tu-Sa 10:00-18:00,osm,0,4.2,9054.0,246.0,120,images/museum/ryan-lee-gallery.jpg,pexels_name
node/10861434358,Thomas Erben Gallery,Museum,gallery,40.7499597,-74.0041571,Tu-Sa 11:00-18:00,osm,0,4.5,687.0,246.0,120,images/museum/thomas-erben-gallery.jpg,pexels_name
node/10861434359,BravinLee Gallery,Museum,gallery,40.7499417,-74.0042354,We-Sa 12:00-17:00,osm,0,4.5,580.0,246.0,120,images/museum/bravinlee-gallery.jpg,pexels_name
node/10861434363,Alexander Gray Associates Gallery,Museum,gallery,40.7497859,-74.0036422,Tu-Sa 10:30-18:00,osm,0,4.7,1371.0,246.0,120,images/museum/alexander-gray-associates-gallery.jpg,pexels_name
node/10861434360,Morgan Lehman Gallery,Museum,gallery,40.7499777,-74.0041101,Tu-Sa 11:00-18:00,osm,0,4.3,5776.0,246.0,120,images/museum/morgan-lehman-gallery.jpg,pexels_name
node/10861434361,Hesse Flatow Gallery,Museum,gallery,40.7497344,-74.0036085,Tu-Sa 11:00-18:00,osm,0,3.8,654.0,246.0,120,images/museum/hesse-flatow-gallery.jpg,pexels_name
node/10861543612,Harper's Chelsea,Museum,gallery,40.747657,-74.0064084,Tu-Sa 10:00-18:00,osm,0,4.1,4589.0,246.0,120,images/museum/harper-s-chelsea.jpg,pexels_name
node/10861434362,Deborah Bell Photographs,Museum,gallery,40.749941,-74.0041149,Th-Sa 11:00-17:00,osm,0,3.8,207.0,246.0,120,images/museum/deborah-bell-photographs.jpg,pexels_name
node/10861543613,Sikkema Jenkins & Co.,Museum,gallery,40.7474851,-74.0060323,Tu-Sa 10:00-18:00,osm,0,4.1,3109.0,246.0,120,images/museum/sikkema-jenkins-co.jpg,pexels_name
node/10861543615,Matthew Marks Gallery,Museum,gallery,40.7473449,-74.0056957,Tu-Su 10:00-17:00,default,0,4.7,1380.0,246.0,120,images/museum/matthew-marks-gallery.jpg,pexels_name
node/10873303786,Slag Gallery,Museum,gallery,40.745518,-74.0069617,"Tu-Fr 10:00-13:00,14:00-18:00; Sa 10:00-18:00",osm,0,4.2,5034.0,246.0,120,images/museum/slag-gallery.jpg,pexels_name
node/10873303787,Michael Rosenfield Art,Museum,gallery,40.7461924,-74.0077206,Tu-Sa 10:00-18:00,osm,0,3.6,1465.0,246.0,120,images/museum/michael-rosenfield-art.jpg,pexels_name
node/10873303788,Pratt Manhattan Gallery,Museum,gallery,40.7380759,-73.9989918,Mo-Sa 11:00-18:00,osm,0,4.4,2864.0,249.0,120,images/museum/pratt-manhattan-gallery.jpg,pexels_name
node/10873303789,The 8th Floor Gallery,Museum,gallery,40.7385275,-73.9932713,Th-Sa 11:00-18:00,osm,0,4.1,2055.0,234.0,120,images/museum/the-8th-floor-gallery.jpg,pexels_name
node/10873303790,Ethan Cohen Gallery,Museum,gallery,40.742528,-73.9991606,Tu-Su 10:00-17:00,default,0,3.4,1181.0,90.0,120,images/museum/ethan-cohen-gallery.jpg,pexels_name
node/10992263596,Eden Gallery,Museum,gallery,40.7226991,-74.0014366,Mo-Su 09:00-21:00,osm,0,4.5,911.0,211.0,120,images/museum/eden-gallery.jpg,pexels_name
node/11066047179,Jeffrey Deitch,Museum,gallery,40.7219434,-74.002655,Tu-Su 10:00-17:00,default,0,4.3,2859.0,211.0,120,images/museum/jeffrey-deitch.jpg,pexels_name
node/11079239447,Cloud Gallery,Museum,gallery,40.7147386,-74.0100483,Tu-Su 10:00-17:00,default,2,4.2,2292.0,231.0,120,images/museum/cloud-gallery.jpg,pexels_name
node/10873303785,Ulrik Gallery,Museum,gallery,40.7439372,-74.0061805,We-Sa 12:00-18:00,osm,0,4.0,1695.0,68.0,120,images/museum/ulrik-gallery.jpg,pexels_name
node/11079651705,Grey Art Gallery,Museum,gallery,40.7303986,-73.9957606,Tu-Su 10:00-17:00,default,0,4.5,2267.0,113.0,120,images/museum/grey-art-gallery.jpg,pexels_name
node/11196495052,Richard Taittinger Gallery,Museum,gallery,40.7209094,-73.987787,Tu-Su 10:00-17:00,default,0,4.1,2392.0,148.0,120,images/museum/richard-taittinger-gallery.jpg,pexels_name
node/11289156254,Pace African & Oceanic Art,Museum,gallery,40.7476065,-74.0062822,Tu-Su 10:00-17:00,default,0,4.6,387.0,246.0,120,images/museum/pace-african-oceanic-art.jpg,pexels_name
node/11329804755,Gerben Fine Art,Museum,gallery,40.7173575,-74.008036,Tu-Su 10:00-17:00,default,0,4.7,1528.0,231.0,120,images/museum/gerben-fine-art.jpg,pexels_name
node/11340692126,Agora Gallery,Museum,gallery,40.7494529,-74.0046681,Tu-Sa 11:00-18:00,osm,0,4.4,5211.0,246.0,120,images/museum/agora-gallery.jpg,pexels_name
node/11515450682,Harkawik,Museum,gallery,40.7156401,-73.9913906,We-Su 11:00-18:00,osm,0,3.8,1133.0,148.0,120,images/museum/harkawik.jpg,pexels_name
node/11528829825,Beloosesky Gallery,Museum,gallery,40.7675123,-73.95493,Tu-Su 10:00-17:00,default,0,4.2,1068.0,140.0,120,images/museum/beloosesky-gallery.jpg,pexels_name
node/11649887398,Shoot the Lobster,Museum,gallery,40.7190494,-73.9913811,Tu-Su 10:00-17:00,default,0,4.9,1007.0,148.0,120,images/museum/shoot-the-lobster.jpg,pexels_name
node/11760991013,Howl! Happening,Museum,gallery,40.7247539,-73.9916906,We-Su 11:00-18:00,osm,0,4.1,2355.0,79.0,120,images/museum/howl-happening.jpg,pexels_name
node/11157790185,Buck House,Museum,gallery,40.7856332,-73.9555693,Tu-Su 10:00-17:00,default,0,3.9,1457.0,236.0,120,images/museum/buck-house.jpg,pexels_name
node/10873196753,David Kordansky Gallery,Museum,gallery,40.7462173,-74.0067977,Tu-Sa 10:00-18:00,osm,0,4.4,1532.0,246.0,120,images/museum/david-kordansky-gallery.jpg,pexels_name
node/10860703833,Kasmin Gallery,Museum,gallery,40.750406,-74.0024698,Tu-Sa 10:00-18:00,osm,0,4.3,1309.0,246.0,120,images/museum/kasmin-gallery.jpg,pexels_name
node/10873196752,Kurimanzutto Gallery,Museum,gallery,40.7462706,-74.0069444,Tu-Sa 10:00-18:00,osm,0,3.8,2586.0,246.0,120,images/museum/kurimanzutto-gallery.jpg,pexels_name
node/10873196734,Nara Roesler Gallery,Museum,gallery,40.7467918,-74.0057122,Tu-Sa 10:00-18:00,osm,0,4.9,2029.0,246.0,120,images/museum/nara-roesler-gallery.jpg,pexels_name
node/10873196735,Tina Kim Gallery,Museum,gallery,40.7470553,-74.0063448,Tu-Sa 10:00-18:00,osm,0,4.4,3481.0,246.0,120,images/museum/tina-kim-gallery.jpg,pexels_name
node/10873196736,Kravets Wehby Gallery,Museum,gallery,40.7469617,-74.006111,Tu-Sa 11:00-18:00,osm,0,3.9,7808.0,246.0,120,images/museum/kravets-wehby-gallery.jpg,pexels_name
node/10873196737,Tanya Bonakdar Gallery,Museum,gallery,40.7470364,-74.0062914,Tu-Sa 10:00-18:00,osm,0,4.4,7378.0,246.0,120,images/museum/tanya-bonakdar-gallery.jpg,pexels_name
node/10873196738,Hales Gallery,Museum,gallery,40.746867,-74.0076175,Tu-Sa 10:00-18:00,osm,0,4.0,8564.0,246.0,120,images/museum/hales-gallery.jpg,pexels_name
node/10873196739,Paula Cooper Gallery,Museum,gallery,40.7470049,-74.0068341,Tu-Sa 10:00-18:00,osm,0,4.6,3112.0,246.0,120,images/museum/paula-cooper-gallery.jpg,pexels_name
node/10873196740,Gladstone Gallery,Museum,gallery,40.7469471,-74.0066777,Tu-Sa 10:00-18:00,osm,0,4.4,1639.0,246.0,120,images/museum/gladstone-gallery.jpg,pexels_name
node/10873196741,Gagosian,Museum,gallery,40.7468093,-74.0063973,Tu-Sa 10:00-18:00,osm,0,4.7,2237.0,246.0,120,images/museum/gagosian.jpg,pexels_name
node/10873196742,Galleria Ca' d'Oro,Museum,gallery,40.7462737,-74.0054234,Mo-Fr 10:00-18:00; Sa 11:00-18:00; Su 12:00-17:00,osm,0,3.6,818.0,246.0,120,images/museum/_fallback_004.jpg,pexels_category
node/10873196743,Washburn Gallery,Museum,gallery,40.7462423,-74.0054891,Tu-Sa 10:00-18:00,osm,0,4.2,2562.0,246.0,120,images/museum/washburn-gallery.jpg,pexels_name
node/10873196744,Praxis Gallery,Museum,gallery,40.7460607,-74.0057581,Tu-Sa 9:00-17:00,osm,0,4.3,5303.0,246.0,120,images/museum/praxis-gallery.jpg,pexels_name
node/10873196745,Jack Shainman Gallery,Museum,gallery,40.7462478,-74.0062412,Tu-Sa 10:00-18:00,osm,0,3.6,2243.0,246.0,120,images/museum/jack-shainman-gallery.jpg,pexels_name
node/10873196746,Sean Horton Gallery,Museum,gallery,40.7462709,-74.006296,We-Sa 12:00-18:00,osm,0,3.7,3672.0,246.0,120,images/museum/sean-horton-gallery.jpg,pexels_name
node/10873196747,Ricco/Maresca Gallery,Museum,gallery,40.7465171,-74.0068656,Tu-Fr 10:30-18:00; Sa 11:00-18:00,osm,0,4.3,2797.0,246.0,120,images/museum/ricco-maresca-gallery.jpg,pexels_name
node/10873196748,Kathryn Markel Fine Arts,Museum,gallery,40.7465678,-74.0068303,Tu-Fr 10:00-18:00; Sa 11:00-18:00,osm,0,4.0,5566.0,246.0,120,images/museum/kathryn-markel-fine-arts.jpg,pexels_name
node/10873196749,ACA Galleries,Museum,gallery,40.7465429,-74.0068474,Tu-Sa 11:00-18:00,osm,0,4.7,3189.0,246.0,120,images/museum/aca-galleries.jpg,pexels_name
node/10873196750,Elizabeth Harris Gallery,Museum,gallery,40.7465936,-74.0068108,Tu-Sa 12:00-18:00,osm,0,4.3,3180.0,246.0,120,images/museum/elizabeth-harris-gallery.jpg,pexels_name
node/10873196751,David Zwirner Gallery,Museum,gallery,40.7466379,-74.0071808,Tu-Su 10:00-17:00,default,0,4.1,3965.0,246.0,120,images/museum/david-zwirner-gallery.jpg,pexels_name
node/10860703832,The Global Fine Art Contemporary Art Gallery,Museum,gallery,40.7505158,-74.0027353,Tu-Su 10:00-17:00,default,0,4.9,4709.0,246.0,120,images/museum/the-global-fine-art-contemporary-art-gallery.jpg,pexels_name
node/10859974158,Print Center New York,Museum,gallery,40.749162,-74.0052774,Tu-Su 10:00-17:00,default,0,4.0,2670.0,246.0,120,images/museum/print-center-new-york.jpg,pexels_name
node/10286844704,SFA Gallery,Museum,gallery,40.7194437,-73.9933697,Tu-Su 10:00-17:00,default,0,3.8,3161.0,148.0,120,images/museum/sfa-gallery.jpg,pexels_name
node/10422361409,Fountain Gallery,Museum,gallery,40.7622461,-73.989593,Tu-Su 10:00-17:00,default,0,4.5,448.0,48.0,120,images/museum/fountain-gallery.jpg,pexels_name
node/10695291115,Georges Bergès Gallery,Museum,gallery,40.7263278,-74.0006603,Tu-Su 10:00-17:00,default,0,3.9,1594.0,211.0,120,images/museum/georges-berg-s-gallery.jpg,pexels_name
node/10695291116,DTR Modern Galleries,Museum,gallery,40.7262,-74.0007365,Tu-Su 10:00-17:00,default,0,4.2,760.0,211.0,120,images/museum/dtr-modern-galleries.jpg,pexels_name
node/10717839795,Moshava Art,Museum,gallery,40.7332901,-73.9984234,Tu-Su 10:00-17:00,default,0,4.2,1092.0,113.0,120,images/museum/moshava-art.jpg,pexels_name
node/10784508205,Allouche Gallery,Museum,gallery,40.7227411,-74.0003875,Mo-Su 11:00-18:00,osm,0,4.7,7519.0,211.0,120,images/museum/allouche-gallery.jpg,pexels_name
node/10830960867,Louis K.Meisel Gallery,Museum,gallery,40.7256775,-74.0005096,Mo-Su 10:00-17:00,osm,0,4.1,1225.0,211.0,120,images/museum/louis-k-meisel-gallery.jpg,pexels_name
node/10859974139,Mitchell-Innes & Nash Art Gallery,Museum,gallery,40.7501321,-74.0044964,Tu-Sa 10:00-18:00,osm,0,4.5,1501.0,246.0,120,images/museum/mitchell-innes-nash-art-gallery.jpg,pexels_name
node/10859974140,Rick Wester Fine Art,Museum,gallery,40.7500174,-74.0041806,We-Sa 11:00-18:00,osm,0,4.3,3614.0,246.0,120,images/museum/rick-wester-fine-art.jpg,pexels_name
node/10859974141,Galerie Lelong & Co.,Museum,gallery,40.7500805,-74.0043727,Tu-Sa 10:00-18:00,osm,0,3.6,5741.0,246.0,120,images/museum/galerie-lelong-co.jpg,pexels_name
node/10859974142,Berry Campbell Gallery,Museum,gallery,40.7499492,-74.0040157,Tu-Sa 10:00-18:00,osm,0,4.3,1439.0,246.0,120,images/museum/berry-campbell-gallery.jpg,pexels_name
node/10859974143,Caelum Gallery,Museum,gallery,40.7499804,-74.0042111,Mo-Sa 12:00-18:00,osm,0,4.3,1940.0,246.0,120,images/museum/caelum-gallery.jpg,pexels_name
node/10859974144,Fergus McCaffrey Gallery,Museum,gallery,40.7498115,-74.0037006,Tu-Sa 10:00-18:00,osm,0,3.7,6613.0,246.0,120,images/museum/fergus-mccaffrey-gallery.jpg,pexels_name
node/10859974145,Greene Naftali Gallery,Museum,gallery,40.7497696,-74.0035852,Tu-Sa 10:00-18:00,osm,0,4.3,2850.0,246.0,120,images/museum/greene-naftali-gallery.jpg,pexels_name
node/10115105166,Pop International Galleries,Museum,gallery,40.7208794,-73.993585,Mo-Sa 11:00-18:00,osm,0,4.6,883.0,148.0,120,images/museum/pop-international-galleries.jpg,pexels_name
node/10859974146,Marlborough Gallery,Museum,gallery,40.7498665,-74.005004,Tu-Sa 10:00-18:00,osm,0,4.5,1614.0,246.0,120,images/museum/marlborough-gallery.jpg,pexels_name
node/10090538376,Guild Gallery,Museum,gallery,40.7202528,-74.0027872,Tu-Su 10:00-17:00,default,0,4.6,364.0,211.0,120,images/museum/guild-gallery.jpg,pexels_name
node/10031806788,Pomegranate Gallery,Museum,gallery,40.7258312,-73.9987925,Tu-Su 10:00-17:00,default,0,4.3,1234.0,211.0,120,images/museum/pomegranate-gallery.jpg,pexels_name
node/8694261205,Martos Gallery,Museum,gallery,40.7170446,-73.9968271,Tu-Su 10:00-17:00,default,0,4.5,2912.0,144.0,120,images/museum/martos-gallery.jpg,pexels_name
node/8907715020,HB381,Museum,gallery,40.7181813,-74.0031452,Tu-Sa 10:00-18:00,osm,0,4.1,1131.0,231.0,120,images/museum/hb381.jpg,pexels_name
node/8958523252,Space 776,Museum,gallery,40.7200219,-73.9847106,Tu-Su 10:00-17:00,default,0,4.3,976.0,148.0,120,images/museum/space-776.jpg,pexels_name
node/9118807105,David Lewis Gallery,Museum,gallery,40.7188402,-74.0032329,Tu-Sa 10:00-18:00,osm,0,4.6,1488.0,231.0,120,images/museum/david-lewis-gallery.jpg,pexels_name
node/9346533768,Miguel Abreu Gallery,Museum,gallery,40.715832,-73.9912912,We-Su 10:00-18:00,osm,0,3.3,1481.0,148.0,120,images/museum/miguel-abreu-gallery.jpg,pexels_name
node/9630409566,The 4th Street Photo Gallery,Museum,gallery,40.7267758,-73.9905701,Tu-Th 14:00-20:00; Fr-Sa 15:00-22:00; Su 14:00-20:00,osm,0,3.9,542.0,79.0,120,images/museum/the-4th-street-photo-gallery.jpg,pexels_name
node/9652307019,Arsenal Contemporary Art,Museum,gallery,40.7218041,-73.9937691,Tu-Su 10:00-17:00,default,0,3.9,2182.0,144.0,120,images/museum/arsenal-contemporary-art.jpg,pexels_name
node/9661358847,The Hole,Museum,gallery,40.7250551,-73.9925494,We-Su 12:00-19:00,osm,0,4.8,2569.0,114.0,120,images/museum/the-hole.jpg,pexels_name
node/9872651423,Woodward Gallery,Museum,gallery,40.7188556,-73.9914924,Tu-Su 10:00-17:00,default,0,4.1,2880.0,148.0,120,images/museum/woodward-gallery.jpg,pexels_name
node/9934094719,Spencer Brownstone Gallery,Museum,gallery,40.7208764,-73.9850036,Tu-Su 10:00-17:00,default,0,3.9,492.0,148.0,120,images/museum/spencer-brownstone-gallery.jpg,pexels_name
node/9941138673,trotter&sholer,Museum,gallery,40.7208132,-73.9850348,Tu-Su 10:00-17:00,default,0,4.2,2269.0,148.0,120,images/museum/trotter-sholer.jpg,pexels_name
node/9978637392,Fortnight Institute,Museum,gallery,40.7259794,-73.9905535,Tu-Su 10:00-17:00,default,0,4.3,1433.0,79.0,120,images/museum/fortnight-institute.jpg,pexels_name
node/9978882268,MARCH,Museum,gallery,40.7244007,-73.9845324,Tu-Sa 11:00-18:00,osm,0,4.0,3253.0,79.0,120,images/museum/march.jpg,pexels_name
node/10064063749,Nohra Haime Gallery,Museum,gallery,40.7464281,-74.0054994,Tu-Sa 10:00-18:00,osm,0,3.8,3720.0,246.0,120,images/museum/nohra-haime-gallery.jpg,pexels_name
node/10860703830,De Buck Gallery,Museum,gallery,40.7505056,-74.0027621,Tu-Su 10:00-17:00,default,0,3.9,1095.0,246.0,120,images/museum/de-buck-gallery.jpg,pexels_name
node/10859974147,Cheim & Read,Museum,gallery,40.7499342,-74.0051872,Tu-Sa 10:00-18:00,osm,0,3.8,1339.0,246.0,120,images/museum/cheim-read.jpg,pexels_name
node/10859974149,The FLAG Art Foundation,Museum,gallery,40.749778,-74.0055421,We-Sa 11:00-17:00,osm,0,4.6,3021.0,246.0,120,images/museum/the-flag-art-foundation.jpg,pexels_name
node/10859974169,Lisson Gallery,Museum,gallery,40.7485172,-74.0043407,Tu-Sa 10:00-18:00,osm,0,4.6,3036.0,246.0,120,images/museum/lisson-gallery.jpg,pexels_name
node/10859974170,Asya Geisberg Gallery,Museum,gallery,40.7484842,-74.0055651,Tu-Sa 11:00-18:00,osm,0,3.9,1534.0,246.0,120,images/museum/asya-geisberg-gallery.jpg,pexels_name
node/10859974171,Margaret Thatcher Projects,Museum,gallery,40.7485387,-74.0056655,Tu-Sa 11:00-18:00,osm,0,4.0,5798.0,246.0,120,images/museum/margaret-thatcher-projects.jpg,pexels_name
node/10859974172,Crossing Art,Museum,gallery,40.7488232,-74.006396,Tu-Sa 10:00-18:00,osm,0,3.9,4088.0,246.0,120,images/museum/crossing-art.jpg,pexels_name
node/10859974173,Fremin Gallery,Museum,gallery,40.7478552,-74.0049853,Tu-Sa 11:00-18:00,osm,2,4.6,8643.0,246.0,120,images/museum/fremin-gallery.jpg,pexels_name
node/10860703819,Malin Gallery,Museum,gallery,40.75193,-74.0022364,Tu-Sa 10:00-18:00,osm,0,4.2,3536.0,246.0,120,images/museum/malin-gallery.jpg,pexels_name
node/10860703820,Microscope Gallery,Museum,gallery,40.7521088,-74.0026522,Tu-Sa 12:00-18:00,osm,0,5.0,1220.0,246.0,120,images/museum/microscope-gallery.jpg,pexels_name
node/10860703821,Viridian Artists,Museum,gallery,40.7516496,-74.0041354,Tu-Sa 10:00-18:00,osm,0,3.8,444.0,246.0,120,images/museum/viridian-artists.jpg,pexels_name
node/10860703822,Carter Burden Gallery,Museum,gallery,40.7516054,-74.0041652,Tu-Fr 11:00-17:00; Sa 11:00-18:00,osm,0,4.5,443.0,246.0,120,images/museum/carter-burden-gallery.jpg,pexels_name
node/10860703823,Blue Mountain Gallery,Museum,gallery,40.7512794,-74.0045116,Tu-Sa 11:00-18:00,osm,0,4.2,2837.0,246.0,120,images/museum/blue-mountain-gallery.jpg,pexels_name
node/10860703824,Montserrat Contemporary Art,Museum,gallery,40.7512504,-74.0044236,We-Sa 12:00-18:00,osm,0,4.4,2810.0,246.0,120,images/museum/montserrat-contemporary-art.jpg,pexels_name
node/10860703825,Bowery Gallery,Museum,gallery,40.7513197,-74.0044835,Tu-Sa 11:00-18:00,osm,0,4.4,5563.0,246.0,120,images/museum/bowery-gallery.jpg,pexels_name
node/10860703826,Prince Street Gallery,Museum,gallery,40.7513549,-74.004452,Tu-Sa 11:00-18:00,osm,0,4.0,1163.0,246.0,120,images/museum/prince-street-gallery.jpg,pexels_name
node/10860703827,The Painting Center,Museum,gallery,40.7512854,-74.0043977,Tu 10:00-16:00; We-Sa 11:00-18:00,osm,0,4.0,3885.0,246.0,120,images/museum/the-painting-center.jpg,pexels_name
node/10860703828,Ross + Kramer Gallery,Museum,gallery,40.7507088,-74.0031538,Tu-Sa 11:00-18:00,osm,0,4.6,2869.0,246.0,120,images/museum/ross-kramer-gallery.jpg,pexels_name
node/10859974148,Gallery Henoch,Museum,gallery,40.7500313,-74.0054024,Tu-Sa 10:30-18:00,osm,0,4.7,779.0,246.0,120,images/museum/gallery-henoch.jpg,pexels_name
node/10859974167,Susan Inglett Gallery,Museum,gallery,40.7487583,-74.0048993,Tu-Sa 10:00-18:00,osm,0,4.9,6764.0,246.0,120,images/museum/susan-inglett-gallery.jpg,pexels_name
node/10859974165,Hunter Dunbar Projects,Museum,gallery,40.748787,-74.0049963,Tu-Sa 10:00-18:00,osm,0,4.6,8319.0,246.0,120,images/museum/hunter-dunbar-projects.jpg,pexels_name
node/10859974150,532 Gallery Thomas Jaeckel,Museum,gallery,40.7495009,-74.0047674,Tu-Sa 12:00-18:00,osm,0,3.7,1314.0,246.0,120,images/museum/532-gallery-thomas-jaeckel.jpg,pexels_name
node/10859974151,Dobrinka Salzman Gallery,Museum,gallery,40.7494518,-74.0048244,Tu-Su 10:00-17:00,default,0,4.0,3562.0,246.0,120,images/museum/dobrinka-salzman-gallery.jpg,pexels_name
node/10859974152,Petzel Gallery,Museum,gallery,40.7492373,-74.0042332,Tu-Sa 10:00-18:00,osm,0,3.9,3666.0,246.0,120,images/museum/petzel-gallery.jpg,pexels_name
node/10859974153,Lehmann Maupin,Museum,gallery,40.7485353,-74.0038445,Tu-Sa 10:00-18:00,osm,0,4.8,3487.0,246.0,120,images/museum/lehmann-maupin.jpg,pexels_name
node/10859974154,Silverlens Galleries,Museum,gallery,40.7486434,-74.0040119,Tu-Sa 10:00-18:00,osm,0,4.4,907.0,246.0,120,images/museum/silverlens-galleries.jpg,pexels_name
node/10859974155,Marianne Boesky Gallery,Museum,gallery,40.7487557,-74.0043141,Tu-Sa 10:00-18:00,osm,0,4.0,5434.0,246.0,120,images/museum/marianne-boesky-gallery.jpg,pexels_name
node/10859974157,Luhring Augustine Gallery,Museum,gallery,40.7491116,-74.0050793,Tu-Sa 10:00-18:00,osm,0,4.6,1938.0,246.0,120,images/museum/luhring-augustine-gallery.jpg,pexels_name
node/10859974160,C24 Gallery,Museum,gallery,40.7492207,-74.0061341,Tu-Sa 10:00-18:00,osm,0,4.2,395.0,246.0,120,images/museum/c24-gallery.jpg,pexels_name
node/10859974161,Fredericks & Freiser,Museum,gallery,40.7490119,-74.0055599,Tu-Sa 10:00-18:00,osm,0,3.9,9228.0,246.0,120,images/museum/fredericks-freiser.jpg,pexels_name
node/10859974162,Philippe Labaune Gallery,Museum,gallery,40.7489832,-74.0054342,Tu-Sa 10:00-18:00,osm,0,3.9,2327.0,246.0,120,images/museum/philippe-labaune-gallery.jpg,pexels_name
node/10859974163,Anna Zorina Gallery,Museum,gallery,40.7489431,-74.0053524,Tu-Sa 10:00-18:00,osm,0,4.7,732.0,246.0,120,images/museum/anna-zorina-gallery.jpg,pexels_name
node/10859974164,Cavalier Gallery,Museum,gallery,40.7489086,-74.0052508,Tu-Sa 10:00-18:00,osm,0,4.4,4235.0,246.0,120,images/museum/cavalier-gallery.jpg,pexels_name
node/10859974166,Unix Gallery,Museum,gallery,40.7487261,-74.0048372,Tu-Sa 10:00-18:00,osm,0,4.3,19843.0,246.0,120,images/museum/unix-gallery.jpg,pexels_name
node/11892588830,Gallery One Twenty Eight,Museum,gallery,40.7197493,-73.9869763,Tu-Su 10:00-17:00,default,0,3.7,4665.0,148.0,120,images/museum/gallery-one-twenty-eight.jpg,pexels_name
node/13756162806,Scavolini,Museum,gallery,40.7252369,-74.0011425,Tu-Su 10:00-17:00,default,0,4.2,3708.0,211.0,120,images/museum/scavolini.jpg,pexels_name
node/12021903149,PPOW,Museum,gallery,40.7182903,-74.002623,Tu-Su 10:00-17:00,default,0,4.5,1112.0,231.0,120,images/museum/ppow.jpg,pexels_name
node/12983487801,Anarchy 99,Landmark,attraction,40.728184,-73.9846484,Su 12:00-17:00,osm,0,4.2,226.0,79.0,30,images/landmark/anarchy-99.jpg,pexels_name
node/13515963203,Royal Caribbean/Norweigan Cruise Pier,Landmark,attraction,40.7689541,-73.9965225,24/7,default,0,4.3,1269.0,50.0,30,images/landmark/royal-caribbean-norweigan-cruise-pier.jpg,pexels_name
node/13515965301,New York Cruise Pier,Landmark,attraction,40.7694799,-73.9961607,24/7,default,0,4.4,2331.0,50.0,30,images/landmark/new-york-cruise-pier.jpg,pexels_name
node/13640015393,Zohramp,Landmark,attraction,40.7177752,-73.9859295,24/7,default,0,4.2,1125.0,232.0,30,images/landmark/zohramp.jpg,pexels_name
node/13652214675,Carrie Bradshaw’s flat,Landmark,attraction,40.7353668,-74.0038577,24/7,default,0,3.7,565.0,249.0,30,images/landmark/carrie-bradshaw-s-flat.jpg,pexels_name
node/12116978501,Freedom plaza,Landmark,attraction,40.7467784,-73.970297,24/7,default,0,4.0,1037.0,233.0,30,images/landmark/freedom-plaza.jpg,pexels_name
node/13746289643,Freeman Alley - Graffiti,Landmark,attraction,40.7219314,-73.992486,24/7,default,0,3.7,2555.0,148.0,30,images/landmark/freeman-alley-graffiti.jpg,pexels_name
node/748726562,HBP 187 View,Landmark,viewpoint,40.8509205,-73.9268503,24/7,default,0,4.4,4725.0,120.0,30,images/landmark/hbp-187-view.jpg,pexels_name
node/746730288,GWB View,Landmark,viewpoint,40.8498716,-73.9446423,24/7,default,0,4.6,1113.0,244.0,30,images/landmark/gwb-view.jpg,pexels_name
node/11269493780,Strange Days Album Cover Location,Landmark,attraction,40.7470982,-73.97796,24/7,default,0,3.8,1024.0,170.0,30,images/landmark/strange-days-album-cover-location.jpg,pexels_name
node/9877458067,The Friends Experience,Landmark,attraction,40.7394271,-73.9850148,24/7,default,0,3.2,2016.0,107.0,30,images/landmark/the-friends-experience.jpg,pexels_name
node/6052834699,Color Factory,Landmark,attraction,40.7257692,-74.0054309,"Mo-Th 09:00-18:00; Fr, Sa 09:00-20:00; Su 09:00-19:00",osm,0,3.5,3329.0,125.0,30,images/landmark/color-factory.jpg,pexels_name
node/6100997485,Explore Chinatown Information Kiosk,Landmark,attraction,40.7173755,-73.999292,24/7,default,2,4.0,844.0,45.0,30,images/landmark/explore-chinatown-information-kiosk.jpg,pexels_name
node/6163555085,Site of the Beach Pneumatic Subway,Landmark,attraction,40.7133544,-74.0068703,24/7,default,0,3.8,794.0,231.0,30,images/landmark/site-of-the-beach-pneumatic-subway.jpg,pexels_name
node/6206843185,Archibald’s Townhouse,Landmark,attraction,40.773329,-73.9656246,24/7,default,0,4.7,136.0,237.0,30,images/landmark/archibald-s-townhouse.jpg,pexels_name
node/6622078088,Taste Harlem Tour,Landmark,attraction,40.8086259,-73.9443965,24/7,default,0,3.6,423.0,42.0,30,images/landmark/taste-harlem-tour.jpg,pexels_name
node/6938593585,Jump into the Light VR Arcade,Landmark,attraction,40.7216444,-73.9883116,24/7,default,0,3.6,2483.0,148.0,30,images/landmark/jump-into-the-light-vr-arcade.jpg,pexels_name
node/6949759085,King of Green Street,Landmark,attraction,40.7232522,-74.0007008,24/7,default,0,4.2,472.0,211.0,30,images/landmark/king-of-green-street.jpg,pexels_name
node/6949759185,Queen of Green Street,Landmark,attraction,40.7211776,-74.0024475,24/7,default,0,4.2,440.0,211.0,30,images/landmark/queen-of-green-street.jpg,pexels_name
node/6949759186,Little Singer Building,Landmark,attraction,40.7241263,-73.9981638,24/7,default,0,4.5,2337.0,211.0,30,images/landmark/little-singer-building.jpg,pexels_name
node/7615599475,Eleanor Roosevelt High Residence,Landmark,attraction,40.7727305,-73.9632895,24/7,default,0,4.8,999.0,237.0,30,images/landmark/eleanor-roosevelt-high-residence.jpg,pexels_name
node/8146801300,Italian flag painted Apartments,Landmark,attraction,40.7181254,-73.9976025,24/7,default,0,3.6,1432.0,144.0,30,images/landmark/italian-flag-painted-apartments.jpg,pexels_name
node/4097207416,One World Observatory,Landmark,viewpoint,40.712949,-74.0130438,24/7,default,2,4.0,1395.0,261.0,30,images/landmark/one-world-observatory.jpg,pexels_name
node/4270910090,West side highway access,Landmark,viewpoint,40.7991902,-73.9753221,24/7,default,0,4.1,455.0,151.0,30,images/landmark/west-side-highway-access.jpg,pexels_name
node/4589677958,Inspiration Point,Landmark,viewpoint,40.8586025,-73.9373797,24/7,default,0,4.5,6398.0,243.0,30,images/landmark/inspiration-point.jpg,pexels_name
node/422438963,Robert Burns,Landmark,artwork,40.770193,-73.9725659,24/7,default,0,3.5,1229.0,43.0,30,images/landmark/robert-burns.jpg,pexels_name
node/422438965,Christopher Columbus,Landmark,artwork,40.7699059,-73.9727725,24/7,default,0,4.5,1462.0,43.0,30,images/landmark/christopher-columbus.jpg,pexels_name
node/432760466,Three Dancing Maidens – Untermyer Fountain,Landmark,artwork,40.7942639,-73.9519498,24/7,default,0,4.1,624.0,43.0,30,images/landmark/three-dancing-maidens-untermyer-fountain.jpg,pexels_name
node/561042174,The Sphere,Landmark,artwork,40.7104974,-74.0138892,24/7,default,2,3.7,1949.0,261.0,30,images/landmark/the-sphere.jpg,pexels_name
node/561950053,William Shakespeare,Landmark,artwork,40.7697989,-73.9723702,24/7,default,0,4.5,290.0,43.0,30,images/landmark/william-shakespeare.jpg,pexels_name
node/561950133,Indian Hunter,Landmark,artwork,40.7703769,-73.9731523,24/7,default,0,4.7,1582.0,43.0,30,images/landmark/indian-hunter.jpg,pexels_name
node/561950155,Fitz-Greene Halleck,Landmark,artwork,40.7706639,-73.9721367,24/7,default,0,4.7,341.0,43.0,30,images/landmark/fitz-greene-halleck.jpg,pexels_name
node/561950603,Alice in Wonderland,Landmark,artwork,40.7750382,-73.9665337,24/7,default,0,3.6,887.0,43.0,30,images/landmark/alice-in-wonderland.jpg,pexels_name
node/600524075,Burnett Memorial Fountain,Landmark,artwork,40.7931582,-73.9527596,24/7,default,0,4.3,4208.0,43.0,30,images/landmark/burnett-memorial-fountain.jpg,pexels_name
node/793892336,Netherland Monument,Landmark,artwork,40.7044082,-74.014598,24/7,default,2,4.4,823.0,12.0,30,images/landmark/netherland-monument.jpg,pexels_name
node/1329113669,Triumph of the Human Spirit,Landmark,artwork,40.7144385,-74.0028881,24/7,default,2,3.7,2675.0,231.0,30,images/landmark/triumph-of-the-human-spirit.jpg,pexels_name
node/1332501243,Prometheus,Landmark,artwork,40.7587051,-73.9785783,24/7,default,0,3.7,3679.0,161.0,30,images/landmark/prometheus.jpg,pexels_name
node/1606670273,Eagle,Landmark,artwork,40.7021499,-74.0158334,24/7,default,0,4.0,3569.0,12.0,30,images/landmark/eagle.jpg,pexels_name
node/2186522365,Jasper’s Split Star,Landmark,artwork,40.7132396,-74.0114845,24/7,default,2,4.4,896.0,231.0,30,images/landmark/jasper-s-split-star.jpg,pexels_name
node/2270245977,3000 A.D. Diffusion Piece,Landmark,artwork,40.8471692,-73.9420363,24/7,default,0,3.9,761.0,244.0,30,images/landmark/3000-a-d-diffusion-piece.jpg,pexels_name
node/422438959,Sir Walter Scott,Landmark,artwork,40.7701407,-73.9723395,24/7,default,0,4.3,1063.0,43.0,30,images/landmark/sir-walter-scott.jpg,pexels_name
node/6052834698,NBC Studios,Landmark,attraction,40.7591424,-73.9796681,24/7,default,0,3.9,875.0,161.0,30,images/landmark/nbc-studios.jpg,pexels_name
node/373069793,Charging Bull,Landmark,artwork,40.7055641,-74.0134462,24/7,default,1,4.1,182.0,261.0,30,images/landmark/charging-bull.jpg,pexels_name
node/357620718,Richard Morris Hunt,Landmark,artwork,40.7714555,-73.9679875,24/7,default,0,4.3,456.0,43.0,30,images/landmark/richard-morris-hunt.jpg,pexels_name
node/5213998223,Free Public Stargazing,Landmark,viewpoint,40.740586,-74.0081171,Tu dusk-19:00,osm,0,3.6,259.0,158.0,30,images/landmark/free-public-stargazing.jpg,pexels_name
node/5347662822,Sylvan Terrace,Landmark,viewpoint,40.8348393,-73.9397021,24/7,default,0,3.4,338.0,244.0,30,images/landmark/sylvan-terrace.jpg,pexels_name
node/5349369721,Skate Circle,Landmark,viewpoint,40.7730729,-73.9725019,24/7,default,0,3.8,4771.0,43.0,30,images/landmark/skate-circle.jpg,pexels_name
node/5844051585,Top of the Rock,Landmark,viewpoint,40.7590344,-73.9793952,24/7,default,2,3.9,1152.0,161.0,30,images/landmark/top-of-the-rock.jpg,pexels_name
node/9423683707,Hudson Yards Vista Point,Landmark,viewpoint,40.7556323,-74.005591,24/7,default,0,3.4,440.0,246.0,30,images/landmark/hudson-yards-vista-point.jpg,pexels_name
node/9765434817,Edge,Landmark,viewpoint,40.7539509,-74.0006727,24/7,default,0,4.3,558.0,246.0,30,images/landmark/edge.jpg,pexels_name
node/10037902217,Staple Street Skybridge,Landmark,viewpoint,40.7183436,-74.0094133,24/7,default,0,5.0,2592.0,231.0,30,images/landmark/staple-street-skybridge.jpg,pexels_name
node/10202468617,Summit One Vanderbilt,Landmark,viewpoint,40.7528374,-73.9785218,24/7,default,0,4.2,2274.0,161.0,30,images/landmark/summit-one-vanderbilt.jpg,pexels_name
node/13652950632,Tudor City Bridge,Landmark,viewpoint,40.7491245,-73.9705162,24/7,default,0,3.8,1064.0,233.0,30,images/landmark/tudor-city-bridge.jpg,pexels_name
node/357621823,Joan of Arc Memorial,Landmark,artwork,40.7941111,-73.9764799,24/7,default,0,3.5,526.0,238.0,30,images/landmark/joan-of-arc-memorial.jpg,pexels_name
node/5927588585,Mark Twain House,Landmark,attraction,40.7337057,-73.9964593,24/7,default,0,4.1,941.0,113.0,30,images/landmark/mark-twain-house.jpg,pexels_name
node/5927576885,Hangman's Elm,Landmark,attraction,40.7319686,-73.9986093,24/7,default,0,4.9,329.0,114.0,30,images/landmark/hangman-s-elm.jpg,pexels_name
node/5919381986,Bloody Angle,Landmark,attraction,40.7144127,-73.9981498,24/7,default,0,4.3,3291.0,45.0,30,images/landmark/bloody-angle.jpg,pexels_name
node/12997486602,Grey Art Museum,Museum,gallery,40.7278101,-73.9915408,"Tu, Th-Fr 11:00-18:00; We 11:00-20:00; Sa 11:00-17:00",osm,0,5.0,1447.0,113.0,120,images/museum/grey-art-museum.jpg,pexels_name
node/13036463545,Frieda and Roy Furman Gallery,Museum,gallery,40.7740811,-73.9842783,Tu-Su 10:00-17:00,default,0,4.5,3154.0,142.0,120,images/museum/frieda-and-roy-furman-gallery.jpg,pexels_name
node/13241423684,Studio6 Gallery,Museum,gallery,40.7200689,-73.9879624,Tu-Su 10:00-17:00,default,0,4.4,1847.0,148.0,120,images/museum/studio6-gallery.jpg,pexels_name
node/13527284801,Holographic Studios NYC,Museum,gallery,40.7226517,-73.9846926,Tu 13:00-18:00; We-Th 12:00-18:00; Fr 13:00-19:00; Sa 12:00-19:00,osm,0,4.2,10284.0,79.0,120,images/museum/holographic-studios-nyc.jpg,pexels_name
node/13682816483,Canal Projects NY,Museum,gallery,40.720925,-74.0035477,Tu-Sa 12:00-18:00,osm,0,4.1,1448.0,211.0,120,images/museum/canal-projects-ny.jpg,pexels_name
node/13682884531,125 Newbury,Museum,gallery,40.7185831,-74.0027752,Tu-Sa 10:00-16:00,osm,0,5.0,1027.0,231.0,120,images/museum/125-newbury.jpg,pexels_name
node/13685610944,Cristin Tierney,Museum,gallery,40.7189299,-74.003573,Tu-Sa 10:00-18:00,osm,0,4.1,1778.0,231.0,120,images/museum/cristin-tierney.jpg,pexels_name
node/13756162803,Sorrel Sky Gallery,Museum,gallery,40.7250274,-74.0013175,Tu-Su 10:00-17:00,default,0,4.6,2361.0,211.0,120,images/museum/sorrel-sky-gallery.jpg,pexels_name
node/8149922758,Judd Foundation,Museum,gallery,40.7235189,-73.9994085,Tu-Su 10:00-17:00,default,0,3.8,1306.0,211.0,120,images/museum/judd-foundation.jpg,pexels_name
node/13756162807,Franklin Bowles Galleries,Museum,gallery,40.7252899,-74.0011056,Tu-Su 10:00-17:00,default,0,4.1,1880.0,211.0,120,images/museum/franklin-bowles-galleries.jpg,pexels_name
node/4685779445,The River Project Wetlab,Museum,aquarium,40.7284564,-74.0135288,Tu-Su 10:00-17:00,default,0,4.4,2794.0,158.0,120,images/museum/the-river-project-wetlab.jpg,pexels_name
node/158809984,SoHo,Landmark,attraction,40.72288,-73.9987505,24/7,default,0,3.4,2342.0,144.0,30,images/landmark/soho.jpg,pexels_name
node/12852178435,Ki Smith Gallery,Museum,gallery,40.7212881,-73.9912165,We-Su 12:00-18:00,osm,0,4.4,6054.0,148.0,120,images/museum/ki-smith-gallery.jpg,pexels_name
node/320948228,South Street Seaport,Landmark,attraction,40.7057505,-74.0029056,24/7,default,2,4.3,2413.0,87.0,30,images/landmark/south-street-seaport.jpg,pexels_name
node/12022095654,Sargent's Daughters,Museum,gallery,40.717639,-74.003176,Tu-Sa 10:00-18:00,osm,0,4.5,1849.0,231.0,120,images/museum/sargent-s-daughters.jpg,pexels_name
node/12022102856,JJ Murphy Gallery,Museum,gallery,40.7219332,-73.9903883,Tu-Su 10:00-17:00,default,0,5.0,4072.0,148.0,120,images/museum/jj-murphy-gallery.jpg,pexels_name
node/12022143172,Bureau,Museum,gallery,40.7156153,-74.0065097,Tu-Su 10:00-17:00,default,0,4.5,720.0,231.0,120,images/museum/bureau.jpg,pexels_name
node/12022143321,Karma,Museum,gallery,40.7253876,-73.9909058,Tu-Su 10:00-17:00,default,0,3.8,2527.0,79.0,120,images/museum/karma.jpg,pexels_name
node/12047551069,Susan Sheehan Gallery,Museum,gallery,40.7257429,-73.9985087,10:00-18:00,osm,0,4.4,1223.0,211.0,120,images/museum/susan-sheehan-gallery.jpg,pexels_name
node/12088942774,All Street Gallery,Museum,gallery,40.725038,-73.9883259,Tu-Su 10:00-17:00,default,0,4.3,7128.0,79.0,120,images/museum/all-street-gallery.jpg,pexels_name
node/12150623970,Metropolitan Graphic Art Gallery,Museum,gallery,40.7728676,-73.9551746,Tu-Su 10:00-17:00,default,2,4.5,802.0,141.0,120,images/museum/metropolitan-graphic-art-gallery.jpg,pexels_name
node/12228581278,island nyc,Museum,gallery,40.7167915,-73.9954421,Tu-Su 10:00-17:00,default,0,4.3,1050.0,148.0,120,images/museum/island-nyc.jpg,pexels_name
node/12477113527,Ashley Longshore Studio Gallery,Museum,gallery,40.7217498,-73.9986288,We-Su 11:00-17:00,osm,0,4.2,1436.0,144.0,120,images/museum/ashley-longshore-studio-gallery.jpg,pexels_name
node/12477212288,Space Gallery,Museum,gallery,40.7214151,-73.9987389,Tu-Su 10:00-17:00,default,0,4.1,732.0,144.0,120,images/museum/space-gallery.jpg,pexels_name
node/12479654312,MetaMorfosi,Museum,gallery,40.7178117,-74.0030315,Tu-Su 10:00-17:00,default,0,4.3,1277.0,231.0,120,images/museum/metamorfosi.jpg,pexels_name
node/12549884714,ABRI MARS,Museum,gallery,40.7202681,-73.9851754,We-Sa 12:00-18:00,osm,0,3.3,10334.0,148.0,120,images/museum/abri-mars.jpg,pexels_name
node/12570555185,Gallery El Dorado,Museum,gallery,40.7657632,-73.9768318,Tu-Su 10:00-17:00,default,0,4.7,1480.0,163.0,120,images/museum/gallery-el-dorado.jpg,pexels_name
node/12729378403,Decorazon,Museum,gallery,40.7221481,-73.9852583,Tu-Su 10:00-17:00,default,0,4.3,783.0,79.0,120,images/museum/decorazon.jpg,pexels_name
node/11969362708,chashama,Museum,gallery,40.7356045,-73.9922799,Tu-Su 10:00-17:00,default,2,4.9,9124.0,234.0,120,images/museum/chashama.jpg,pexels_name
node/368043598,Stonewall Inn,Landmark,attraction,40.7338163,-74.0021613,Mo-Su 14:00-04:00,osm,1,4.2,2267.0,249.0,30,images/landmark/stonewall-inn.jpg,pexels_name
node/1240900824,Seal,Landmark,attraction,40.7683715,-73.9716059,24/7,default,2,4.2,343.0,43.0,30,images/landmark/seal.jpg,pexels_name
node/4351547190,Chinatown,Landmark,attraction,40.7156257,-73.9984718,24/7,default,0,3.9,1111.0,45.0,30,images/landmark/chinatown.jpg,pexels_name
node/4425455889,Cocktail Kingdom,Landmark,attraction,40.7436081,-73.9907173,24/7,default,0,3.9,839.0,234.0,30,images/landmark/cocktail-kingdom.jpg,pexels_name
node/4441423089,Cortlandt Alley,Landmark,attraction,40.7177393,-74.0023028,24/7,default,0,4.1,937.0,231.0,30,images/landmark/cortlandt-alley.jpg,pexels_name
node/4470028591,Greenwich Village,Landmark,attraction,40.7335844,-74.0028172,24/7,default,0,4.1,428.0,249.0,30,images/landmark/greenwich-village.jpg,pexels_name
node/4822806224,Barthman's Sidewalk Clock,Landmark,attraction,40.7098195,-74.0099251,24/7,default,2,3.8,357.0,87.0,30,images/landmark/barthman-s-sidewalk-clock.jpg,pexels_name
node/4822806225,Dream house,Landmark,attraction,40.7184994,-74.0048345,Th-Sa 14:00-00:00,osm,0,4.5,185.0,231.0,30,images/landmark/dream-house.jpg,pexels_name
node/4822806226,La de forest house,Landmark,attraction,40.733199,-73.9946773,24/7,default,0,4.6,3031.0,113.0,30,images/landmark/la-de-forest-house.jpg,pexels_name
node/5016404328,Chelsea Flea Market,Landmark,attraction,40.7436928,-73.9903215,Sa-Su 08:00-17:00,osm,2,4.0,124.0,234.0,30,images/landmark/chelsea-flea-market.jpg,pexels_name
node/5019124321,Original brown stone houses,Landmark,attraction,40.8230347,-73.9474058,24/7,default,0,4.0,949.0,116.0,30,images/landmark/original-brown-stone-houses.jpg,pexels_name
node/5190610589,NY Skyride,Landmark,attraction,40.7483271,-73.9856549,24/7,default,0,3.7,662.0,164.0,30,images/landmark/ny-skyride.jpg,pexels_name
node/5215246721,Textile building,Landmark,attraction,40.7174626,-74.0056679,24/7,default,0,4.7,1702.0,231.0,30,images/landmark/textile-building.jpg,pexels_name
node/5258640021,The Ride,Landmark,attraction,40.7549459,-73.991113,24/7,default,0,3.7,278.0,100.0,30,images/landmark/the-ride.jpg,pexels_name
node/5763751554,Anton Kern Gallery,Landmark,attraction,40.7611131,-73.9739449,24/7,default,0,4.0,843.0,161.0,30,images/landmark/anton-kern-gallery.jpg,pexels_name
node/5849724991,Spyscape,Landmark,attraction,40.7650644,-73.9838591,24/7,default,2,4.3,651.0,163.0,30,images/landmark/spyscape.jpg,pexels_name
node/4324579690,Couv Led Zepp 5e album,Landmark,attraction,40.7273461,-73.9850116,24/7,default,0,4.3,4702.0,79.0,30,images/landmark/couv-led-zepp-5e-album.jpg,pexels_name
node/1240900810,Tortoise,Landmark,attraction,40.7679978,-73.9727565,24/7,default,2,4.4,962.0,43.0,30,images/landmark/tortoise.jpg,pexels_name
node/4319650089,Colonnade row,Landmark,attraction,40.72928,-73.9924535,24/7,default,0,4.0,751.0,113.0,30,images/landmark/colonnade-row.jpg,pexels_name
node/1240900847,Puffin,Landmark,attraction,40.7681959,-73.9713336,24/7,default,0,4.1,1041.0,43.0,30,images/landmark/puffin.jpg,pexels_name
node/1240900912,California Sea Lion,Landmark,attraction,40.767819,-73.9717588,24/7,default,2,3.9,333.0,43.0,30,images/landmark/california-sea-lion.jpg,pexels_name
node/1240900960,Gentoo Penguin,Landmark,attraction,40.7683299,-73.971457,24/7,default,0,4.2,952.0,43.0,30,images/landmark/gentoo-penguin.jpg,pexels_name
node/1240900963,Grizzly Bear,Landmark,attraction,40.7684264,-73.9719208,24/7,default,1,4.3,652.0,43.0,30,images/landmark/grizzly-bear.jpg,pexels_name
node/1240901027,Snow Monkey,Landmark,attraction,40.7681796,-73.9723113,24/7,default,0,4.6,495.0,43.0,30,images/landmark/snow-monkey.jpg,pexels_name
node/1240901089,Red Panda,Landmark,attraction,40.7682913,-73.9727846,24/7,default,2,4.8,247.0,43.0,30,images/landmark/red-panda.jpg,pexels_name
node/1240901124,Snow Leopard,Landmark,attraction,40.7686684,-73.9724099,24/7,default,0,4.3,1462.0,43.0,30,images/landmark/snow-leopard.jpg,pexels_name
node/2517056822,Flatiron District,Landmark,attraction,40.7410722,-73.9896534,24/7,default,0,3.8,1404.0,234.0,30,images/landmark/flatiron-district.jpg,pexels_name
node/2768171711,La casa de los Tenenbaums,Landmark,attraction,40.8237942,-73.9465643,24/7,default,0,4.6,169.0,116.0,30,images/landmark/la-casa-de-los-tenenbaums.jpg,pexels_name
node/3278932286,Delacorte Musical Clock,Landmark,attraction,40.7681147,-73.9711748,24/7,default,0,4.3,136.0,43.0,30,images/landmark/delacorte-musical-clock.jpg,pexels_name
node/3572646793,Tropical Zone,Landmark,attraction,40.7676311,-73.9725255,24/7,default,0,3.7,3681.0,43.0,30,images/landmark/tropical-zone.jpg,pexels_name
node/3597257542,Le Carrousel,Landmark,attraction,40.7534287,-73.9838795,24/7,default,0,3.9,390.0,164.0,30,images/landmark/le-carrousel.jpg,pexels_name
node/3830610284,Friends Building,Landmark,attraction,40.7323594,-74.0052999,24/7,default,0,4.0,5229.0,249.0,30,images/landmark/friends-building.jpg,pexels_name
node/4236846690,Chelsea Market,Landmark,attraction,40.7429236,-74.0069958,Mo-Sa 07:00-21:00; Su 08:00-20:00,osm,0,3.4,431.0,68.0,30,images/landmark/chelsea-market.jpg,pexels_name
node/4314829890,Liz Christy Garden,Landmark,attraction,40.724241,-73.9921517,24/7,default,1,4.7,4420.0,79.0,30,images/landmark/liz-christy-garden.jpg,pexels_name
node/8076261683,Amanita,Museum,gallery,40.7251309,-73.9919779,Tu-Su 10:00-17:00,default,0,4.3,742.0,79.0,120,images/museum/amanita.jpg,pexels_name
node/8062794938,303 Gallery,Museum,gallery,40.7475429,-74.0075391,Tu-Sa 11:00-17:00,osm,0,4.5,1044.0,246.0,120,images/museum/303-gallery.jpg,pexels_name
node/5695142890,Broadway Mall Gallery,Museum,gallery,40.7949144,-73.9715855,Tu-Su 10:00-17:00,default,0,4.5,6464.0,238.0,120,images/museum/broadway-mall-gallery.jpg,pexels_name
node/5813555226,Miriam and Ira D. Wallach Art Gallery,Museum,gallery,40.8172422,-73.9586445,We-Fr 12:00-20:00; Sa-Su 12:00-18:00,osm,2,3.9,1943.0,152.0,120,images/museum/miriam-and-ira-d-wallach-art-gallery.jpg,pexels_name
node/5919906699,Eric Firestone Gallery,Museum,gallery,40.7269555,-73.9926816,Tu-Su 10:00-17:00,default,0,4.1,570.0,114.0,120,images/museum/eric-firestone-gallery.jpg,pexels_name
node/5941231085,Graffiti Hall of Fame,Museum,gallery,40.7932038,-73.9480796,Tu-Su 10:00-17:00,default,0,4.4,14915.0,75.0,120,images/museum/graffiti-hall-of-fame.jpg,pexels_name
node/6222196494,Zürcher Studio,Museum,gallery,40.7257629,-73.9937321,Tu-Sa 12:00-18:00; Su 14:00-18:00,osm,0,4.4,4723.0,114.0,120,images/museum/z-rcher-studio.jpg,pexels_name
node/5415635153,Westwood Gallery,Museum,gallery,40.7233254,-73.9931761,Tu-Sa 10:00-18:00,osm,0,4.4,4122.0,144.0,120,images/museum/westwood-gallery.jpg,pexels_name
node/6225327081,Theresa Byrnes,Museum,gallery,40.7258135,-73.9795215,Tu 13:30-17:00; Th 14:00-18:00; Fr 14:00-19:00; Sa 13:00-19:00; Su 14:00-17:00,osm,0,4.2,5712.0,4.0,120,images/museum/theresa-byrnes.jpg,pexels_name
node/2567557185,Magenta Plains,Museum,gallery,40.7164341,-73.995463,We-Su 11:00-18:00,osm,0,4.0,1200.0,148.0,120,images/museum/magenta-plains.jpg,pexels_name
node/2713432144,Art Clinic,Museum,gallery,40.7187633,-73.9831736,Tu-Su 10:00-17:00,default,0,5.0,5802.0,232.0,120,images/museum/art-clinic.jpg,pexels_name
node/2826801779,Hashimoto Contemporary,Museum,gallery,40.7184451,-73.9826995,Tu-Su 10:00-17:00,default,0,5.0,751.0,232.0,120,images/museum/hashimoto-contemporary.jpg,pexels_name
node/4319632990,Salmagundi Club,Museum,gallery,40.7343016,-73.9945529,Tu-Su 10:00-17:00,default,0,4.7,1456.0,113.0,120,images/museum/salmagundi-club.jpg,pexels_name
node/4706140689,Voltz Clarke Gallery,Museum,gallery,40.7220357,-73.9920403,"Mo-Fr 10:00-18:00; Sa 12:00-17:00||Su ""by appointment""",osm,0,4.7,3242.0,148.0,120,images/museum/voltz-clarke-gallery.jpg,pexels_name
node/4764733060,Rachel Uffner,Museum,gallery,40.7209311,-73.984974,Tu-Su 10:00-17:00,default,0,5.0,612.0,148.0,120,images/museum/rachel-uffner.jpg,pexels_name
node/4771881065,Morgan Presents,Museum,gallery,40.7208065,-73.9852723,Tu-Sa 10:00-18:00,osm,0,4.7,5004.0,148.0,120,images/museum/morgan-presents.jpg,pexels_name
node/4798493527,Michael Altman Fine Art,Museum,gallery,40.7700521,-73.965721,Mo-Fr 10:00-17:00; PH off,osm,0,4.0,4476.0,237.0,120,images/museum/michael-altman-fine-art.jpg,pexels_name
node/4809889324,Shrine,Museum,gallery,40.7175806,-74.0032249,Tu-Sa 10:00-18:00,osm,2,4.4,1667.0,231.0,120,images/museum/shrine.jpg,pexels_name
node/5067046492,Dretore Gallery,Museum,gallery,40.7231733,-74.0022944,Tu-Su 10:00-17:00,default,0,5.0,2001.0,211.0,120,images/museum/dretore-gallery.jpg,pexels_name
node/5265714964,The Print Room,Museum,gallery,40.7179792,-74.0049073,Tu-Su 10:00-17:00,default,0,4.6,1062.0,231.0,120,images/museum/the-print-room.jpg,pexels_name
node/6231307187,SLEEPCENTER,Museum,gallery,40.7117446,-73.9961249,Tu-Su 10:00-17:00,default,0,4.0,4752.0,45.0,120,images/museum/sleepcenter.jpg,pexels_name
node/6231307189,Essex Flowers Gallery,Museum,gallery,40.7117466,-73.9956636,Tu-Su 10:00-17:00,default,0,3.8,1434.0,45.0,120,images/museum/essex-flowers-gallery.jpg,pexels_name
node/6231514599,FIERMAN,Museum,gallery,40.713402,-73.9912954,We-Su 12:00-18:00,osm,0,4.3,2186.0,232.0,120,images/museum/fierman.jpg,pexels_name
node/13102102499,New York Central Railroad 69th Street Transfer Bridge,Landmark,memorial,40.7789823,-73.9892363,24/7,default,0,4.0,1372.0,143.0,30,images/landmark/new-york-central-railroad-69th-street-transfer-bridge.jpg,pexels_name
node/13087382861,Saint Tikhon,Landmark,memorial,40.7881744,-73.9540865,24/7,default,0,4.4,1799.0,75.0,30,images/landmark/saint-tikhon.jpg,pexels_name
node/12955408001,Memorial Tree World War 1917-1918,Landmark,memorial,40.771921,-73.9708489,24/7,default,0,3.7,796.0,43.0,30,images/landmark/memorial-tree-world-war-1917-1918.jpg,pexels_name
node/12919485488,Lillian Grolitzer Community Room,Landmark,memorial,40.7092484,-74.0034399,24/7,default,0,4.6,2045.0,209.0,30,images/landmark/lillian-grolitzer-community-room.jpg,pexels_name
node/12277101006,PS/IS 89 Playground,Landmark,memorial,40.7167276,-74.0134456,24/7,default,0,4.9,468.0,13.0,30,images/landmark/ps-is-89-playground.jpg,pexels_name
node/12145268036,John Paul II,Landmark,memorial,40.7586334,-73.9766388,24/7,default,0,3.8,1842.0,161.0,30,images/landmark/john-paul-ii.jpg,pexels_name
node/12101636842,San Remo Cafe,Landmark,memorial,40.7293534,-74.0011356,24/7,default,0,3.5,602.0,114.0,30,images/landmark/san-remo-cafe.jpg,pexels_name
node/11986125261,In Memory of Frank Liu,Landmark,memorial,40.7426208,-74.0025002,24/7,default,0,4.3,602.0,68.0,30,images/landmark/in-memory-of-frank-liu.jpg,pexels_name
node/11977746100,Matthew Travis Palacios,Landmark,memorial,40.8018892,-73.9312277,24/7,default,0,4.0,1813.0,74.0,30,images/landmark/matthew-travis-palacios.jpg,pexels_name
node/11787761723,Playground Addition,Landmark,memorial,40.8587499,-73.9339827,24/7,default,0,4.0,1344.0,243.0,30,images/landmark/playground-addition.jpg,pexels_name
node/11770403752,George B. McClellan Jr.,Landmark,memorial,40.7480102,-74.0090123,24/7,default,0,4.1,1442.0,246.0,30,images/landmark/george-b-mcclellan-jr.jpg,pexels_name
node/13174912468,Liu Xiaobo Memorial Bench,Landmark,memorial,40.7910037,-73.9626875,24/7,default,0,3.7,972.0,43.0,30,images/landmark/liu-xiaobo-memorial-bench.jpg,pexels_name
node/13175253952,Dr. Gao Yaojie Memorial Bench,Landmark,memorial,40.7884658,-73.9665595,24/7,default,0,3.8,410.0,43.0,30,images/landmark/dr-gao-yaojie-memorial-bench.jpg,pexels_name
node/13471557994,The Triangle Fire Memorial,Landmark,memorial,40.730002,-73.9952248,24/7,default,0,4.2,1185.0,113.0,30,images/landmark/the-triangle-fire-memorial.jpg,pexels_name
node/13649321043,Jane Jakons Plaque,Landmark,memorial,40.7353529,-74.0061998,24/7,osm,0,4.4,708.0,158.0,30,images/landmark/jane-jakons-plaque.jpg,pexels_name
node/6233607285,Con Artist Collective,Museum,gallery,40.7196295,-73.9887194,Mo-Sa 11:00-19:00,osm,0,4.4,3107.0,148.0,120,images/museum/con-artist-collective.jpg,pexels_name
node/6233954066,Perrotin New York,Museum,gallery,40.7196517,-73.9892959,Tu-Sa 10:00-18:00,osm,0,4.5,1033.0,148.0,120,images/museum/perrotin-new-york.jpg,pexels_name
node/6236928057,bitforms gallery,Museum,gallery,40.7200826,-73.990232,We-Sa 11:00-18:00; Su 12:00-18:00,osm,0,4.4,2676.0,148.0,120,images/museum/bitforms-gallery.jpg,pexels_name
node/6256784609,James Fuentes LLC,Museum,gallery,40.7191881,-73.9911739,We-Su 10:00-18:00,osm,2,4.4,11741.0,148.0,120,images/museum/james-fuentes-llc.jpg,pexels_name
node/6261902489,Alexander and Bonin,Museum,gallery,40.7190232,-74.0036388,Tu-Su 10:00-17:00,default,0,4.2,1117.0,231.0,120,images/museum/alexander-and-bonin.jpg,pexels_name
node/6281938397,Reena Spauldings Fine Art,Museum,gallery,40.7139131,-73.9899544,Th-Su 12:00-18:00,osm,0,4.4,2567.0,232.0,120,images/museum/reena-spauldings-fine-art.jpg,pexels_name
node/2567557154,Shin Gallery,Museum,gallery,40.7172602,-73.9905269,Tu-Su 10:00-17:00,default,0,4.7,731.0,148.0,120,images/museum/shin-gallery.jpg,pexels_name
node/6285350420,HG Contemporary,Museum,gallery,40.748353,-74.0052494,Mo-Sa 11:00-18:00,osm,0,4.6,3207.0,246.0,120,images/museum/hg-contemporary.jpg,pexels_name
node/13767748116,Temple Emanu El,Landmark,memorial,40.7681116,-73.9700132,24/7,default,0,4.0,1311.0,237.0,30,images/landmark/temple-emanu-el.jpg,pexels_name
node/13767747443,Belverde,Landmark,memorial,40.7794738,-73.9691384,24/7,default,2,4.5,2009.0,43.0,30,images/landmark/belverde.jpg,pexels_name
node/13763522256,Duffy Square,Landmark,memorial,40.7590459,-73.9849907,24/7,default,0,3.6,1927.0,230.0,30,images/landmark/duffy-square.jpg,pexels_name
node/13740336304,Bishop Nekolay,Landmark,memorial,40.7434237,-73.9898113,24/7,default,0,4.1,1060.0,234.0,30,images/landmark/bishop-nekolay.jpg,pexels_name
node/13730000676,Police Officer Moira Ann Smith Playground,Landmark,memorial,40.7424355,-73.9873856,24/7,default,0,4.1,886.0,234.0,30,images/landmark/police-officer-moira-ann-smith-playground.jpg,pexels_name
node/6318314034,186f Kepler,Museum,gallery,40.7167838,-73.9971521,Tu-Su 10:00-17:00,default,0,4.7,1870.0,144.0,120,images/museum/186f-kepler.jpg,pexels_name
node/2567538735,La Sala de Pepe,Museum,gallery,40.7230918,-73.9797591,Tu-Su 10:00-17:00,default,0,3.9,1459.0,4.0,120,images/museum/la-sala-de-pepe.jpg,pexels_name
node/2565702271,Art Projects International,Museum,gallery,40.7226366,-74.0098159,Th-Sa 11:00-18:00,osm,0,4.4,5346.0,231.0,120,images/museum/art-projects-international.jpg,pexels_name
node/2563930256,Andrew Kreps Gallery,Museum,gallery,40.7181761,-74.0020133,Tu-Sa 10:00-18:00,osm,0,4.5,1012.0,231.0,120,images/museum/andrew-kreps-gallery.jpg,pexels_name
node/4332192139,Italian American Museum,Museum,museum,40.719105,-73.997523,Tu-Su 10:00-17:00,default,0,5.0,2471.0,144.0,120,images/museum/italian-american-museum.jpg,pexels_name
node/4462440249,The Morgan Library & Museum,Museum,museum,40.7492685,-73.9814652,"Tu-Su 10:30-17:00; Fr 10:30-19:00; Mo off; Nov Th[4]; Jan 01, Dec 25 off",osm,2,4.5,3914.0,170.0,120,images/museum/the-morgan-library-museum.jpg,pexels_name
node/4491242890,The Met Cloisters,Museum,museum,40.8648684,-73.9319228,Th-Tu 10:00-16:30,osm,1,4.7,4660.0,243.0,120,images/museum/the-met-cloisters.jpg,pexels_name
node/4605597194,ICP International Center of Photography Museum,Museum,museum,40.7230882,-73.9933858,"Tu-We, Fr-Su 10:00-18:00; Th 09:00-21:00",osm,0,4.6,1554.0,144.0,120,images/museum/icp-international-center-of-photography-museum.jpg,pexels_name
node/4778356621,Hayden Planetarium,Museum,museum,40.7813974,-73.9733215,Mo-Su 10:00-17:30,osm,2,4.6,1673.0,239.0,120,images/museum/hayden-planetarium.jpg,pexels_name
node/4822836222,Garbage museum,Museum,museum,40.7856582,-73.9439308,Tu-Su 10:00-17:00,default,0,4.7,6393.0,75.0,120,images/museum/garbage-museum.jpg,pexels_name
node/5166579821,Ground Zero Museum Workshop,Museum,museum,40.74121,-74.0067195,We-Su 11:00-15:00,osm,2,4.0,1023.0,158.0,120,images/museum/ground-zero-museum-workshop.jpg,pexels_name
node/5296084264,Sugar Hill Children's Museum of Art and Story Telling,Museum,museum,40.8304543,-73.941171,Tu-Su 10:00-17:00,default,2,4.3,2558.0,116.0,120,images/museum/sugar-hill-children-s-museum-of-art-and-story-telling.jpg,pexels_name
node/5420936939,The Studio Museum In Harlem,Museum,museum,40.8084179,-73.947616,Tu-Su 10:00-17:00,default,0,4.4,2064.0,41.0,120,images/museum/the-studio-museum-in-harlem.jpg,pexels_name
node/5509996164,The Renee and Chaim Gross Foundation,Museum,museum,40.7284684,-73.99882,"Th,Fr 13:00-17:00",osm,1,3.8,698.0,114.0,120,images/museum/the-renee-and-chaim-gross-foundation.jpg,pexels_name
node/5640186350,Mmuseumm,Museum,museum,40.717363,-74.002815,"Sa-Su 12:00-18:00 open ""Museum"" || 00:00-24:00 open ""Viewing windows""",osm,2,4.4,363.0,231.0,120,images/museum/mmuseumm.jpg,pexels_name
node/4252536496,National Museum of Mathematics,Museum,museum,40.7435852,-73.9877866,Mo-Su 10:00-17:00,osm,2,4.7,1762.0,234.0,120,images/museum/national-museum-of-mathematics.jpg,pexels_name
node/4224363289,Museum of Sex,Museum,museum,40.7440374,-73.9873576,"Mo-Th,Su 13:00-22:00; Fr 13:00-00:00; Sa 12:00-00:00",osm,2,5.0,12673.0,234.0,120,images/museum/museum-of-sex.jpg,pexels_name
node/3623620317,The Museum at FIT,Museum,museum,40.7466544,-73.9941473,Tu-Fr 12:00-20:00; Sa 10:00-17:00,osm,0,4.2,1836.0,186.0,120,images/museum/the-museum-at-fit.jpg,pexels_name
node/3224793125,American Folk Art Museum,Museum,museum,40.7732296,-73.9815958,We-Su 11:30-18:00,osm,2,4.6,7812.0,142.0,120,images/museum/american-folk-art-museum.jpg,pexels_name
node/368052081,Fraunces Tavern Museum,Museum,museum,40.703387,-74.011354,12:00-17:00,osm,2,3.7,479.0,88.0,120,images/museum/fraunces-tavern-museum.jpg,pexels_name
node/368061337,National Museum of the American Indian,Museum,museum,40.704027,-74.013747,Mo-Su 10:00-17:00; Dec 25 off,osm,2,4.1,3187.0,88.0,120,images/museum/national-museum-of-the-american-indian.jpg,pexels_name
node/368061605,Yeshiva University Museum,Museum,museum,40.737978,-73.9938312,Tu-Su 10:00-17:00,default,2,3.9,313.0,234.0,120,images/museum/yeshiva-university-museum.jpg,pexels_name
node/368061657,Museum of African Art,Museum,museum,40.725,-73.9977778,Tu-Su 10:00-17:00,default,0,4.6,1031.0,211.0,120,images/museum/museum-of-african-art.jpg,pexels_name
node/368061660,Lower East Side Tenement Museum,Museum,museum,40.7187837,-73.9900266,"Mo-Su 10:00-17:30; Fr,Sa 10:00-18:00",osm,0,3.6,2246.0,148.0,120,images/museum/lower-east-side-tenement-museum.jpg,pexels_name
node/1549441335,Dyckman Farmhouse Museum,Museum,museum,40.8673822,-73.9228859,Th-Sa 11:00-16:00; Su 11:00-15:00,osm,0,4.1,1760.0,127.0,120,images/museum/dyckman-farmhouse-museum.jpg,pexels_name
node/1810241472,Rubin Museum of Art,Museum,museum,40.7400959,-73.9977377,Th-Su 11:00-17:00; Fr 11:00-22:00,osm,2,4.2,680.0,90.0,120,images/museum/rubin-museum-of-art.jpg,pexels_name
node/2549926611,The Brant Foundation Art Study Center,Museum,museum,40.726068,-73.9851191,Tu-Su 10:00-17:00,default,2,4.0,3034.0,79.0,120,images/museum/the-brant-foundation-art-study-center.jpg,pexels_name
node/2768275469,Children's Cultural Center of Native America,Museum,museum,40.8321455,-73.9448716,Mo-Fr 10:30-13:00,osm,0,4.0,1729.0,116.0,120,images/museum/children-s-cultural-center-of-native-america.jpg,pexels_name
node/2808241058,Skyscraper Museum,Museum,museum,40.70575,-74.017691,We-Sa 12:00-18:00,osm,2,3.5,2306.0,13.0,120,images/museum/skyscraper-museum.jpg,pexels_name
node/2825233330,Hall des Lumières,Museum,museum,40.713744,-74.005072,10:00-18:00; Tu off; Th-Sa 10:00-22:00,osm,0,4.8,614.0,231.0,120,images/museum/hall-des-lumi-res.jpg,pexels_name
node/2898706753,South Street Seaport Museum,Museum,museum,40.706628,-74.003676,We-Su 11:00-17:00,osm,2,4.1,2602.0,87.0,120,images/museum/south-street-seaport-museum.jpg,pexels_name
node/1693299134,Museum of American Finance,Museum,museum,40.706371,-74.009196,Tu-Sa 10:00-16:00,osm,0,4.7,1397.0,87.0,120,images/museum/museum-of-american-finance.jpg,pexels_name
node/11627107909,Nikola Tesla,Landmark,memorial,40.7526056,-73.9940691,24/7,default,0,3.8,206.0,68.0,30,images/landmark/nikola-tesla.jpg,pexels_name
node/5747425246,Center for Architecture,Museum,museum,40.72873,-73.9985805,Tu-Su 10:00-17:00,default,1,4.3,10245.0,114.0,120,images/museum/center-for-architecture.jpg,pexels_name
node/6481772610,Museum of Reclaimed Urban Space,Museum,museum,40.7257313,-73.9778791,We-Su 12:00-17:00,osm,0,4.4,1964.0,4.0,120,images/museum/museum-of-reclaimed-urban-space.jpg,pexels_name
node/12181429831,Banksy Museum,Museum,museum,40.7194141,-74.001447,10:00-20:00,osm,2,4.4,1982.0,144.0,120,images/museum/banksy-museum.jpg,pexels_name
node/12188861257,Henry Luce Nature Observatory,Museum,museum,40.7792698,-73.9688404,Tu-Su 10:00-17:00,osm,0,4.0,3864.0,43.0,120,images/museum/henry-luce-nature-observatory.jpg,pexels_name
node/12193120402,MĒRCER LABS,Museum,museum,40.710759,-74.010453,Tu-Su 10:00-17:00,default,0,4.4,2028.0,261.0,120,images/museum/m-rcer-labs.jpg,pexels_name
node/12832739401,Dream House,Museum,museum,40.718496,-74.004836,Tu-Su 10:00-17:00,default,0,4.0,5674.0,231.0,120,images/museum/dream-house.jpg,pexels_name
node/12917522000,Museum of Broadway,Museum,museum,40.7575933,-73.9843375,Tu-Su 10:00-17:00,default,0,4.5,1285.0,230.0,120,images/museum/museum-of-broadway.jpg,pexels_name
node/13732385972,New Museum,Museum,museum,40.7223463,-73.9928406,"T,W 11:00-18:00; Th 11:00-21:00; Fr-Su 11:00-18:00",osm,0,4.0,1089.0,148.0,120,images/museum/new-museum.jpg,pexels_name
node/368042980,Storefront for Art and Architecture,Museum,gallery,40.7214798,-73.9971028,We-Sa 10:00-18:00,osm,0,3.7,2916.0,144.0,120,images/museum/storefront-for-art-and-architecture.jpg,pexels_name
node/2451205739,ChaShaMa,Museum,gallery,40.7925409,-73.9711668,"Tu-Th 12:00-18:00; Fr,Sa 12:00-19:00; Su 12:00-17:00; Mo off",osm,0,3.6,1866.0,238.0,120,images/museum/chashama.jpg,pexels_name
node/2547223676,The Broken Kilometer (DIA),Museum,gallery,40.7240871,-74.0021462,Tu-Su 10:00-17:00,default,0,4.2,1540.0,211.0,120,images/museum/the-broken-kilometer-dia.jpg,pexels_name
node/2547241713,Nino Mier Gallery,Museum,gallery,40.7222983,-73.9984441,10:00-18:00,osm,0,3.9,782.0,144.0,120,images/museum/nino-mier-gallery.jpg,pexels_name
node/2554956143,Powers Lowenfels Gallery,Museum,gallery,40.7219487,-73.990434,Th-Su 12:00-18:00,osm,0,4.5,1287.0,148.0,120,images/museum/powers-lowenfels-gallery.jpg,pexels_name
node/2555126629,Krause Gallery,Museum,gallery,40.720719,-73.9892808,We-Su 12:00-18:00,osm,0,4.4,985.0,148.0,120,images/museum/krause-gallery.jpg,pexels_name
node/11113367836,June 4th Memorial Exhibit,Museum,museum,40.748289,-73.9886674,Tu-Su 10:00-17:00,default,0,4.4,5673.0,164.0,120,images/museum/june-4th-memorial-exhibit.jpg,pexels_name
node/11079626705,National Academy of Design,Museum,museum,40.7502469,-74.0035315,Tu-Su 10:00-17:00,default,0,4.5,1437.0,246.0,120,images/museum/national-academy-of-design.jpg,pexels_name
node/10172955743,Rose Center for Earth and Space,Museum,museum,40.7816493,-73.9731563,Tu-Su 10:00-17:00,default,0,4.3,1541.0,239.0,120,images/museum/rose-center-for-earth-and-space.jpg,pexels_name
node/6852303846,The AKC Museum of the Dog,Museum,museum,40.7506105,-73.9775762,We-Su 11:00-18:00,osm,0,4.0,887.0,170.0,120,images/museum/the-akc-museum-of-the-dog.jpg,pexels_name
node/7041713696,Society of Illustrators,Museum,museum,40.7648187,-73.966827,We-Sa 11:00-17:00; Dec 30 off,osm,1,3.8,555.0,237.0,120,images/museum/society-of-illustrators.jpg,pexels_name
node/7152625885,Museum of Ice Cream,Museum,museum,40.7238576,-73.9979181,"Mo,We,Th 09:30-20:00; Fr,Sa 09:30-20:30; Su 09:30-20:00",osm,0,3.9,2272.0,144.0,120,images/museum/museum-of-ice-cream.jpg,pexels_name
node/8270992264,National Jazz Museum in Harlem,Museum,museum,40.8099499,-73.9430899,Tu-Su 10:00-17:00,default,0,4.3,414.0,42.0,120,images/museum/national-jazz-museum-in-harlem.jpg,pexels_name
node/8307408828,Malcolm X & Dr. Betty Shabazz Memorial and Educational Center,Museum,museum,40.8393577,-73.9406753,Tu-Su 10:00-17:00,default,0,4.5,3825.0,244.0,120,images/museum/malcolm-x-dr-betty-shabazz-memorial-and-educational-center.jpg,pexels_name
node/6035120505,Museum of Illusions,Museum,museum,40.7396591,-74.0028554,Tu-Su 10:00-17:00,default,0,4.0,2799.0,249.0,120,images/museum/museum-of-illusions.jpg,pexels_name
node/9007964737,Grolier Club,Museum,museum,40.7640002,-73.9698587,Tu-Su 10:00-17:00,default,0,3.9,476.0,237.0,120,images/museum/grolier-club.jpg,pexels_name
node/9136326361,Leslie-Lohman Museum of Art,Museum,museum,40.7217683,-74.0030317,"We 12:00-17:00; Th-Su 12:00-18:00; Jan 01 off; Jun 19 off; Jun Su[-1] off; Jul 04 off; Nov 11, Th[4] off; Dec 24-25, Dec 31 off",osm,2,4.2,1811.0,211.0,120,images/museum/leslie-lohman-museum-of-art.jpg,pexels_name
node/9371206934,International Center of Photography,Museum,museum,40.7182002,-73.9891854,Tu-Su 10:00-17:00,default,0,4.2,775.0,148.0,120,images/museum/international-center-of-photography.jpg,pexels_name
node/9505939776,NYC Barber Shop Museum,Museum,museum,40.7786086,-73.9781357,Tu-Fr 10:00-19:00; Sa 10:00-18:00; Su 11:00-17:00,osm,0,4.2,2480.0,142.0,120,images/museum/nyc-barber-shop-museum.jpg,pexels_name
node/9960173554,Jackie Robinson Museum,Museum,museum,40.7231769,-74.0068809,Th-Su 11:00-18:00; Dec 25 off,osm,0,4.3,2314.0,125.0,120,images/museum/jackie-robinson-museum.jpg,pexels_name
node/10038018687,Frick Madison,Museum,museum,40.7734755,-73.9639898,Th-Su 10:00-18:00,osm,0,4.1,5106.0,237.0,120,images/museum/frick-madison.jpg,pexels_name
node/10172954431,"Richard Gilder Center for Science, Education, and Innovation",Museum,museum,40.7815797,-73.9746411,Mo-Su 10:00-17:30; Nov 23: off; Dec 25: off,osm,0,3.9,2954.0,239.0,120,images/museum/richard-gilder-center-for-science-education-and-innovation.jpg,pexels_name
node/8942135848,The Africa Center,Museum,museum,40.7963422,-73.9493338,Su-Th 12:00-20:00,osm,0,4.7,2938.0,75.0,120,images/museum/the-africa-center.jpg,pexels_name
node/11473968297,Jacobo Villano Pardo,Landmark,memorial,40.7955877,-73.9782778,24/7,default,0,4.0,655.0,238.0,30,images/landmark/jacobo-villano-pardo.jpg,pexels_name
node/11457630587,Berlin Wall,Landmark,memorial,40.7117005,-74.0166686,24/7,default,0,4.5,320.0,13.0,30,images/landmark/berlin-wall.jpg,pexels_name
node/1687727635,Franz Sigel Memorial,Landmark,memorial,40.8022938,-73.9701026,24/7,default,0,3.7,727.0,24.0,30,images/landmark/franz-sigel-memorial.jpg,pexels_name
node/1310874087,Carl Schurz Memorial,Landmark,memorial,40.8059938,-73.9590779,24/7,default,0,4.5,333.0,166.0,30,images/landmark/carl-schurz-memorial.jpg,pexels_name
node/1289222452,Gertrude Stein,Landmark,memorial,40.7532779,-73.9831572,24/7,default,0,4.7,1939.0,164.0,30,images/landmark/gertrude-stein.jpg,pexels_name
node/1289222432,Johann Wolfgang von Goethe,Landmark,memorial,40.7532191,-73.9837314,24/7,default,0,4.5,690.0,164.0,30,images/landmark/johann-wolfgang-von-goethe.jpg,pexels_name
node/1289222428,William Earl Dodge,Landmark,memorial,40.7540704,-73.983093,24/7,default,2,4.0,317.0,164.0,30,images/landmark/william-earl-dodge.jpg,pexels_name
node/1289222425,Wendell L. Willkie,Landmark,memorial,40.7527805,-73.9829359,24/7,default,0,3.9,1484.0,164.0,30,images/landmark/wendell-l-willkie.jpg,pexels_name
node/1289222423,José Bonifácio de Andrada e Silva,Landmark,memorial,40.753725,-73.9846746,24/7,default,2,4.6,412.0,164.0,30,images/landmark/jos-bonif-cio-de-andrada-e-silva.jpg,pexels_name
node/1251856901,Milan R. Stefanik,Landmark,memorial,40.7265459,-73.98299,24/7,default,0,4.0,885.0,79.0,30,images/landmark/milan-r-stefanik.jpg,pexels_name
node/1251830314,Edwin Booth,Landmark,memorial,40.7379352,-73.9858986,24/7,default,0,3.5,1604.0,107.0,30,images/landmark/edwin-booth.jpg,pexels_name
node/1251645998,New York Life Insurance Company Memorial,Landmark,memorial,40.7425838,-73.9865245,24/7,default,0,3.8,855.0,234.0,30,images/landmark/new-york-life-insurance-company-memorial.jpg,pexels_name
node/1251612275,Antonín Dvořák,Landmark,memorial,40.733864,-73.9829448,24/7,default,0,3.9,531.0,107.0,30,images/landmark/anton-n-dvo-k.jpg,pexels_name
node/2328643948,Harriet Tubman Memorial,Landmark,memorial,40.8081791,-73.9527882,24/7,default,0,4.2,3754.0,41.0,30,images/landmark/harriet-tubman-memorial.jpg,pexels_name
node/3934219707,Fort Washington Marker,Landmark,memorial,40.8529539,-73.9383565,24/7,default,0,3.5,1134.0,243.0,30,images/landmark/fort-washington-marker.jpg,pexels_name
node/3934219703,George Washington Bicentennial Tree Marker,Landmark,memorial,40.8526942,-73.9378617,24/7,default,0,3.7,306.0,243.0,30,images/landmark/george-washington-bicentennial-tree-marker.jpg,pexels_name
node/3934219695,Emilio Barbosa Memorial,Landmark,memorial,40.8523554,-73.9380027,24/7,default,0,3.8,2594.0,243.0,30,images/landmark/emilio-barbosa-memorial.jpg,pexels_name
node/3906837660,Andrew Haswell Green Bench,Landmark,memorial,40.7951324,-73.9542707,24/7,default,0,4.5,1214.0,43.0,30,images/landmark/andrew-haswell-green-bench.jpg,pexels_name
node/3894881938,The Ark of Return,Landmark,memorial,40.7504683,-73.9668935,24/7,default,0,3.5,854.0,233.0,30,images/landmark/the-ark-of-return.jpg,pexels_name
node/3886562657,Lin Zexu,Landmark,memorial,40.7134135,-73.9981631,24/7,default,0,4.2,1150.0,45.0,30,images/landmark/lin-zexu.jpg,pexels_name
node/3274303456,New York Korean War Veterans Memorial,Landmark,memorial,40.7040628,-74.0170446,24/7,default,0,3.4,490.0,12.0,30,images/landmark/new-york-korean-war-veterans-memorial.jpg,pexels_name
node/1251605892,Marquis de Lafayette,Landmark,memorial,40.7356902,-73.9899886,24/7,default,0,4.1,1535.0,234.0,30,images/landmark/marquis-de-lafayette.jpg,pexels_name
node/3274303455,Admiral George Dewey,Landmark,memorial,40.7029444,-74.0170186,24/7,default,0,3.2,878.0,12.0,30,images/landmark/admiral-george-dewey.jpg,pexels_name
node/3126149298,Sled dogs memorial plaque,Landmark,memorial,40.7699908,-73.9710028,24/7,default,0,4.2,1973.0,43.0,30,images/landmark/sled-dogs-memorial-plaque.jpg,pexels_name
node/2727025884,107th Infantry Memorial,Landmark,memorial,40.7693306,-73.969557,24/7,default,0,3.9,2228.0,43.0,30,images/landmark/107th-infantry-memorial.jpg,pexels_name
node/2696814837,Berlin Wall Segment,Landmark,memorial,40.7602556,-73.9748535,24/7,default,0,4.7,1765.0,161.0,30,images/landmark/berlin-wall-segment.jpg,pexels_name
node/2477560532,General José Artigas,Landmark,memorial,40.7249162,-74.0045348,24/7,default,0,4.3,1354.0,125.0,30,images/landmark/general-jos-artigas.jpg,pexels_name
node/3271250895,Giuseppe Verdi Monument,Landmark,memorial,40.7792167,-73.9814856,24/7,default,0,3.9,901.0,143.0,30,images/landmark/giuseppe-verdi-monument.jpg,pexels_name
node/4289013590,Benjamin Franklin,Landmark,memorial,40.7118337,-74.0058815,24/7,default,0,4.8,470.0,209.0,30,images/landmark/benjamin-franklin.jpg,pexels_name
node/1251605864,Abraham Lincoln,Landmark,memorial,40.7362448,-73.9900668,24/7,default,0,4.7,772.0,234.0,30,images/landmark/abraham-lincoln.jpg,pexels_name
node/1242148250,New York Vietnam Veterans Memorial,Landmark,memorial,40.702664,-74.0098054,24/7,default,2,4.6,324.0,88.0,30,images/landmark/new-york-vietnam-veterans-memorial.jpg,pexels_name
node/6595542372,Sixth Street Haunted House,Museum,gallery,40.7249615,-73.9830825,"Sa,Su 14:00-19:00",osm,0,3.8,2382.0,79.0,120,images/museum/sixth-street-haunted-house.jpg,pexels_name
node/6596032786,David Zwirner,Museum,gallery,40.745807,-74.0070327,Tu-Su 10:00-17:00,default,0,4.7,1017.0,246.0,120,images/museum/david-zwirner.jpg,pexels_name
node/6724492682,La MaMa Galleria,Museum,gallery,40.7265986,-73.992545,Th-Su 13:00-19:00,osm,0,4.6,1907.0,114.0,120,images/museum/la-mama-galleria.jpg,pexels_name
node/6910684112,Derek Eller Gallery,Museum,gallery,40.7188203,-73.992177,"Sep-Jun: We-Su 11:00-18:00 ""Tu by appointment""; Jul-Aug: Mo-Fr 11:00-18:00",osm,0,4.6,2895.0,148.0,120,images/museum/derek-eller-gallery.jpg,pexels_name
node/7098491803,Art+Ray,Museum,gallery,40.7290786,-73.9867283,Tu-Su 10:00-17:00,default,0,3.9,2295.0,79.0,120,images/museum/art-ray.jpg,pexels_name
node/7618290787,Anya & Andrew Shiva Gallery,Museum,gallery,40.771366,-73.9902725,Mo-Fr 10:00-18:00,osm,2,4.6,3675.0,143.0,120,images/museum/anya-andrew-shiva-gallery.jpg,pexels_name
node/7768153644,Eden Fine Art,Museum,gallery,40.7576183,-73.9755331,Tu-Su 10:00-17:00,default,0,4.3,2728.0,161.0,120,images/museum/eden-fine-art.jpg,pexels_name
node/8060623707,81 Leonard Gallery,Museum,gallery,40.7174539,-74.0049014,Mo-Sa 12:00-18:00,osm,0,4.7,688.0,231.0,120,images/museum/81-leonard-gallery.jpg,pexels_name
node/6511898056,Faction Art Projects,Museum,gallery,40.8188292,-73.9446254,Tu-Su 10:00-17:00,default,0,4.2,1077.0,42.0,120,images/museum/faction-art-projects.jpg,pexels_name
node/6478419609,Karma Gallery,Museum,gallery,40.7224202,-73.9841422,Tu-Sa 10:00-18:00,osm,0,4.4,5351.0,79.0,120,images/museum/karma-gallery.jpg,pexels_name
node/6417061185,Empirical Nonsense,Museum,gallery,40.7201441,-73.9889614,We-Sa 12:00-18:00,osm,0,4.2,4153.0,148.0,120,images/museum/empirical-nonsense.jpg,pexels_name
node/1215606704,David Rockefeller Plaque,Landmark,memorial,40.8615006,-73.9335432,24/7,default,0,4.3,1408.0,243.0,30,images/landmark/david-rockefeller-plaque.jpg,pexels_name
node/1210424455,Site of Fort Tryon,Landmark,memorial,40.8618794,-73.9327407,24/7,default,0,4.0,359.0,243.0,30,images/landmark/site-of-fort-tryon.jpg,pexels_name
node/1203032532,Gertie A. Gorman Memorial,Landmark,memorial,40.8553548,-73.9322344,24/7,default,0,4.3,513.0,243.0,30,images/landmark/gertie-a-gorman-memorial.jpg,pexels_name
node/726445300,Amiable Child Memorial,Landmark,memorial,40.8148085,-73.9631689,24/7,default,0,5.0,1578.0,166.0,30,images/landmark/amiable-child-memorial.jpg,pexels_name
node/561950596,Hans Christian Andersen,Landmark,memorial,40.7712496,-73.9663914,24/7,default,0,3.9,613.0,237.0,30,images/landmark/hans-christian-andersen.jpg,pexels_name
node/424555888,Mohandas Gandhi,Landmark,memorial,40.7355514,-73.9913248,24/7,default,0,4.1,825.0,234.0,30,images/landmark/mohandas-gandhi.jpg,pexels_name
node/1251496233,General Worth Monument,Landmark,memorial,40.7427549,-73.9889671,24/7,default,0,4.5,1160.0,234.0,30,images/landmark/general-worth-monument.jpg,pexels_name
node/2339527552,Growth,Landmark,artwork,40.8011976,-73.9389456,24/7,default,0,3.8,4537.0,74.0,30,images/landmark/growth.jpg,pexels_name
node/357620587,Firemen's Memorial,Landmark,memorial,40.7986199,-73.9732326,24/7,default,0,4.1,1849.0,151.0,30,images/landmark/firemen-s-memorial.jpg,pexels_name
node/357620584,Carrere Memorial,Landmark,memorial,40.7979084,-73.974426,24/7,default,0,3.9,1337.0,151.0,30,images/landmark/carrere-memorial.jpg,pexels_name
node/6389740021,New Collectors Gallery,Museum,gallery,40.7136613,-73.9879416,Th-Su 12:00-18:00,osm,0,4.2,828.0,232.0,120,images/museum/new-collectors-gallery.jpg,pexels_name
node/6409636462,Chinatown Soup,Museum,gallery,40.7152082,-73.9916144,Mo-Sa 12:00-19:00,osm,0,4.4,2331.0,148.0,120,images/museum/chinatown-soup.jpg,pexels_name
node/357624604,McNally Plaza,Landmark,memorial,40.848048,-73.9297612,24/7,default,0,4.3,3183.0,120.0,30,images/landmark/mcnally-plaza.jpg,pexels_name
node/8062848586,L'Space Gallery,Museum,gallery,40.7456759,-74.0072974,Tu-Sa 11:00-18:00,osm,0,4.5,863.0,246.0,120,images/museum/l-space-gallery.jpg,pexels_name
node/4290878206,Whisper Bench,Landmark,memorial,40.7798691,-73.9696485,24/7,default,0,4.6,3715.0,43.0,30,images/landmark/whisper-bench.jpg,pexels_name
node/4672274964,General Philip Henry Sheridan Statue,Landmark,memorial,40.7336203,-74.0021952,24/7,default,0,5.0,407.0,249.0,30,images/landmark/general-philip-henry-sheridan-statue.jpg,pexels_name
node/9652138539,War Memorial,Landmark,memorial,40.7142007,-73.9899787,24/7,default,0,4.2,189.0,232.0,30,images/landmark/war-memorial.jpg,pexels_name
node/9441264932,S.S. United States Propeller,Landmark,memorial,40.7588891,-74.0045214,24/7,default,0,4.3,644.0,246.0,30,images/landmark/s-s-united-states-propeller.jpg,pexels_name
node/9432200144,Fort Tryon Park Tablet,Landmark,memorial,40.861535,-73.9335731,24/7,default,0,4.9,538.0,243.0,30,images/landmark/fort-tryon-park-tablet.jpg,pexels_name
node/9432156779,Margaret Cochran Corbin | 1751–1800,Landmark,memorial,40.8594518,-73.9337063,24/7,default,0,3.4,685.0,243.0,30,images/landmark/margaret-cochran-corbin-1751-1800.jpg,pexels_name
node/9373577363,New York City Hall Park Medallion,Landmark,memorial,40.7119789,-74.0075643,24/7,default,0,3.3,1823.0,231.0,30,images/landmark/new-york-city-hall-park-medallion.jpg,pexels_name
node/9371729393,Salvation Army Monument,Landmark,memorial,40.7046871,-74.0153383,24/7,default,0,3.3,1023.0,12.0,30,images/landmark/salvation-army-monument.jpg,pexels_name
node/9371204450,Peter Caesar Alberti Marker,Landmark,memorial,40.7046548,-74.0162526,24/7,default,0,3.3,773.0,12.0,30,images/landmark/peter-caesar-alberti-marker.jpg,pexels_name
node/9371204449,Walloon Settlers Memorial,Landmark,memorial,40.7046785,-74.0156721,24/7,default,0,4.8,1334.0,12.0,30,images/landmark/walloon-settlers-memorial.jpg,pexels_name
node/9156182017,"Rt. Rev. John Dubois, 3rd Bishop of New York, burial marker",Landmark,memorial,40.7235503,-73.9948797,24/7,default,0,4.1,1459.0,144.0,30,images/landmark/rt-rev-john-dubois-3rd-bishop-of-new-york-burial-marker.jpg,pexels_name
node/9133381986,LGBT Memorial,Landmark,memorial,40.7372146,-74.0103304,24/7,default,0,3.6,1606.0,158.0,30,images/landmark/lgbt-memorial.jpg,pexels_name
node/8939987670,Irving Berlin,Landmark,memorial,40.7531333,-73.964615,24/7,default,0,3.0,604.0,229.0,30,images/landmark/irving-berlin.jpg,pexels_name
node/8881619436,Madison Lyden,Landmark,memorial,40.7728068,-73.9783117,24/7,default,0,3.9,1659.0,43.0,30,images/landmark/madison-lyden.jpg,pexels_name
node/8732602457,Chelsea Park Memorial,Landmark,memorial,40.7494635,-73.9995859,24/7,default,0,4.1,324.0,68.0,30,images/landmark/chelsea-park-memorial.jpg,pexels_name
node/10181690393,New York Life Insurance Company War Memorial,Landmark,memorial,40.7425111,-73.9870355,24/7,default,0,3.9,1745.0,234.0,30,images/landmark/new-york-life-insurance-company-war-memorial.jpg,pexels_name
node/10246738229,“The Engineers Club”,Landmark,memorial,40.7527904,-73.9834167,24/7,default,0,3.9,931.0,164.0,30,images/landmark/the-engineers-club.jpg,pexels_name
node/10246738230,Benito Juárez,Landmark,memorial,40.7544299,-73.9842668,24/7,default,0,5.0,320.0,164.0,30,images/landmark/benito-ju-rez.jpg,pexels_name
node/11453206417,My Cry Into the World,Landmark,memorial,40.7182266,-74.0151351,24/7,default,0,3.4,1871.0,13.0,30,images/landmark/my-cry-into-the-world.jpg,pexels_name
node/11342510518,Charly García Corner,Landmark,memorial,40.7182706,-74.0019265,24/7,default,0,3.8,775.0,231.0,30,images/landmark/charly-garc-a-corner.jpg,pexels_name
node/11053136318,Northwest Ordinance,Landmark,memorial,40.7071803,-74.0105869,24/7,default,0,4.7,1899.0,87.0,30,images/landmark/northwest-ordinance.jpg,pexels_name
node/10992750818,Clara Coffey Tablet,Landmark,memorial,40.7550746,-73.9622658,24/7,default,0,4.4,322.0,229.0,30,images/landmark/clara-coffey-tablet.jpg,pexels_name
node/10992750816,Bronka Novak Tablet,Landmark,memorial,40.7551615,-73.9621869,24/7,default,0,3.6,103.0,229.0,30,images/landmark/bronka-novak-tablet.jpg,pexels_name
node/10828746343,Marc Haas Memorial,Landmark,memorial,40.7726304,-73.9739199,24/7,default,0,4.1,576.0,43.0,30,images/landmark/marc-haas-memorial.jpg,pexels_name
node/10695444961,Daniel D. Tompkins,Landmark,memorial,40.7301555,-73.987248,24/7,default,0,4.2,1845.0,79.0,30,images/landmark/daniel-d-tompkins.jpg,pexels_name
node/10314009347,Dr. Li Wenliang Memorial Bench,Landmark,memorial,40.7912136,-73.9640911,24/7,default,0,4.5,717.0,43.0,30,images/landmark/dr-li-wenliang-memorial-bench.jpg,pexels_name
node/10290106657,Bell of Hope,Landmark,memorial,40.7114868,-74.0095288,24/7,default,0,4.4,9504.0,261.0,30,images/landmark/bell-of-hope.jpg,pexels_name
node/10285416609,Astor Cross,Landmark,memorial,40.7083744,-74.0119581,24/7,default,0,4.1,1369.0,261.0,30,images/landmark/astor-cross.jpg,pexels_name
node/10828746354,Navy Walk Tablet,Landmark,memorial,40.7742742,-73.9713357,24/7,default,0,3.8,1156.0,43.0,30,images/landmark/navy-walk-tablet.jpg,pexels_name
node/4643143140,Kossuth Lajos Statue,Landmark,memorial,40.8067523,-73.967316,24/7,default,0,4.3,1168.0,166.0,30,images/landmark/kossuth-lajos-statue.jpg,pexels_name
node/7952829146,Adventure Playground,Landmark,memorial,40.7734181,-73.9773311,24/7,default,0,3.7,1179.0,43.0,30,images/landmark/adventure-playground.jpg,pexels_name
node/7803266933,Farmers Gate,Landmark,memorial,40.7980716,-73.9524353,24/7,default,0,4.7,1431.0,43.0,30,images/landmark/farmers-gate.jpg,pexels_name
node/6946750328,Sugar House Prison Window,Landmark,memorial,40.7125551,-74.0037125,24/7,default,0,4.5,827.0,45.0,30,images/landmark/sugar-house-prison-window.jpg,pexels_name
node/6469210528,Richard Tucker,Landmark,memorial,40.7735488,-73.9818872,24/7,default,0,3.7,1290.0,142.0,30,images/landmark/richard-tucker.jpg,pexels_name
node/6404941969,Lenape Memorial,Landmark,memorial,40.8062529,-73.9622536,24/7,default,0,3.7,602.0,166.0,30,images/landmark/lenape-memorial.jpg,pexels_name
node/5897336785,William Cullen Bryant,Landmark,memorial,40.7534331,-73.982751,24/7,default,0,3.6,2323.0,164.0,30,images/landmark/william-cullen-bryant.jpg,pexels_name
node/5764181388,Frederick Douglass Memorial,Landmark,memorial,40.8006469,-73.9581376,24/7,default,0,4.3,569.0,41.0,30,images/landmark/frederick-douglass-memorial.jpg,pexels_name
node/5526994817,Slocum Disaster Memorial,Landmark,memorial,40.7268975,-73.9813718,24/7,default,0,3.5,890.0,79.0,30,images/landmark/slocum-disaster-memorial.jpg,pexels_name
node/5262946458,Gas Explosion Empty Lot,Landmark,memorial,40.7997084,-73.9432569,24/7,default,0,3.9,1094.0,74.0,30,images/landmark/gas-explosion-empty-lot.jpg,pexels_name
node/5243012671,Lowell Kingsley Hanson,Landmark,memorial,40.7532553,-73.9664086,24/7,default,0,4.0,200.0,229.0,30,images/landmark/lowell-kingsley-hanson.jpg,pexels_name
node/5115375199,Japanese Peace Bell,Landmark,memorial,40.7494211,-73.9677448,24/7,default,0,3.9,783.0,233.0,30,images/landmark/japanese-peace-bell.jpg,pexels_name
node/4815674630,Strawberry Fields,Landmark,memorial,40.7754204,-73.9747419,24/7,default,0,4.6,835.0,43.0,30,images/landmark/strawberry-fields.jpg,pexels_name
node/4724909637,Marsh & McLennan 9/11 Memorial,Landmark,memorial,40.7569095,-73.9814414,24/7,default,2,4.4,1065.0,161.0,30,images/landmark/marsh-mclennan-9-11-memorial.jpg,pexels_name
node/6958351735,Ancient Cannon,Landmark,memorial,40.7038225,-74.0145008,24/7,default,0,4.6,733.0,12.0,30,images/landmark/ancient-cannon.jpg,pexels_name
node/7058463041,George T Delacorte,Landmark,memorial,40.7050573,-74.0136238,24/7,default,1,3.7,3115.0,261.0,30,images/landmark/george-t-delacorte.jpg,pexels_name
node/7106318826,Naturalists Gate,Landmark,memorial,40.7793435,-73.9734422,24/7,default,0,4.1,1193.0,43.0,30,images/landmark/naturalists-gate.jpg,pexels_name
node/7108033374,Gate of All Saints,Landmark,memorial,40.791511,-73.9645932,24/7,default,0,4.6,437.0,43.0,30,images/landmark/gate-of-all-saints.jpg,pexels_name
node/7641177124,Theodore Roosevelt Memorial,Landmark,memorial,40.7808411,-73.972835,24/7,default,0,4.3,623.0,239.0,30,images/landmark/theodore-roosevelt-memorial.jpg,pexels_name
node/7566374022,Damrosch Park,Landmark,memorial,40.7718514,-73.984852,24/7,default,0,4.0,1059.0,142.0,30,images/landmark/damrosch-park.jpg,pexels_name
node/7483737445,First Edison Underground Central Station System,Landmark,memorial,40.7078263,-74.0044847,24/7,default,0,3.5,536.0,87.0,30,images/landmark/first-edison-underground-central-station-system.jpg,pexels_name
node/7483737389,Catherine Market,Landmark,memorial,40.7101264,-73.9963906,24/7,default,0,4.6,2031.0,45.0,30,images/landmark/catherine-market.jpg,pexels_name
node/7483709963,Governor Alfred E. Smith Memorial,Landmark,memorial,40.710855,-73.9972762,24/7,default,0,4.1,1214.0,45.0,30,images/landmark/governor-alfred-e-smith-memorial.jpg,pexels_name
node/7281199874,Remains of Early New York,Landmark,memorial,40.7129822,-74.0045088,24/7,default,0,4.0,2960.0,231.0,30,images/landmark/remains-of-early-new-york.jpg,pexels_name
node/7281199872,Reverand Antonio Demo C.S.,Landmark,memorial,40.7300478,-74.0021837,24/7,default,0,4.0,1203.0,249.0,30,images/landmark/reverand-antonio-demo-c-s.jpg,pexels_name
node/7821215845,Inclenberg,Landmark,memorial,40.7477781,-73.9811516,24/7,default,0,4.6,536.0,164.0,30,images/landmark/inclenberg.jpg,pexels_name
node/7237595271,Sigillum Amstelo. Damensis Innovo Belgio.,Landmark,memorial,40.7063556,-74.016535,24/7,default,0,4.7,293.0,13.0,30,images/landmark/sigillum-amstelo-damensis-innovo-belgio.jpg,pexels_name
node/7208979011,The Bridewell,Landmark,memorial,40.7132862,-74.0066438,24/7,default,0,4.8,742.0,231.0,30,images/landmark/the-bridewell.jpg,pexels_name
node/7208978998,German-made Freight Wagon,Landmark,memorial,40.7059082,-74.0182881,24/7,default,0,4.0,220.0,13.0,30,images/landmark/german-made-freight-wagon.jpg,pexels_name
node/7208978987,Brooklyn-Battery Tunnel Manhattan Plaza,Landmark,memorial,40.7049895,-74.0151963,24/7,default,0,3.9,435.0,261.0,30,images/landmark/brooklyn-battery-tunnel-manhattan-plaza.jpg,pexels_name
node/7184912483,Fraunces Tavern,Landmark,memorial,40.7034086,-74.0114486,24/7,default,0,4.5,1180.0,88.0,30,images/landmark/fraunces-tavern.jpg,pexels_name
node/7137281975,Oklahoma City Bombing,Landmark,memorial,40.7368731,-73.9778646,24/7,default,0,4.2,416.0,137.0,30,images/landmark/oklahoma-city-bombing.jpg,pexels_name
node/7123798395,Duke Ellington Memorial,Landmark,memorial,40.7969043,-73.9493474,24/7,default,0,3.7,4216.0,43.0,30,images/landmark/duke-ellington-memorial.jpg,pexels_name
node/7221457491,Seneca Village,Landmark,memorial,40.7841633,-73.9684586,24/7,default,0,3.8,3762.0,43.0,30,images/landmark/seneca-village.jpg,pexels_name
node/2435110791,George M. Cohan,Landmark,artwork,40.7587593,-73.9851462,24/7,default,0,4.0,1001.0,230.0,30,images/landmark/george-m-cohan.jpg,pexels_name
node/3888093170,Thomas Moore,Landmark,artwork,40.765928,-73.973245,24/7,default,0,4.5,2766.0,43.0,30,images/landmark/thomas-moore.jpg,pexels_name
node/2639531695,Francis P. Duffy,Landmark,artwork,40.7590569,-73.9849891,24/7,default,0,4.1,733.0,230.0,30,images/landmark/francis-p-duffy.jpg,pexels_name
node/357608326,Congregation Shaare Zedek,Culture,place_of_worship,40.718158,-74.0037507,Mo-Su 08:00-20:00,default,0,4.3,741.0,231.0,45,images/culture/congregation-shaare-zedek.jpg,pexels_name
node/9422000301,Big Apple,Landmark,artwork,40.7553202,-74.0005323,24/7,default,0,3.9,1215.0,246.0,30,images/landmark/big-apple.jpg,pexels_name
node/9441044688,Ignatius the Pilgrim,Landmark,artwork,40.7702276,-73.984391,24/7,default,0,4.1,2465.0,142.0,30,images/landmark/ignatius-the-pilgrim.jpg,pexels_name
node/9470799318,New York Earth Room,Landmark,artwork,40.7259792,-73.9997541,24/7,default,0,4.1,550.0,211.0,30,images/landmark/new-york-earth-room.jpg,pexels_name
node/9484120671,Tightrope Walker,Landmark,artwork,40.8075393,-73.9606702,24/7,default,0,4.1,1467.0,166.0,30,images/landmark/tightrope-walker.jpg,pexels_name
node/9561248715,The Wall Street,Landmark,artwork,40.7053799,-74.0075638,24/7,default,0,4.0,230.0,87.0,30,images/landmark/the-wall-street.jpg,pexels_name
node/9678339724,John Wolfe Ambrose,Landmark,artwork,40.7025911,-74.0143795,24/7,default,0,3.9,1887.0,12.0,30,images/landmark/john-wolfe-ambrose.jpg,pexels_name
node/357610803,South Baptist Church,Culture,place_of_worship,40.7358333,-74.0025,Mo-Su 08:00-20:00,default,0,4.5,452.0,249.0,45,images/culture/south-baptist-church.jpg,pexels_name
node/357610843,People's Home Church,Culture,place_of_worship,40.7277027,-73.9802859,Mo-Su 08:00-20:00,default,0,3.7,703.0,79.0,45,images/culture/people-s-home-church.jpg,pexels_name
node/357610867,Lutheran Church In America,Culture,place_of_worship,40.7494444,-73.9819444,Mo-Su 08:00-20:00,default,0,4.0,369.0,170.0,45,images/culture/lutheran-church-in-america.jpg,pexels_name
node/357618522,Templo Adventists Del Septimo Dia,Culture,place_of_worship,40.7194182,-73.9921269,Mo-Su 08:00-20:00,default,0,4.1,1185.0,148.0,45,images/culture/templo-adventists-del-septimo-dia.jpg,pexels_name
node/357618499,Sung Tak Buddhist Temple,Culture,place_of_worship,40.7135573,-73.9922768,Mo-Su 08:00-20:00,default,0,4.2,1022.0,232.0,45,images/culture/sung-tak-buddhist-temple.jpg,pexels_name
node/9813503241,Joan Miro's Moonbird,Landmark,artwork,40.7639334,-73.9744891,24/7,default,0,3.9,950.0,163.0,30,images/landmark/joan-miro-s-moonbird.jpg,pexels_name
node/357610871,Seventh Associate Presbyterian Church,Culture,place_of_worship,40.7603904,-73.9941408,Mo-Su 08:00-20:00,default,0,3.9,368.0,48.0,45,images/culture/seventh-associate-presbyterian-church.jpg,pexels_name
node/357618525,First Warsaw Congregation,Culture,place_of_worship,40.7205556,-73.9908334,Mo-Su 08:00-20:00,default,0,4.4,81.0,148.0,45,images/culture/first-warsaw-congregation.jpg,pexels_name
node/9863930396,Einstein on a Bicycle,Landmark,artwork,40.7548848,-73.972054,24/7,default,0,3.5,389.0,162.0,30,images/landmark/einstein-on-a-bicycle.jpg,pexels_name
node/9868958116,The Braves of 9/11,Landmark,artwork,40.7552716,-73.9717679,24/7,default,0,4.7,757.0,162.0,30,images/landmark/the-braves-of-9-11.jpg,pexels_name
node/10091137831,The Girl Puzzle Monument,Landmark,artwork,40.7726384,-73.940331,24/7,default,0,4.7,939.0,202.0,30,images/landmark/the-girl-puzzle-monument.jpg,pexels_name
node/10096581085,Porcellino,Landmark,artwork,40.7570853,-73.9599853,24/7,default,0,3.4,2041.0,229.0,30,images/landmark/porcellino.jpg,pexels_name
node/10136386568,Fiorello H. LaGuardia,Landmark,artwork,40.728649,-73.9981626,24/7,default,0,4.6,2178.0,114.0,30,images/landmark/fiorello-h-laguardia.jpg,pexels_name
node/357618570,Generoso Pope Catholic Center at New York University,Culture,place_of_worship,40.7299234,-73.9981687,Mo-Su 08:00-20:00,default,0,3.9,941.0,114.0,45,images/culture/generoso-pope-catholic-center-at-new-york-university.jpg,pexels_name
node/357624597,Temple of the Covenant,Culture,place_of_worship,40.8486111,-73.935,Mo-Su 08:00-20:00,default,0,4.7,1298.0,244.0,45,images/culture/temple-of-the-covenant.jpg,pexels_name
node/357624586,Roman Catholic Church of Saint Elizabeth,Culture,place_of_worship,40.853611,-73.9327779,Mo-Su 08:00-20:00,default,0,4.4,567.0,243.0,45,images/culture/roman-catholic-church-of-saint-elizabeth.jpg,pexels_name
node/357624578,Mount Sinai Jewish Center,Culture,place_of_worship,40.8545347,-73.934201,Mo-Su 08:00-20:00,default,0,3.7,677.0,243.0,45,images/culture/mount-sinai-jewish-center.jpg,pexels_name
node/357624574,Inwood Jewish Center,Culture,place_of_worship,40.8593995,-73.9280555,Mo-Su 08:00-20:00,default,0,4.6,235.0,243.0,45,images/culture/inwood-jewish-center.jpg,pexels_name
node/357624567,Holy Cross Armenian Apostolic Church,Culture,place_of_worship,40.8525,-73.9305557,Mo-Su 08:00-20:00,default,0,3.8,885.0,243.0,45,images/culture/holy-cross-armenian-apostolic-church.jpg,pexels_name
node/357624558,Fort George Presbyterian Church,Culture,place_of_worship,40.8527521,-73.9315475,Mo-Su 08:00-20:00,default,0,3.9,424.0,243.0,45,images/culture/fort-george-presbyterian-church.jpg,pexels_name
node/357624556,First Spanish Presbyterian Church,Culture,place_of_worship,40.842486,-73.9366477,Mo-Su 08:00-20:00,default,0,4.1,268.0,244.0,45,images/culture/first-spanish-presbyterian-church.jpg,pexels_name
node/357624548,Broadway Temple-Washington Heights United Methodist Church,Culture,place_of_worship,40.8452778,-73.9391667,Mo-Su 08:00-20:00,default,0,3.9,1404.0,244.0,45,images/culture/broadway-temple-washington-heights-united-methodist-church.jpg,pexels_name
node/357649800,Iglesia Bautista Hispana,Culture,place_of_worship,40.8478229,-73.9366737,Mo-Su 08:00-20:00,default,0,4.1,1788.0,244.0,45,images/culture/iglesia-bautista-hispana.jpg,pexels_name
node/357621216,Heavenly Grace Buddhist Temple,Culture,place_of_worship,40.7175988,-73.9989902,Mo-Su 08:00-20:00,default,0,4.3,617.0,144.0,45,images/culture/heavenly-grace-buddhist-temple.jpg,pexels_name
node/357620992,City Tabernacle,Culture,place_of_worship,40.8292382,-73.9478046,Mo-Su 08:00-20:00,default,0,4.4,1378.0,116.0,45,images/culture/city-tabernacle.jpg,pexels_name
node/357620989,Church of the Crucifixion,Culture,place_of_worship,40.8275043,-73.9447851,Mo-Su 08:00-20:00,default,0,4.3,413.0,116.0,45,images/culture/church-of-the-crucifixion.jpg,pexels_name
node/357620976,Our Lady of Lourdes Church,Culture,place_of_worship,40.8233332,-73.9483334,Mo-Su 08:00-20:00,default,0,4.3,2081.0,116.0,45,images/culture/our-lady-of-lourdes-church.jpg,pexels_name
node/357620948,Corpus Christi Catholic Church,Culture,place_of_worship,40.8110236,-73.9608317,Mo-Su 08:00-20:00,default,0,4.0,4285.0,166.0,45,images/culture/corpus-christi-catholic-church.jpg,pexels_name
node/357620915,Saint Stephen of Hungary Church,Culture,place_of_worship,40.7738019,-73.9505415,Mo-Su 08:00-20:00,default,0,4.0,821.0,262.0,45,images/culture/saint-stephen-of-hungary-church.jpg,pexels_name
node/357620895,Central Gospel Chapel,Culture,place_of_worship,40.7708333,-73.9616667,Mo-Su 08:00-20:00,default,0,4.0,956.0,237.0,45,images/culture/central-gospel-chapel.jpg,pexels_name
node/357620883,Bethany Memorial Church,Culture,place_of_worship,40.7661468,-73.9584319,Mo-Su 08:00-20:00,default,0,3.6,516.0,141.0,45,images/culture/bethany-memorial-church.jpg,pexels_name
node/357620634,New York Society for Ethical Culture Hall,Culture,place_of_worship,40.7710808,-73.9800976,Mo-Su 08:00-20:00,default,0,3.8,891.0,142.0,45,images/culture/new-york-society-for-ethical-culture-hall.jpg,pexels_name
node/357620590,New York Buddhist Church,Culture,place_of_worship,40.8016539,-73.9701238,Mo-Su 08:00-20:00,default,0,4.5,1341.0,151.0,45,images/culture/new-york-buddhist-church.jpg,pexels_name
node/357620380,Salvation Army Centennial Memorial Temple,Culture,place_of_worship,40.7375,-73.9986111,Mo-Su 08:00-20:00,default,0,3.4,4098.0,249.0,45,images/culture/salvation-army-centennial-memorial-temple.jpg,pexels_name
node/357620994,Saint John's Baptist Church,Culture,place_of_worship,40.8288889,-73.9433333,Mo-Su 08:00-20:00,default,0,4.0,578.0,116.0,45,images/culture/saint-john-s-baptist-church.jpg,pexels_name
node/357621006,Mount Nebo Baptist Church,Culture,place_of_worship,40.8019444,-73.9530556,Mo-Su 08:00-20:00,default,0,4.0,254.0,41.0,45,images/culture/mount-nebo-baptist-church.jpg,pexels_name
node/357621009,Memorial Canaan Baptist Church,Culture,place_of_worship,40.8024294,-73.9520812,Mo-Su 08:00-20:00,default,0,4.3,1277.0,41.0,45,images/culture/memorial-canaan-baptist-church.jpg,pexels_name
node/357621012,First Corinthian Baptist Church,Culture,place_of_worship,40.8031995,-73.9531159,Mo-Su 08:00-20:00,default,0,4.4,1541.0,41.0,45,images/culture/first-corinthian-baptist-church.jpg,pexels_name
node/357621213,Eastern States Buddhist Temple of America,Culture,place_of_worship,40.716059,-73.9980944,Mo-Su 08:00-20:00,default,0,4.3,522.0,45.0,45,images/culture/eastern-states-buddhist-temple-of-america.jpg,pexels_name
node/357621210,Chakrasambara Buddhist Center,Culture,place_of_worship,40.7472222,-73.9966667,Mo-Su 08:00-20:00,default,0,4.5,270.0,186.0,45,images/culture/chakrasambara-buddhist-center.jpg,pexels_name
node/357621178,Iglesia Adventista Del Septimo Dia,Culture,place_of_worship,40.8019972,-73.9353152,Mo-Su 08:00-20:00,default,0,3.9,369.0,74.0,45,images/culture/iglesia-adventista-del-septimo-dia.jpg,pexels_name
node/357621175,Chambers Memorial Baptist Church,Culture,place_of_worship,40.8022222,-73.9358333,Mo-Su 08:00-20:00,default,0,4.6,1700.0,74.0,45,images/culture/chambers-memorial-baptist-church.jpg,pexels_name
node/357621158,Assemblea De Iglesia Pentecostal De Jesucristo,Culture,place_of_worship,40.7986052,-73.9383405,Mo-Su 08:00-20:00,default,0,4.4,1885.0,74.0,45,images/culture/assemblea-de-iglesia-pentecostal-de-jesucristo.jpg,pexels_name
node/357621138,Saint Charles Borromeo Roman Catholic Church,Culture,place_of_worship,40.8197222,-73.9419444,Mo-Su 08:00-20:00,default,0,3.9,1057.0,42.0,45,images/culture/saint-charles-borromeo-roman-catholic-church.jpg,pexels_name
node/357621136,Saint Mark's Methodist Church,Culture,place_of_worship,40.8186111,-73.9469444,Mo-Su 08:00-20:00,default,0,4.2,1575.0,42.0,45,images/culture/saint-mark-s-methodist-church.jpg,pexels_name
node/357621124,Union Congregational Church,Culture,place_of_worship,40.8154954,-73.9392632,Mo-Su 08:00-20:00,default,0,4.4,1612.0,42.0,45,images/culture/union-congregational-church.jpg,pexels_name
node/357621096,Saint Ambrose Episcopal Church,Culture,place_of_worship,40.8101817,-73.9406493,Mo-Su 08:00-20:00,default,0,4.0,761.0,42.0,45,images/culture/saint-ambrose-episcopal-church.jpg,pexels_name
node/357621088,Saint Andrew's Episcopal Church,Culture,place_of_worship,40.8078384,-73.9409554,Mo-Su 08:00-20:00,default,0,3.8,108.0,42.0,45,images/culture/saint-andrew-s-episcopal-church.jpg,pexels_name
node/357621082,Metropolitan Community Methodist Church,Culture,place_of_worship,40.8063786,-73.9397545,Mo-Su 08:00-20:00,default,0,4.3,1302.0,42.0,45,images/culture/metropolitan-community-methodist-church.jpg,pexels_name
node/357621059,Commandment Keepers Ethiopian Hebrew Congregation,Culture,place_of_worship,40.8061111,-73.945,Mo-Su 08:00-20:00,default,0,4.3,168.0,41.0,45,images/culture/commandment-keepers-ethiopian-hebrew-congregation.jpg,pexels_name
node/357621056,Mount Morris Ascension Presbyterian Church,Culture,place_of_worship,40.805,-73.9458333,Mo-Su 08:00-20:00,default,0,4.1,135.0,41.0,45,images/culture/mount-morris-ascension-presbyterian-church.jpg,pexels_name
node/357621030,Greater Metropolitan Baptist Church,Culture,place_of_worship,40.8075,-73.9483333,Mo-Su 08:00-20:00,default,0,4.7,335.0,41.0,45,images/culture/greater-metropolitan-baptist-church.jpg,pexels_name
node/357621025,Morningside Avenue Presbyterian Church,Culture,place_of_worship,40.8091666,-73.9552779,Mo-Su 08:00-20:00,default,0,4.6,1704.0,41.0,45,images/culture/morningside-avenue-presbyterian-church.jpg,pexels_name
node/357621102,Baptist House of Prayer,Culture,place_of_worship,40.8080151,-73.9447421,Mo-Su 08:00-20:00,default,0,3.9,323.0,41.0,45,images/culture/baptist-house-of-prayer.jpg,pexels_name
node/368051445,Times Square Church,Culture,place_of_worship,40.7625429,-73.9843249,Mo-Su 08:00-20:00,default,0,4.3,407.0,230.0,45,images/culture/times-square-church.jpg,pexels_name
node/10166778383,"Porkchop, the bulldog bootlegger",Landmark,artwork,40.7020025,-74.0146674,24/7,default,0,4.1,679.0,12.0,30,images/landmark/porkchop-the-bulldog-bootlegger.jpg,pexels_name
node/10174524382,Union Square Drinking Fountain,Landmark,artwork,40.7360034,-73.9907301,24/7,default,0,3.4,167.0,234.0,30,images/landmark/union-square-drinking-fountain.jpg,pexels_name
node/357650228,Sidney Hillman Playground,Park,park,40.7153429,-73.9796043,24/7,default,0,3.9,1903.0,232.0,60,images/park/sidney-hillman-playground.jpg,pexels_name
node/357650246,Little Flower Playground,Park,park,40.712555,-73.9883938,24/7,default,0,4.2,3791.0,232.0,60,images/park/little-flower-playground.jpg,pexels_name
node/357650317,Yu Suen Garden,Park,park,40.7285623,-73.9783526,24/7,default,0,4.6,11589.0,4.0,60,images/park/yu-suen-garden.jpg,pexels_name
node/357650406,Bleecker Playground,Park,park,40.7364971,-74.0055016,24/7,default,0,4.4,2350.0,249.0,60,images/park/bleecker-playground.jpg,pexels_name
node/357650409,McCarthy Square,Park,park,40.7352146,-74.0017292,24/7,default,0,4.8,4437.0,249.0,60,images/park/mccarthy-square.jpg,pexels_name
node/357650517,Donnellan Square,Park,park,40.8269444,-73.9427778,24/7,default,0,4.9,4409.0,116.0,60,images/park/donnellan-square.jpg,pexels_name
node/357650660,Morningside Playground,Park,park,40.8105122,-73.9553237,24/7,default,0,4.2,1204.0,166.0,60,images/park/morningside-playground.jpg,pexels_name
node/357650686,Sol Bloom Playground,Park,park,40.7897306,-73.9689095,24/7,default,0,4.0,5944.0,238.0,60,images/park/sol-bloom-playground.jpg,pexels_name
node/13826131060,SEED54,Landmark,artwork,40.7625087,-73.9783475,24/7,default,0,4.4,1396.0,161.0,30,images/landmark/seed54.jpg,pexels_name
node/13846767469,Octetra,Landmark,artwork,40.7240681,-74.0063642,24/7,default,0,4.1,1363.0,125.0,30,images/landmark/octetra.jpg,pexels_name
node/13850369410,Mini-Bean,Landmark,artwork,40.7176604,-74.0060501,24/7,default,0,4.2,2792.0,231.0,30,images/landmark/mini-bean.jpg,pexels_name
node/357545993,Baker Field,Park,park,40.8731554,-73.9140253,24/7,default,0,4.9,5409.0,128.0,60,images/park/baker-field.jpg,pexels_name
node/357607904,South Street Seaport Historic District,Park,park,40.7065114,-74.0033727,24/7,default,0,4.8,5280.0,209.0,60,images/park/south-street-seaport-historic-district.jpg,pexels_name
node/357608159,Pumphouse Park,Park,park,40.7120735,-74.0161706,24/7,default,0,4.4,6410.0,13.0,60,images/park/pumphouse-park.jpg,pexels_name
node/357650718,Oasis Garden,Park,park,40.7663889,-73.9911111,24/7,default,0,4.1,4399.0,50.0,60,images/park/oasis-garden.jpg,pexels_name
node/357610563,Chatham Square,Park,park,40.7135058,-73.9985306,24/7,default,0,4.2,5449.0,45.0,60,images/park/chatham-square.jpg,pexels_name
node/357616388,Lawrence A Wein Stadium,Park,park,40.8732335,-73.9164769,24/7,default,0,4.5,977.0,128.0,60,images/park/lawrence-a-wein-stadium.jpg,pexels_name
node/357620387,Theodore Roosevelt Birthplace National Historic Site,Park,park,40.738617,-73.9890615,24/7,default,0,4.6,2204.0,234.0,60,images/park/theodore-roosevelt-birthplace-national-historic-site.jpg,pexels_name
node/357616290,Seventieth Street Playground,Park,park,40.7775,-73.9841667,24/7,default,0,3.8,1346.0,143.0,60,images/park/seventieth-street-playground.jpg,pexels_name
node/13785116811,El Arbol De Esperanza,Landmark,artwork,40.7930603,-73.9344176,24/7,default,0,3.7,338.0,74.0,30,images/landmark/el-arbol-de-esperanza.jpg,pexels_name
node/357650754,Metro North Community Gardens,Park,park,40.7880556,-73.9438889,24/7,default,0,4.0,4870.0,75.0,60,images/park/metro-north-community-gardens.jpg,pexels_name
node/3582082294,Winston Churchill Square Garden,Park,garden,40.7298354,-74.0023514,24/7,default,0,4.7,3310.0,249.0,60,images/park/winston-churchill-square-garden.jpg,pexels_name
node/4113336291,Schoolchildren's Greenhouse,Park,garden,40.7258312,-73.9883213,24/7,default,0,4.1,8158.0,79.0,60,images/park/schoolchildren-s-greenhouse.jpg,pexels_name
node/4324586590,Grove Court,Park,garden,40.7321622,-74.0057742,24/7,default,0,4.3,1655.0,249.0,60,images/park/grove-court.jpg,pexels_name
node/13098866318,Kenkeleba Sculpture Garden,Park,garden,40.7223262,-73.9826107,24/7,default,0,4.4,1686.0,4.0,60,images/park/kenkeleba-sculpture-garden.jpg,pexels_name
node/11596393293,113th St Playgarden,Park,garden,40.8050648,-73.9633996,24/7,default,0,4.6,1706.0,166.0,60,images/park/113th-st-playgarden.jpg,pexels_name
node/9934776538,Sasaki Garden,Park,garden,40.7282179,-73.9971508,24/7,default,0,4.6,18408.0,114.0,60,images/park/sasaki-garden.jpg,pexels_name
node/9109738749,Amster Yard,Park,garden,40.7551341,-73.9702951,24/7,default,0,4.9,8742.0,229.0,60,images/park/amster-yard.jpg,pexels_name
node/6418623093,Sutton Terrace Courtyard,Park,garden,40.7611513,-73.9590502,24/7,default,0,4.6,7455.0,140.0,60,images/park/sutton-terrace-courtyard.jpg,pexels_name
node/2259027958,Community Garden,Park,garden,40.799304,-73.9377001,24/7,default,0,4.6,2745.0,74.0,60,images/park/community-garden.jpg,pexels_name
node/1240901075,Temperate Territory,Park,garden,40.7682588,-73.9724736,24/7,default,0,4.4,6460.0,43.0,60,images/park/temperate-territory.jpg,pexels_name
node/1240900865,Intelligence Garden,Park,garden,40.7673284,-73.9721879,24/7,default,0,4.2,16591.0,43.0,60,images/park/intelligence-garden.jpg,pexels_name
node/1240900859,Central Garden,Park,garden,40.7679602,-73.9719237,24/7,default,0,4.0,2169.0,43.0,60,images/park/central-garden.jpg,pexels_name
node/7332034043,Jay Walk,Park,park,40.7708109,-73.9895198,Mo-Th 07:45-22:00; Fr 07:45-21:00; Sa 07:45-18:00; Su 09:00-15:15,osm,0,4.5,2752.0,143.0,60,images/park/jay-walk.jpg,pexels_name
node/8282447642,Belvedere Plaza,Park,park,40.7137587,-74.0174299,24/7,default,0,4.2,4668.0,13.0,60,images/park/belvedere-plaza.jpg,pexels_name
node/9421123768,The Spur,Park,park,40.7520761,-74.0009116,24/7,default,0,4.3,5912.0,68.0,60,images/park/the-spur.jpg,pexels_name
node/9680980728,Pier 57 Rooftop Park,Park,park,40.743554,-74.0108072,Mo-Su 07:00-22:00,osm,0,4.2,13845.0,246.0,60,images/park/pier-57-rooftop-park.jpg,pexels_name
node/11457630561,Kowsky Plaza,Park,park,40.7118553,-74.0169317,24/7,default,0,4.2,4171.0,13.0,60,images/park/kowsky-plaza.jpg,pexels_name
node/12184198115,Septuagesimo Uno,Park,park,40.7786693,-73.98431,Mo-Su 06:00-22:00,osm,0,4.7,2217.0,143.0,60,images/park/septuagesimo-uno.jpg,pexels_name
node/748726582,Riley-Levin Children's Garden,Park,garden,40.8576918,-73.9222899,24/7,default,0,4.9,3539.0,127.0,60,images/park/riley-levin-children-s-garden.jpg,pexels_name
node/8265113845,Campus Plaza,Park,park,40.7550332,-73.9562812,24/7,default,0,4.3,2755.0,202.0,60,images/park/campus-plaza.jpg,pexels_name
node/12348358028,Cabrini Woods Nature Sanctuary,Park,nature_reserve,40.8578925,-73.9368471,24/7,default,0,4.7,2192.0,243.0,60,images/park/cabrini-woods-nature-sanctuary.jpg,pexels_name
node/13780868979,Cookie Monster Loves Rhino,Landmark,artwork,40.761481,-73.9731988,24/7,default,0,3.8,837.0,161.0,30,images/landmark/cookie-monster-loves-rhino.jpg,pexels_name
node/13780868977,Rabbitwoman and Dogman Love Big Bird,Landmark,artwork,40.7612684,-73.9734096,24/7,default,0,3.6,4290.0,161.0,30,images/landmark/rabbitwoman-and-dogman-love-big-bird.jpg,pexels_name
node/10998208761,Hope,Landmark,artwork,40.7518186,-73.9676533,24/7,default,0,3.9,1945.0,233.0,30,images/landmark/hope.jpg,pexels_name
node/11053136320,General George Washington in Prayer at Valley Forge,Landmark,artwork,40.7070387,-74.0103335,24/7,default,0,4.1,1872.0,87.0,30,images/landmark/general-george-washington-in-prayer-at-valley-forge.jpg,pexels_name
node/11136560198,THE VESSEL,Landmark,artwork,40.7540831,-74.0030041,24/7,default,0,3.9,1169.0,246.0,30,images/landmark/the-vessel.jpg,pexels_name
node/11142777927,Ascension,Landmark,artwork,40.7548687,-73.9955326,24/7,default,0,4.3,176.0,68.0,30,images/landmark/ascension.jpg,pexels_name
node/11216057984,Le Guichet,Landmark,artwork,40.7731304,-73.9843595,24/7,default,0,4.0,2116.0,142.0,30,images/landmark/le-guichet.jpg,pexels_name
node/11235947340,Peter Cooper Statue,Landmark,artwork,40.7288991,-73.9907088,24/7,default,0,3.7,816.0,79.0,30,images/landmark/peter-cooper-statue.jpg,pexels_name
node/11359524457,Pomona,Landmark,artwork,40.7640434,-73.9736202,24/7,default,0,4.0,1479.0,163.0,30,images/landmark/pomona.jpg,pexels_name
node/10997745701,Göbeklitepe Limestone Stele,Landmark,artwork,40.7518967,-73.9669962,24/7,default,0,4.4,511.0,233.0,30,images/landmark/g-beklitepe-limestone-stele.jpg,pexels_name
node/10997745557,Replica of Commemorative Stone in Honour of the Victims of Extreme Poverty,Landmark,artwork,40.7511987,-73.9662908,24/7,default,0,4.1,198.0,233.0,30,images/landmark/replica-of-commemorative-stone-in-honour-of-the-victims-of-extreme-poverty.jpg,pexels_name
node/10997745556,Consciousness,Landmark,artwork,40.7513078,-73.9660084,24/7,default,0,4.7,663.0,233.0,30,images/landmark/consciousness.jpg,pexels_name
node/10997745555,Kusikawsay,Landmark,artwork,40.7501364,-73.9664336,24/7,default,0,4.1,780.0,233.0,30,images/landmark/kusikawsay.jpg,pexels_name
node/10177409696,Invisible Man: A Memorial to Ralph Ellison,Landmark,artwork,40.8303033,-73.9498955,24/7,default,0,4.6,103.0,116.0,30,images/landmark/invisible-man-a-memorial-to-ralph-ellison.jpg,pexels_name
node/10290130093,Icarus,Landmark,artwork,40.7175309,-74.0118079,24/7,default,0,4.1,918.0,231.0,30,images/landmark/icarus.jpg,pexels_name
node/10290401175,Rose III,Landmark,artwork,40.709485,-74.0116186,24/7,default,0,3.9,3978.0,261.0,30,images/landmark/rose-iii.jpg,pexels_name
node/10301699115,John Watts,Landmark,artwork,40.7076911,-74.0121369,24/7,default,0,4.2,2743.0,261.0,30,images/landmark/john-watts.jpg,pexels_name
node/10311596942,Clinton War Memorial (Doughboy),Landmark,artwork,40.7674628,-73.9938856,24/7,default,0,3.8,556.0,50.0,30,images/landmark/clinton-war-memorial-doughboy.jpg,pexels_name
node/11395357076,The Right Light,Landmark,artwork,40.7459854,-73.9791457,24/7,default,0,4.5,1405.0,170.0,30,images/landmark/the-right-light.jpg,pexels_name
node/10634248715,Accord,Landmark,artwork,40.7570087,-73.9661688,24/7,default,0,3.5,649.0,229.0,30,images/landmark/accord.jpg,pexels_name
node/10824918055,Jean-Marc,Landmark,artwork,40.7617842,-73.978751,24/7,default,0,4.3,1954.0,161.0,30,images/landmark/jean-marc.jpg,pexels_name
node/10997745431,Title Reaching for the Skies,Landmark,artwork,40.750469,-73.9663836,24/7,default,0,4.4,1108.0,233.0,30,images/landmark/title-reaching-for-the-skies.jpg,pexels_name
node/10997745515,Peace Monument,Landmark,artwork,40.7510385,-73.9665525,24/7,default,0,4.0,3038.0,233.0,30,images/landmark/peace-monument.jpg,pexels_name
node/10713285741,Homeless Jesus,Landmark,artwork,40.8038666,-73.9629607,24/7,default,0,4.4,3643.0,166.0,30,images/landmark/homeless-jesus.jpg,pexels_name
node/13780868978,Elmo Loves Elephant,Landmark,artwork,40.7614932,-73.9733022,24/7,default,0,3.5,972.0,161.0,30,images/landmark/elmo-loves-elephant.jpg,pexels_name
node/11418077432,Rector Gate,Landmark,artwork,40.7094984,-74.0179732,24/7,default,0,3.5,832.0,13.0,30,images/landmark/rector-gate.jpg,pexels_name
node/11512156164,Celebrating Jean Sibelius,Landmark,artwork,40.7506387,-73.9669507,24/7,default,0,4.0,1650.0,233.0,30,images/landmark/celebrating-jean-sibelius.jpg,pexels_name
node/12695294020,Needle Threading A Button,Landmark,artwork,40.7541701,-73.9881018,24/7,default,0,4.1,1646.0,100.0,30,images/landmark/needle-threading-a-button.jpg,pexels_name
node/12696713575,Summit of Manhattan,Landmark,artwork,40.7515964,-73.9727446,24/7,default,0,4.4,5606.0,233.0,30,images/landmark/summit-of-manhattan.jpg,pexels_name
node/12835627250,Triumph of Music,Landmark,artwork,40.7725534,-73.9841707,24/7,default,0,4.0,471.0,142.0,30,images/landmark/triumph-of-music.jpg,pexels_name
node/12835627251,The Sources of Music,Landmark,artwork,40.7726737,-73.9840902,24/7,default,0,4.2,526.0,142.0,30,images/landmark/the-sources-of-music.jpg,pexels_name
node/12835627252,Constellation of Voices,Landmark,artwork,40.7725738,-73.9839921,24/7,default,0,4.7,797.0,142.0,30,images/landmark/constellation-of-voices.jpg,pexels_name
node/12913616449,Jesus the Beggar,Landmark,artwork,40.7486432,-73.9906909,24/7,default,0,4.4,881.0,186.0,30,images/landmark/jesus-the-beggar.jpg,pexels_name
node/13082354786,The Commuters,Landmark,artwork,40.7566945,-73.99162,24/7,default,0,3.8,3789.0,48.0,30,images/landmark/the-commuters.jpg,pexels_name
node/13645904386,FDR Hope Memorial,Landmark,artwork,40.7522472,-73.9592957,24/7,default,0,4.4,271.0,202.0,30,images/landmark/fdr-hope-memorial.jpg,pexels_name
node/13763544689,John M. Carrére,Landmark,artwork,40.7533721,-73.981881,24/7,default,0,4.3,429.0,164.0,30,images/landmark/john-m-carr-re.jpg,pexels_name
node/13763544690,John Stewart Kennedy,Landmark,artwork,40.7535227,-73.9819257,24/7,default,0,4.4,462.0,164.0,30,images/landmark/john-stewart-kennedy.jpg,pexels_name
node/13763544691,Thomas Hasting,Landmark,artwork,40.7535679,-73.9820127,24/7,default,0,4.4,2422.0,164.0,30,images/landmark/thomas-hasting.jpg,pexels_name
node/13780868976,Erine and Bert Love Gorilla,Landmark,artwork,40.7613325,-73.9733761,24/7,default,0,4.4,1222.0,161.0,30,images/landmark/erine-and-bert-love-gorilla.jpg,pexels_name
node/12040786045,Welcome to Harlem,Landmark,artwork,40.8177329,-73.9614422,24/7,default,0,4.0,630.0,166.0,30,images/landmark/welcome-to-harlem.jpg,pexels_name
node/11980101140,General Winfield Scott Hancock,Landmark,artwork,40.8095334,-73.953274,24/7,default,0,4.7,571.0,41.0,30,images/landmark/general-winfield-scott-hancock.jpg,pexels_name
node/11979323611,Harlem Hybrid,Landmark,artwork,40.8113239,-73.9543327,24/7,default,0,3.7,1702.0,166.0,30,images/landmark/harlem-hybrid.jpg,pexels_name
node/11517489755,J. Pulitzer,Landmark,artwork,40.807605,-73.9635762,24/7,default,0,3.5,679.0,166.0,30,images/landmark/j-pulitzer.jpg,pexels_name
node/11660298311,Alfred Lincoln Seligman Fountain,Landmark,artwork,40.8042512,-73.9587153,24/7,default,0,4.5,1524.0,166.0,30,images/landmark/alfred-lincoln-seligman-fountain.jpg,pexels_name
node/11762206278,Pulpit,Landmark,artwork,40.8033088,-73.9626208,24/7,default,0,4.3,2767.0,166.0,30,images/landmark/pulpit.jpg,pexels_name
node/11774091841,Curtain Call,Landmark,artwork,40.7479954,-74.0046646,24/7,default,0,4.2,687.0,246.0,30,images/landmark/curtain-call.jpg,pexels_name
node/11774443533,Seven Generations,Landmark,artwork,40.8028702,-73.962698,24/7,default,0,3.7,314.0,166.0,30,images/landmark/seven-generations.jpg,pexels_name
node/11429301173,Pylons,Landmark,artwork,40.7141127,-74.0175284,24/7,default,0,4.4,1587.0,13.0,30,images/landmark/pylons.jpg,pexels_name
node/11866583656,Throwback,Landmark,artwork,40.7568402,-73.9815488,24/7,default,0,4.7,678.0,161.0,30,images/landmark/throwback.jpg,pexels_name
node/11885080178,Original Statue of Liberty,Landmark,artwork,40.7646124,-73.9702402,24/7,default,0,4.5,969.0,237.0,30,images/landmark/original-statue-of-liberty.jpg,pexels_name
node/11910527210,Our Gates,Landmark,artwork,40.8282249,-73.9535762,24/7,default,0,3.9,1606.0,116.0,30,images/landmark/our-gates.jpg,pexels_name
node/11910527211,Portrait of t.,Landmark,artwork,40.828091,-73.954035,24/7,default,0,4.3,1330.0,116.0,30,images/landmark/portrait-of-t.jpg,pexels_name
node/11918683347,Bison,Landmark,artwork,40.8038256,-73.9628191,24/7,default,0,4.1,970.0,166.0,30,images/landmark/bison.jpg,pexels_name
node/11810089111,Straus Monument,Landmark,artwork,40.8017383,-73.9682178,24/7,default,0,4.4,1093.0,24.0,30,images/landmark/straus-monument.jpg,pexels_name
node/1761539675,Bais Medrash Machzikei Torah,Culture,place_of_worship,40.8514509,-73.9402571,Mo-Su 08:00-20:00,default,0,4.2,63.0,243.0,45,images/culture/bais-medrash-machzikei-torah.jpg,pexels_name
node/7620321361,La Luz Que Sale De La Obscuridad,Landmark,artwork,40.8004112,-73.9427836,24/7,default,0,4.2,676.0,74.0,30,images/landmark/la-luz-que-sale-de-la-obscuridad.jpg,pexels_name
node/7661292933,Swinging Jenny,Landmark,artwork,40.7713068,-73.9919455,24/7,default,0,4.7,1015.0,50.0,30,images/landmark/swinging-jenny.jpg,pexels_name
node/7712478123,Manhattan Sentinels,Landmark,artwork,40.7153431,-74.0049558,24/7,default,0,3.6,960.0,231.0,30,images/landmark/manhattan-sentinels.jpg,pexels_name
node/7791984436,Ram,Landmark,artwork,40.7706281,-73.9843383,24/7,default,0,3.7,1460.0,142.0,30,images/landmark/ram.jpg,pexels_name
node/7799540773,Sabrina,Landmark,artwork,40.7694653,-73.9447838,24/7,default,0,4.2,2151.0,202.0,30,images/landmark/sabrina.jpg,pexels_name
node/7826843767,Fortitude,Landmark,artwork,40.7530505,-73.9816418,24/7,default,0,3.8,1027.0,164.0,30,images/landmark/fortitude.jpg,pexels_name
node/7826843768,Patience,Landmark,artwork,40.7528969,-73.9817494,24/7,default,0,3.6,1752.0,164.0,30,images/landmark/patience.jpg,pexels_name
node/7924346767,Tomorrow's Wind,Landmark,artwork,40.79273,-73.9355845,24/7,default,0,4.3,1486.0,74.0,30,images/landmark/tomorrow-s-wind.jpg,pexels_name
node/7964143159,Motherboard Meditation,Landmark,artwork,40.7553874,-73.9558041,24/7,default,0,4.1,1393.0,202.0,30,images/landmark/motherboard-meditation.jpg,pexels_name
node/8226173442,Lincoln Holding a Child,Landmark,artwork,40.8110316,-73.9365295,24/7,default,0,4.2,419.0,74.0,30,images/landmark/lincoln-holding-a-child.jpg,pexels_name
node/8272069047,Roots and Ties for Peace,Landmark,artwork,40.7511239,-73.9657829,24/7,default,0,3.8,1081.0,233.0,30,images/landmark/roots-and-ties-for-peace.jpg,pexels_name
node/8272069048,Treasure Tripod Dedicated to the 21st Century,Landmark,artwork,40.7503431,-73.9662893,24/7,default,0,4.5,814.0,233.0,30,images/landmark/treasure-tripod-dedicated-to-the-21st-century.jpg,pexels_name
node/8272069178,Mother and Child,Landmark,artwork,40.751774,-73.9665045,24/7,default,0,4.0,722.0,233.0,30,images/landmark/mother-and-child.jpg,pexels_name
node/8272069179,Der Aufsteigende,Landmark,artwork,40.7519738,-73.9668876,24/7,default,0,3.9,1266.0,233.0,30,images/landmark/der-aufsteigende.jpg,pexels_name
node/7522410085,Lorca-El Niño de las Pinturas,Landmark,artwork,40.7187368,-74.0004289,24/7,default,0,3.5,2786.0,144.0,30,images/landmark/lorca-el-ni-o-de-las-pinturas.jpg,pexels_name
node/7447580942,Moses,Landmark,artwork,40.771141,-73.9838482,24/7,default,0,3.8,1781.0,142.0,30,images/landmark/moses.jpg,pexels_name
node/7375974760,Peter the Fisherman,Landmark,artwork,40.7713399,-73.9855947,24/7,default,0,3.6,1707.0,142.0,30,images/landmark/peter-the-fisherman.jpg,pexels_name
node/7375304611,Circle World 2,Landmark,artwork,40.7709561,-73.983767,24/7,default,0,4.4,1359.0,142.0,30,images/landmark/circle-world-2.jpg,pexels_name
node/6572519247,Life Underground,Landmark,artwork,40.7397282,-74.0028849,24/7,default,0,3.7,1220.0,249.0,30,images/landmark/life-underground.jpg,pexels_name
node/6804416830,Scholars' Lion,Landmark,artwork,40.808926,-73.9620013,24/7,default,0,3.6,816.0,166.0,30,images/landmark/scholars-lion.jpg,pexels_name
node/6821701104,Let Us Beat Swords Into Ploughshares,Landmark,artwork,40.7504131,-73.96624,24/7,default,0,4.5,1891.0,233.0,30,images/landmark/let-us-beat-swords-into-ploughshares.jpg,pexels_name
node/6821846246,Lafayette and Washington,Landmark,artwork,40.8036855,-73.9580124,24/7,default,0,4.1,458.0,41.0,30,images/landmark/lafayette-and-washington.jpg,pexels_name
node/6946750323,Sen Yat-sen,Landmark,artwork,40.7157859,-73.9999353,24/7,default,0,4.4,1015.0,45.0,30,images/landmark/sen-yat-sen.jpg,pexels_name
node/6952238884,Giovanni Da Verrazzano,Landmark,artwork,40.7043797,-74.0163813,24/7,default,0,3.2,1870.0,12.0,30,images/landmark/giovanni-da-verrazzano.jpg,pexels_name
node/7093539285,Zerospace,Landmark,artwork,40.749167,-73.9893438,24/7,default,0,4.1,2616.0,186.0,30,images/landmark/zerospace.jpg,pexels_name
node/8272069180,The Sleeping Elephant,Landmark,artwork,40.7521004,-73.9668182,24/7,default,0,3.7,78.0,233.0,30,images/landmark/the-sleeping-elephant.jpg,pexels_name
node/7096788484,Sphere Within Sphere,Landmark,artwork,40.7508783,-73.9675707,24/7,default,0,4.2,1262.0,233.0,30,images/landmark/sphere-within-sphere.jpg,pexels_name
node/7192316159,Penn Station Eagle,Landmark,artwork,40.750175,-73.9915562,24/7,default,0,3.4,457.0,186.0,30,images/landmark/penn-station-eagle.jpg,pexels_name
node/7202313185,Audrey Hepburn,Landmark,artwork,40.7202849,-73.9968262,24/7,default,0,5.0,783.0,144.0,30,images/landmark/audrey-hepburn.jpg,pexels_name
node/7246038807,Columnade,Landmark,artwork,40.8613369,-73.932043,24/7,default,0,4.4,594.0,243.0,30,images/landmark/columnade.jpg,pexels_name
node/7298030172,Reclining Figure,Landmark,artwork,40.7731831,-73.9836819,24/7,default,0,3.3,872.0,142.0,30,images/landmark/reclining-figure.jpg,pexels_name
node/7375304594,Simple Justice,Landmark,artwork,40.7709555,-73.9838559,24/7,default,0,4.0,726.0,142.0,30,images/landmark/simple-justice.jpg,pexels_name
node/7375304602,Peace,Landmark,artwork,40.7710073,-73.9837784,24/7,default,0,4.1,1235.0,142.0,30,images/landmark/peace.jpg,pexels_name
node/6572307052,Private Passage,Landmark,artwork,40.7709814,-73.9953215,24/7,default,0,4.0,363.0,50.0,30,images/landmark/private-passage.jpg,pexels_name
node/8272069200,Arrival,Landmark,artwork,40.7514321,-73.9661929,24/7,default,0,4.3,210.0,233.0,30,images/landmark/arrival.jpg,pexels_name
node/9359064138,Game Inside the Game,Landmark,artwork,40.728484,-74.0050784,24/7,default,0,4.3,955.0,125.0,30,images/landmark/game-inside-the-game.jpg,pexels_name
node/9368527039,Nathan Hale,Landmark,artwork,40.7123393,-74.0063514,24/7,default,0,3.5,567.0,231.0,30,images/landmark/nathan-hale.jpg,pexels_name
node/9377509611,Civic Fame,Landmark,artwork,40.7129566,-74.0036137,24/7,default,0,4.0,278.0,45.0,30,images/landmark/civic-fame.jpg,pexels_name
node/9377535428,Abraham De Peyster,Landmark,artwork,40.7152666,-74.002798,24/7,default,0,3.8,1685.0,231.0,30,images/landmark/abraham-de-peyster.jpg,pexels_name
node/9421123767,Dinosaur,Landmark,artwork,40.7520679,-74.0010071,24/7,default,0,4.4,525.0,246.0,30,images/landmark/dinosaur.jpg,pexels_name
node/13869937110,Young Israel of the West Side,Culture,place_of_worship,40.7909345,-73.9731954,Mo-Su 08:00-20:00,default,0,4.3,656.0,238.0,45,images/culture/young-israel-of-the-west-side.jpg,pexels_name
node/13746962700,West Harlem Church of Christ,Culture,place_of_worship,40.8209625,-73.9538242,Mo-Su 08:00-20:00,default,0,4.7,397.0,152.0,45,images/culture/west-harlem-church-of-christ.jpg,pexels_name
node/13746788469,Whosoever Will Ministries,Culture,place_of_worship,40.8291743,-73.9474431,Mo-Su 08:00-20:00,default,0,4.4,639.0,116.0,45,images/culture/whosoever-will-ministries.jpg,pexels_name
node/13746734354,Iglesia Resplandor de Gloria,Culture,place_of_worship,40.8290049,-73.9451109,Mo-Su 08:00-20:00,default,0,4.1,690.0,116.0,45,images/culture/iglesia-resplandor-de-gloria.jpg,pexels_name
node/13746718964,IPUL Manhattan Pentecostal Church,Culture,place_of_worship,40.8340181,-73.9443539,Mo-Su 08:00-20:00,default,0,3.9,791.0,244.0,45,images/culture/ipul-manhattan-pentecostal-church.jpg,pexels_name
node/13746714387,City Tabernacle of Seventh-day Adventists,Culture,place_of_worship,40.8291511,-73.9474011,Mo-Su 08:00-20:00,default,0,4.2,970.0,116.0,45,images/culture/city-tabernacle-of-seventh-day-adventists.jpg,pexels_name
node/13746621748,International Ministry,Culture,place_of_worship,40.8339936,-73.9443679,Mo-Su 08:00-20:00,default,0,4.2,1514.0,244.0,45,images/culture/international-ministry.jpg,pexels_name
node/9251587005,New York Subway Stations,Landmark,artwork,40.7255612,-74.0037455,24/7,default,0,4.4,387.0,211.0,30,images/landmark/new-york-subway-stations.jpg,pexels_name
node/9168454045,Coast Guard Memorial,Landmark,artwork,40.7012337,-74.0139509,24/7,default,0,4.3,1641.0,12.0,30,images/landmark/coast-guard-memorial.jpg,pexels_name
node/9156161418,Bust and monument to Archbishop John J. Hughes,Landmark,artwork,40.7234177,-73.9949266,24/7,default,0,3.3,1077.0,144.0,30,images/landmark/bust-and-monument-to-archbishop-john-j-hughes.jpg,pexels_name
node/9118024861,“Togo”,Landmark,artwork,40.7143286,-73.9892771,24/7,default,0,3.9,544.0,232.0,30,images/landmark/togo.jpg,pexels_name
node/8455829696,Triad,Landmark,artwork,40.74552,-73.9822577,24/7,default,0,4.6,592.0,170.0,30,images/landmark/triad.jpg,pexels_name
node/8483011087,Sentinel,Landmark,artwork,40.7394287,-73.9770961,24/7,default,0,3.8,1062.0,137.0,30,images/landmark/sentinel.jpg,pexels_name
node/8529577188,Women's Rights Pioneers Monument,Landmark,artwork,40.7707115,-73.9723903,24/7,default,0,4.4,892.0,43.0,30,images/landmark/women-s-rights-pioneers-monument.jpg,pexels_name
node/8634037758,The Duo,Landmark,artwork,40.7694168,-73.9817831,24/7,default,0,3.9,1467.0,142.0,30,images/landmark/the-duo.jpg,pexels_name
node/8729437330,The Guardians: Hero,Landmark,artwork,40.7549607,-73.9850044,24/7,default,0,3.1,7684.0,100.0,30,images/landmark/the-guardians-hero.jpg,pexels_name
node/8379857649,Bellerophon Taming Pegasus,Landmark,artwork,40.8070368,-73.9605637,24/7,default,0,4.3,1126.0,166.0,30,images/landmark/bellerophon-taming-pegasus.jpg,pexels_name
node/8873729191,Eagles and Prey,Landmark,artwork,40.7725104,-73.9725158,24/7,default,0,4.6,6520.0,43.0,30,images/landmark/eagles-and-prey.jpg,pexels_name
node/8881529528,Still Hunt,Landmark,artwork,40.7768328,-73.9671918,24/7,default,0,4.4,2136.0,43.0,30,images/landmark/still-hunt.jpg,pexels_name
node/8881531828,Giuseppe Garibaldi,Landmark,artwork,40.7305922,-73.9968336,24/7,default,0,4.2,892.0,114.0,30,images/landmark/giuseppe-garibaldi.jpg,pexels_name
node/8881531829,Margaret Loeb Kempner,Landmark,artwork,40.7303917,-73.9976134,24/7,default,0,3.9,516.0,114.0,30,images/landmark/margaret-loeb-kempner.jpg,pexels_name
node/8881619455,Giuseppe Mazzini,Landmark,artwork,40.7730089,-73.9766942,24/7,default,0,3.8,339.0,43.0,30,images/landmark/giuseppe-mazzini.jpg,pexels_name
node/9075211403,Dream Machine Ⅱ,Landmark,artwork,40.8016973,-73.9255229,24/7,default,0,4.2,971.0,194.0,30,images/landmark/dream-machine.jpg,pexels_name
node/9109679343,Mother Italy,Landmark,artwork,40.7674754,-73.9635908,24/7,default,0,4.2,658.0,237.0,30,images/landmark/mother-italy.jpg,pexels_name
node/8873736445,The Falconer,Landmark,artwork,40.7740994,-73.9738182,24/7,default,0,5.0,2968.0,43.0,30,images/landmark/the-falconer.jpg,pexels_name
node/13176273641,Second Presbyterian Church,Culture,place_of_worship,40.7916617,-73.9652088,Mo-Su 08:00-20:00,default,0,3.8,963.0,238.0,45,images/culture/second-presbyterian-church.jpg,pexels_name
node/6469210527,Time Sculpture,Landmark,artwork,40.7720828,-73.982462,24/7,default,0,3.9,444.0,142.0,30,images/landmark/time-sculpture.jpg,pexels_name
node/6436744368,The Guardians: Superhero,Landmark,artwork,40.7546734,-73.9853284,24/7,default,0,3.6,1413.0,100.0,30,images/landmark/the-guardians-superhero.jpg,pexels_name
node/3421054404,Alamo,Landmark,artwork,40.7298846,-73.9910185,24/7,default,0,3.8,2168.0,113.0,30,images/landmark/alamo.jpg,pexels_name
node/3738928755,Shadows and Flags,Landmark,artwork,40.7077735,-74.0080664,24/7,default,0,4.5,3001.0,87.0,30,images/landmark/shadows-and-flags.jpg,pexels_name
node/3762647251,Coenties Ship,Landmark,artwork,40.7034823,-74.0105202,24/7,default,0,3.8,1462.0,88.0,30,images/landmark/coenties-ship.jpg,pexels_name
node/3784197524,Two,Landmark,artwork,40.707727,-74.0068037,24/7,default,0,4.4,684.0,87.0,30,images/landmark/two.jpg,pexels_name
node/3891884870,Victor Herbert,Landmark,artwork,40.7727282,-73.9722858,24/7,default,0,4.2,1663.0,43.0,30,images/landmark/victor-herbert.jpg,pexels_name
node/3892214703,The Pilgrim,Landmark,artwork,40.7731439,-73.9684393,24/7,default,0,3.8,377.0,43.0,30,images/landmark/the-pilgrim.jpg,pexels_name
node/3907629319,Curl,Landmark,artwork,40.8086544,-73.9615238,24/7,default,0,3.9,905.0,166.0,30,images/landmark/curl.jpg,pexels_name
node/4121316394,5 in 1,Landmark,artwork,40.7127003,-74.0029361,24/7,default,0,3.7,992.0,45.0,30,images/landmark/5-in-1.jpg,pexels_name
node/4230323498,Listen,Landmark,artwork,40.7628768,-73.9780253,24/7,default,0,3.4,408.0,161.0,30,images/landmark/listen.jpg,pexels_name
node/4254512932,Samuel F. B. Morse,Landmark,artwork,40.7724831,-73.967435,24/7,default,0,4.4,1620.0,43.0,30,images/landmark/samuel-f-b-morse.jpg,pexels_name
node/4290878204,Romeo and Juliet,Landmark,artwork,40.7804752,-73.9687205,24/7,default,0,3.9,442.0,43.0,30,images/landmark/romeo-and-juliet.jpg,pexels_name
node/4290878205,The Tempest,Landmark,artwork,40.7804476,-73.9686451,24/7,default,0,3.7,741.0,43.0,30,images/landmark/the-tempest.jpg,pexels_name
node/3394722237,Non-Violence,Landmark,artwork,40.7506894,-73.9675854,24/7,default,0,4.4,2101.0,233.0,30,images/landmark/non-violence.jpg,pexels_name
node/3381640179,Joie de Vivre,Landmark,artwork,40.7089672,-74.0109293,24/7,default,2,3.9,397.0,261.0,30,images/landmark/joie-de-vivre.jpg,pexels_name
node/3341913861,Group of Bears,Landmark,artwork,40.7774949,-73.9639416,24/7,default,0,4.2,517.0,43.0,30,images/landmark/group-of-bears.jpg,pexels_name
node/3196459838,Offshoot,Landmark,artwork,40.7228701,-74.0121533,24/7,default,0,3.9,2887.0,231.0,30,images/landmark/offshoot.jpg,pexels_name
node/2727025839,Balto,Landmark,artwork,40.7699607,-73.9710098,24/7,default,0,4.4,1134.0,43.0,30,images/landmark/balto.jpg,pexels_name
node/2727025888,7th Regiment Memorial,Landmark,artwork,40.7737621,-73.9764403,24/7,default,0,3.6,1184.0,43.0,30,images/landmark/7th-regiment-memorial.jpg,pexels_name
node/2807977112,Red Cube,Landmark,artwork,40.7089149,-74.0103932,24/7,default,2,4.5,740.0,87.0,30,images/landmark/red-cube.jpg,pexels_name
node/3053660724,Alexander von Humboldt,Landmark,artwork,40.7794692,-73.9732913,24/7,default,0,4.6,2812.0,43.0,30,images/landmark/alexander-von-humboldt.jpg,pexels_name
node/3053660725,Albert Bertel Thorvaldsen,Landmark,artwork,40.7886205,-73.9559997,24/7,default,0,4.8,1276.0,43.0,30,images/landmark/albert-bertel-thorvaldsen.jpg,pexels_name
node/3053660726,Daniel Webster,Landmark,artwork,40.7747533,-73.974118,24/7,default,0,4.3,3099.0,43.0,30,images/landmark/daniel-webster.jpg,pexels_name
node/3053660728,Johann Christoph Friedrich Von Schiller,Landmark,artwork,40.7731728,-73.9717355,24/7,default,0,4.3,669.0,43.0,30,images/landmark/johann-christoph-friedrich-von-schiller.jpg,pexels_name
node/3053660731,José Martí,Landmark,artwork,40.7660454,-73.9760662,24/7,default,0,3.9,1210.0,43.0,30,images/landmark/jos-mart.jpg,pexels_name
node/3053660732,José de San Martín,Landmark,artwork,40.7660429,-73.9766301,24/7,default,2,3.6,891.0,43.0,30,images/landmark/jos-de-san-mart-n.jpg,pexels_name
node/3053662533,King Jagiello Monument,Landmark,artwork,40.7789243,-73.9666796,24/7,default,0,4.5,173.0,43.0,30,images/landmark/king-jagiello-monument.jpg,pexels_name
node/3053662534,Ludwig van Beethoven,Landmark,artwork,40.7728773,-73.9718893,24/7,default,0,4.7,2454.0,43.0,30,images/landmark/ludwig-van-beethoven.jpg,pexels_name
node/3053662565,Simón Bolívar,Landmark,artwork,40.7657085,-73.975779,24/7,default,0,3.9,1544.0,43.0,30,images/landmark/sim-n-bol-var.jpg,pexels_name
node/3070512789,America's Response Monument,Landmark,artwork,40.7104591,-74.0140533,24/7,default,0,4.1,2675.0,261.0,30,images/landmark/america-s-response-monument.jpg,pexels_name
node/3196459795,Twister,Landmark,artwork,40.7241835,-74.0119121,24/7,default,0,4.5,326.0,231.0,30,images/landmark/twister.jpg,pexels_name
node/3053660730,John Purroy Mitchel,Landmark,artwork,40.7843754,-73.9592113,24/7,default,0,4.3,848.0,43.0,30,images/landmark/john-purroy-mitchel.jpg,pexels_name
node/6456605729,Dante Alighieri,Landmark,artwork,40.7717707,-73.9825658,24/7,default,0,4.1,558.0,142.0,30,images/landmark/dante-alighieri.jpg,pexels_name
node/4402057801,John Ericsson,Landmark,artwork,40.7036281,-74.0145339,24/7,default,2,4.8,2298.0,12.0,30,images/landmark/john-ericsson.jpg,pexels_name
node/4408728261,Group of Four Trees,Landmark,artwork,40.7075343,-74.0089367,24/7,default,0,3.8,343.0,87.0,30,images/landmark/group-of-four-trees.jpg,pexels_name
node/5964505285,Stop Guns,Landmark,artwork,40.7222725,-73.9900004,24/7,default,0,3.9,1415.0,148.0,30,images/landmark/stop-guns.jpg,pexels_name
node/5964505385,Gandhi and Mother Teresa,Landmark,artwork,40.7446001,-74.0060707,24/7,default,0,4.2,2725.0,68.0,30,images/landmark/gandhi-and-mother-teresa.jpg,pexels_name
node/5981269523,Sidewalk Flowers,Landmark,artwork,40.8564265,-73.9298867,24/7,default,0,4.4,2172.0,243.0,30,images/landmark/sidewalk-flowers.jpg,pexels_name
node/6126960408,Single Form,Landmark,artwork,40.7491463,-73.968794,24/7,default,0,4.2,329.0,233.0,30,images/landmark/single-form.jpg,pexels_name
node/6149249429,Vladimir Lenin,Landmark,artwork,40.7213374,-73.9857428,24/7,default,0,4.0,2335.0,148.0,30,images/landmark/vladimir-lenin.jpg,pexels_name
node/6223478867,Higher Ground,Landmark,artwork,40.8090212,-73.9479293,24/7,default,0,4.1,1495.0,41.0,30,images/landmark/higher-ground.jpg,pexels_name
node/6244980517,General Daniel Butterfield,Landmark,artwork,40.8126196,-73.9621121,24/7,default,0,4.0,438.0,166.0,30,images/landmark/general-daniel-butterfield.jpg,pexels_name
node/6245004725,Reclining Woman,Landmark,artwork,40.809011,-73.9622465,24/7,default,0,4.1,1280.0,166.0,30,images/landmark/reclining-woman.jpg,pexels_name
node/6245012132,"Three-Way Piece, No. 1: Points",Landmark,artwork,40.8074792,-73.9604879,24/7,default,0,3.8,828.0,166.0,30,images/landmark/three-way-piece-no-1-points.jpg,pexels_name
node/6259917258,Thomas Jefferson,Landmark,artwork,40.8074652,-73.9635685,24/7,default,0,3.7,2448.0,166.0,30,images/landmark/thomas-jefferson.jpg,pexels_name
node/6271960188,The Garment Worker,Landmark,artwork,40.7542354,-73.9880814,24/7,default,0,4.0,3196.0,100.0,30,images/landmark/the-garment-worker.jpg,pexels_name
node/6306418442,Spot,Landmark,artwork,40.7432746,-73.9728127,24/7,default,0,4.7,937.0,137.0,30,images/landmark/spot.jpg,pexels_name
node/6330243003,Confucius,Landmark,artwork,40.7142105,-73.9971129,24/7,default,0,3.7,188.0,148.0,30,images/landmark/confucius.jpg,pexels_name
node/6348108284,Young Elephant (1985),Landmark,artwork,40.7617344,-73.9813076,24/7,default,2,3.5,333.0,230.0,30,images/landmark/young-elephant-1985.jpg,pexels_name
node/6401458888,Paparazzi Dogman and Rabbitwoman,Landmark,artwork,40.7596545,-73.9829247,24/7,default,0,4.7,1097.0,230.0,30,images/landmark/paparazzi-dogman-and-rabbitwoman.jpg,pexels_name
node/5964505185,Roy Lichtenstein,Landmark,artwork,40.7516982,-73.9723132,24/7,default,0,4.3,169.0,233.0,30,images/landmark/roy-lichtenstein.jpg,pexels_name
node/5964505085,Michael Jackson Mural,Landmark,artwork,40.7292262,-73.9838341,24/7,default,0,3.6,2033.0,79.0,30,images/landmark/michael-jackson-mural.jpg,pexels_name
node/5964504985,Hammer Boy,Landmark,artwork,40.7837563,-73.9794091,24/7,default,0,4.2,888.0,239.0,30,images/landmark/hammer-boy.jpg,pexels_name
node/5941231087,Metronome,Landmark,artwork,40.7344122,-73.9903291,24/7,default,0,4.3,3701.0,113.0,30,images/landmark/metronome.jpg,pexels_name
node/4408734092,Sunken Garden,Landmark,artwork,40.7075456,-74.0092691,24/7,default,2,4.0,1057.0,87.0,30,images/landmark/sunken-garden.jpg,pexels_name
node/4757184676,Fearless Girl,Landmark,artwork,40.7068167,-74.0107995,24/7,default,2,4.2,6778.0,87.0,30,images/landmark/fearless-girl.jpg,pexels_name
node/4796479832,The Real World,Landmark,artwork,40.7180866,-74.0155591,24/7,default,0,4.1,1573.0,13.0,30,images/landmark/the-real-world.jpg,pexels_name
node/4903169926,Jan Karski's Bench,Landmark,artwork,40.7496188,-73.9812237,24/7,default,0,3.8,961.0,170.0,30,images/landmark/jan-karski-s-bench.jpg,pexels_name
node/4972026327,Marine and Maritime Art,Landmark,artwork,40.7163748,-74.0070508,24/7,default,0,4.4,12065.0,231.0,30,images/landmark/marine-and-maritime-art.jpg,pexels_name
node/5056373998,Double Check,Landmark,artwork,40.7093141,-74.0105868,24/7,default,2,4.4,507.0,261.0,30,images/landmark/double-check.jpg,pexels_name
node/4402057817,The Immigrants,Landmark,artwork,40.7030984,-74.0163913,24/7,default,0,3.9,695.0,12.0,30,images/landmark/the-immigrants.jpg,pexels_name
node/5136640699,Old Union Square,Landmark,artwork,40.7354231,-73.9900756,24/7,default,0,3.4,767.0,234.0,30,images/landmark/old-union-square.jpg,pexels_name
node/5243566395,Bust of Sylvette,Landmark,artwork,40.7258697,-73.9987948,24/7,default,0,4.4,360.0,211.0,30,images/landmark/bust-of-sylvette.jpg,pexels_name
node/5272797221,SLA 307,Landmark,artwork,40.750036,-73.9958068,24/7,default,0,4.5,1477.0,68.0,30,images/landmark/sla-307.jpg,pexels_name
node/5520364822,The Upper Room,Landmark,artwork,40.7104676,-74.0179145,24/7,default,0,3.8,892.0,13.0,30,images/landmark/the-upper-room.jpg,pexels_name
node/5520375420,Sitting Stance,Landmark,artwork,40.7087736,-74.018369,24/7,default,0,4.7,1798.0,13.0,30,images/landmark/sitting-stance.jpg,pexels_name
node/5554351995,Tiles for America,Landmark,artwork,40.736187,-74.0010862,24/7,default,0,4.1,826.0,249.0,30,images/landmark/tiles-for-america.jpg,pexels_name
node/5654226941,Atlas,Landmark,artwork,40.7589481,-73.9771802,24/7,default,0,4.1,664.0,161.0,30,images/landmark/atlas.jpg,pexels_name
node/5897336985,Golda Meir,Landmark,artwork,40.7538804,-73.9874097,24/7,default,2,3.3,5123.0,100.0,30,images/landmark/golda-meir.jpg,pexels_name
node/5213820829,McGraw-Hill Sun Triangle,Landmark,artwork,40.7591163,-73.9814519,24/7,default,0,4.2,1375.0,230.0,30,images/landmark/mcgraw-hill-sun-triangle.jpg,pexels_name
node/13081334154,The Guan Gong Temple of U.S.A.,Culture,place_of_worship,40.7187434,-73.9918994,Mo-Su 08:00-20:00,default,0,4.2,444.0,148.0,45,images/culture/the-guan-gong-temple-of-u-s-a.jpg,pexels_name
node/13050356103,Jogei Temple of America,Culture,place_of_worship,40.7921198,-73.9662134,Mo-Su 08:00-20:00,default,0,4.1,222.0,238.0,45,images/culture/jogei-temple-of-america.jpg,pexels_name
node/12920183115,Manhattan Holy Tabernacle,Culture,place_of_worship,40.8276039,-73.9469595,Mo-Su 08:00-20:00,default,0,5.0,297.0,116.0,45,images/culture/manhattan-holy-tabernacle.jpg,pexels_name
node/4312238411,Mahayana Buddhist Temple,Culture,place_of_worship,40.71614,-73.9953678,08:30-17:30,osm,0,3.8,562.0,148.0,45,images/culture/mahayana-buddhist-temple.jpg,pexels_name
node/4278223126,Masjid Ar-Rahman,Culture,place_of_worship,40.7458905,-73.9879269,Mo-Su 08:00-20:00,default,0,4.7,809.0,164.0,45,images/culture/masjid-ar-rahman.jpg,pexels_name
node/3784213865,Masjid Manhattan,Culture,place_of_worship,40.708192,-74.0050705,Mo-Su 08:00-20:00,default,0,4.5,1230.0,87.0,45,images/culture/masjid-manhattan.jpg,pexels_name
node/3545220725,The Universal Temple of Spiritual Truth,Culture,place_of_worship,40.8152071,-73.9410594,Mo-Su 08:00-20:00,default,0,4.5,5432.0,42.0,45,images/culture/the-universal-temple-of-spiritual-truth.jpg,pexels_name
node/3382204802,Jubilee Mission Center,Culture,place_of_worship,40.7281679,-73.9870075,Mo-Su 08:00-20:00,default,0,5.0,461.0,79.0,45,images/culture/jubilee-mission-center.jpg,pexels_name
node/3222191717,St. Mary's Center,Culture,place_of_worship,40.8144246,-73.9563224,Mo-Su 08:00-20:00,default,0,4.4,206.0,152.0,45,images/culture/st-mary-s-center.jpg,pexels_name
node/3142944155,Chabad of Upper East Side,Culture,place_of_worship,40.7708919,-73.952767,Mo-Su 08:00-20:00,default,0,4.1,417.0,140.0,45,images/culture/chabad-of-upper-east-side.jpg,pexels_name
node/3064399842,The Bhakti Center,Culture,place_of_worship,40.7237334,-73.9883523,Mo-Su 08:00-20:00,default,0,4.5,1884.0,79.0,45,images/culture/the-bhakti-center.jpg,pexels_name
node/3064399841,Hare Krishna Temple,Culture,place_of_worship,40.7244764,-73.9904429,"""Only during events""",osm,0,3.5,786.0,79.0,45,images/culture/hare-krishna-temple.jpg,pexels_name
node/4325329993,sathya sai,Culture,place_of_worship,40.7544032,-73.9817025,Mo-Su 08:00-20:00,default,0,3.8,326.0,161.0,45,images/culture/sathya-sai.jpg,pexels_name
node/4450559940,Inner Enlightenment Spiritist Society,Culture,place_of_worship,40.7542996,-73.9811656,Mo-Su 08:00-20:00,default,0,4.4,812.0,161.0,45,images/culture/inner-enlightenment-spiritist-society.jpg,pexels_name
node/4450570646,Spiritist Group of New York,Culture,place_of_worship,40.7659287,-73.9839157,Mo-Su 08:00-20:00,default,0,4.2,569.0,48.0,45,images/culture/spiritist-group-of-new-york.jpg,pexels_name
node/5356834803,"Eighth Church of Christ, Scientist",Culture,place_of_worship,40.7741678,-73.9607524,Mo-Su 08:00-20:00,default,0,4.2,1008.0,236.0,45,images/culture/eighth-church-of-christ-scientist.jpg,pexels_name
node/5231708654,The First Chinese Baptist Church,Culture,place_of_worship,40.7148059,-73.9982055,Mo-Su 08:00-20:00,default,0,3.8,671.0,45.0,45,images/culture/the-first-chinese-baptist-church.jpg,pexels_name
node/5171179241,Church of Scientology,Culture,place_of_worship,40.8031437,-73.9349597,Mo-Su 08:00-20:00,default,0,4.3,867.0,74.0,45,images/culture/church-of-scientology.jpg,pexels_name
node/5171173318,La Sinagoga,Culture,place_of_worship,40.8048196,-73.9380019,Mo-Su 08:00-20:00,default,0,4.3,2609.0,74.0,45,images/culture/la-sinagoga.jpg,pexels_name
node/5000630008,United New Church of Christ,Culture,place_of_worship,40.8060747,-73.9390764,Mo-Su 08:00-20:00,default,0,4.2,340.0,42.0,45,images/culture/united-new-church-of-christ.jpg,pexels_name
node/4983168489,Iglesia de Dios Pentecostal,Culture,place_of_worship,40.7978663,-73.9416262,Mo-Su 08:00-20:00,default,0,4.5,5137.0,74.0,45,images/culture/iglesia-de-dios-pentecostal.jpg,pexels_name
node/4957074131,Mount Covery Church,Culture,place_of_worship,40.8204621,-73.9420747,Mo-Su 08:00-20:00,default,1,4.2,1198.0,42.0,45,images/culture/mount-covery-church.jpg,pexels_name
node/4575287603,Greater Tabernacle Baptist Church,Culture,place_of_worship,40.8242021,-73.9468298,Mo-Su 08:00-20:00,default,0,3.6,454.0,116.0,45,images/culture/greater-tabernacle-baptist-church.jpg,pexels_name
node/4557779301,USA Shaolin Temple,Culture,place_of_worship,40.7187636,-73.9903134,Mo-Su 08:00-20:00,default,0,3.7,3127.0,148.0,45,images/culture/usa-shaolin-temple.jpg,pexels_name
node/5514204632,Islamic Center at NYU,Culture,place_of_worship,40.7300708,-73.9980317,Mo-Sa 08:00-00:00; Su 12:00-22:00,osm,2,4.5,326.0,114.0,45,images/culture/islamic-center-at-nyu.jpg,pexels_name
node/2724279401,Russian Orthodox Church Outside Russia Synodal Building,Culture,place_of_worship,40.7848291,-73.9542105,Mo-Su 08:00-20:00,default,0,4.3,851.0,236.0,45,images/culture/russian-orthodox-church-outside-russia-synodal-building.jpg,pexels_name
node/2724154708,Calle 100 Iglesia De Dios,Culture,place_of_worship,40.7877354,-73.9477037,Mo-Su 08:00-20:00,default,0,4.3,940.0,75.0,45,images/culture/calle-100-iglesia-de-dios.jpg,pexels_name
node/2718042398,"Third Church of Christ, Scientist",Culture,place_of_worship,40.7655101,-73.9676069,Mo-Su 08:00-20:00,default,0,3.8,830.0,237.0,45,images/culture/third-church-of-christ-scientist.jpg,pexels_name
node/2714216810,Saint Paul's Roman Catholic Church,Culture,place_of_worship,40.7997456,-73.9419255,Mo-Su 08:00-20:00,default,0,3.8,853.0,74.0,45,images/culture/saint-paul-s-roman-catholic-church.jpg,pexels_name
node/2714192701,Mt Zion AME Church,Culture,place_of_worship,40.799722,-73.9448563,Mo-Su 08:00-20:00,default,0,4.0,6100.0,74.0,45,images/culture/mt-zion-ame-church.jpg,pexels_name
node/2707990712,Seventh Church of Christ Scientist,Culture,place_of_worship,40.80467,-73.9642871,Mo-Su 08:00-20:00,default,0,4.2,260.0,166.0,45,images/culture/seventh-church-of-christ-scientist.jpg,pexels_name
node/2603955354,"Iglesia de Dios Pentecostal, M.I. Exodo",Culture,place_of_worship,40.823677,-73.9489925,Mo-Su 08:00-20:00,default,0,4.2,1212.0,116.0,45,images/culture/iglesia-de-dios-pentecostal-m-i-exodo.jpg,pexels_name
node/2555123963,Grace Faith Church,Culture,place_of_worship,40.7167323,-73.9947435,Mo-Su 08:00-20:00,default,0,3.6,1537.0,148.0,45,images/culture/grace-faith-church.jpg,pexels_name
node/2555098019,The American Society of Buddhist Studies,Culture,place_of_worship,40.7191959,-73.9988005,Mo-Su 08:00-20:00,default,0,3.7,564.0,144.0,45,images/culture/the-american-society-of-buddhist-studies.jpg,pexels_name
node/2547054902,East Side Church of Christ,Culture,place_of_worship,40.7256479,-73.9895423,Mo-Su 08:00-20:00,default,0,4.1,756.0,79.0,45,images/culture/east-side-church-of-christ.jpg,pexels_name
node/2547054894,Iglesia de Cristo,Culture,place_of_worship,40.7256627,-73.9895775,Mo-Su 08:00-20:00,default,0,4.4,462.0,79.0,45,images/culture/iglesia-de-cristo.jpg,pexels_name
node/2547006642,Bungalow 45,Culture,place_of_worship,40.724496,-73.9877925,Mo-Su 08:00-20:00,default,0,4.1,790.0,79.0,45,images/culture/bungalow-45.jpg,pexels_name
node/1979669267,Bethel Gospel Assembly,Culture,place_of_worship,40.8026303,-73.9446473,"Su 08:00-10:00,11:00-13:00",osm,0,4.4,1571.0,74.0,45,images/culture/bethel-gospel-assembly.jpg,pexels_name
node/2724291888,Miracle Pentacostal Church of thr Lord Jesus,Culture,place_of_worship,40.7879262,-73.9475533,Mo-Su 08:00-20:00,default,0,4.3,1149.0,75.0,45,images/culture/miracle-pentacostal-church-of-thr-lord-jesus.jpg,pexels_name
node/2761570393,Romemu Center,Culture,place_of_worship,40.7995881,-73.9660411,Mo-Su 08:00-20:00,default,0,3.6,832.0,151.0,45,images/culture/romemu-center.jpg,pexels_name
node/2761651096,"Arca de Refugio, Iglesia de Dios Pentecostal",Culture,place_of_worship,40.8005511,-73.9602845,Mo-Su 08:00-20:00,default,0,4.4,1433.0,24.0,45,images/culture/arca-de-refugio-iglesia-de-dios-pentecostal.jpg,pexels_name
node/2762425310,Second Canaan Baptist Church,Culture,place_of_worship,40.7985819,-73.9518644,Mo-Su 08:00-20:00,default,0,4.0,472.0,41.0,45,images/culture/second-canaan-baptist-church.jpg,pexels_name
node/2810116541,Saint Stephen's Methodist Episcopal Church,Culture,place_of_worship,40.8770052,-73.9089673,Mo-Su 08:00-20:00,default,0,4.5,883.0,153.0,45,images/culture/saint-stephen-s-methodist-episcopal-church.jpg,pexels_name
node/2767720025,Temple Healing from Heaven,Culture,place_of_worship,40.8170549,-73.9463663,Mo-Su 08:00-20:00,default,0,4.0,709.0,42.0,45,images/culture/temple-healing-from-heaven.jpg,pexels_name
node/2762496227,Canaan Baptist Church of Christ,Culture,place_of_worship,40.8025977,-73.9514547,Mo-Su 08:00-20:00,default,0,3.9,324.0,41.0,45,images/culture/canaan-baptist-church-of-christ.jpg,pexels_name
node/5519209554,Chabad of Upper West Side,Culture,place_of_worship,40.7943415,-73.9694123,Mo-Su 08:00-20:00,default,0,4.1,360.0,238.0,45,images/culture/chabad-of-upper-west-side.jpg,pexels_name
node/5520770925,Chabad of Midtown Manhattan,Culture,place_of_worship,40.753786,-73.9803397,Mo-Su 08:00-20:00,default,0,4.4,3380.0,161.0,45,images/culture/chabad-of-midtown-manhattan.jpg,pexels_name
node/10726878134,Iglesia Universal del Reino de Dios,Culture,place_of_worship,40.7256331,-73.9895071,Mo-Su 08:00-20:00,default,0,4.3,559.0,79.0,45,images/culture/iglesia-universal-del-reino-de-dios.jpg,pexels_name
node/10720067946,Segunda Iglesia Cristiana Valle de Cedron,Culture,place_of_worship,40.7929986,-73.9455603,Mo-Su 08:00-20:00,default,0,4.1,1073.0,75.0,45,images/culture/segunda-iglesia-cristiana-valle-de-cedron.jpg,pexels_name
node/10617024440,Kehila Kedosha Janina Synagogue and Museum,Culture,place_of_worship,40.7185277,-73.9912164,Sa 09:30-12:30; Su 11:00-16:00,osm,0,4.6,167.0,148.0,45,images/culture/kehila-kedosha-janina-synagogue-and-museum.jpg,pexels_name
node/9753289204,Life Center Church,Culture,place_of_worship,40.707599,-74.0075935,Mo-Su 08:00-20:00,default,0,4.4,498.0,87.0,45,images/culture/life-center-church.jpg,pexels_name
node/9735398743,Huang Da Xian Taoist Temple,Culture,place_of_worship,40.7147322,-73.9972711,Mo-Su 08:00-20:00,default,0,3.6,567.0,45.0,45,images/culture/huang-da-xian-taoist-temple.jpg,pexels_name
node/9590284273,Madison Avenue Baptist Church,Culture,place_of_worship,40.7455842,-73.9843236,Mo-Su 08:00-20:00,default,2,4.3,1482.0,164.0,45,images/culture/madison-avenue-baptist-church.jpg,pexels_name
node/9553068945,Second Providence Baptist Church,Culture,place_of_worship,40.8006571,-73.946913,Mo-Su 08:00-20:00,default,0,5.0,1550.0,41.0,45,images/culture/second-providence-baptist-church.jpg,pexels_name
node/9408004651,Church of Our Lady of Sorrows,Culture,place_of_worship,40.7190886,-73.9822887,Mo-Su 08:00-20:00,default,0,4.6,533.0,232.0,45,images/culture/church-of-our-lady-of-sorrows.jpg,pexels_name
node/11434327784,Grace United Methodist Church,Culture,place_of_worship,40.79862,-73.9650952,Mo-Su 08:00-20:00,default,0,4.2,337.0,151.0,45,images/culture/grace-united-methodist-church.jpg,pexels_name
node/11552889517,Iglesia Enmanuel - Iglesia De Dios Pentecostal,Culture,place_of_worship,40.7998838,-73.962657,Mo-Su 08:00-20:00,default,0,4.1,1101.0,24.0,45,images/culture/iglesia-enmanuel-iglesia-de-dios-pentecostal.jpg,pexels_name
node/12544932849,Zen Buddhist Temple,Culture,place_of_worship,40.7635968,-73.9640087,Mo-Su 08:00-20:00,default,0,4.3,533.0,141.0,45,images/culture/zen-buddhist-temple.jpg,pexels_name
node/12517110585,Unity Center,Culture,place_of_worship,40.7666348,-73.9803074,Mo-Su 08:00-20:00,default,0,4.0,306.0,163.0,45,images/culture/unity-center.jpg,pexels_name
node/12410916769,St. Stephen Community AME Church,Culture,place_of_worship,40.8042548,-73.9557383,Mo-Su 08:00-20:00,default,0,4.8,808.0,41.0,45,images/culture/st-stephen-community-ame-church.jpg,pexels_name
node/12295907402,River NYC Church,Culture,place_of_worship,40.7522084,-73.9834479,Mo-Su 08:00-20:00,default,0,4.1,380.0,164.0,45,images/culture/river-nyc-church.jpg,pexels_name
node/11997903719,Manantial de Vida,Culture,place_of_worship,40.7428497,-73.9987961,Mo-Su 08:00-20:00,default,0,4.0,1115.0,90.0,45,images/culture/manantial-de-vida.jpg,pexels_name
node/8832589721,New York Zendō Shobo-ji,Culture,place_of_worship,40.7661591,-73.9614182,"Tu-Fr 06:45-07:45; Sa 09:30-11:30; Tu, We, Fr 19:00-21:00; Th 18:45-21:00",osm,0,4.4,1721.0,141.0,45,images/culture/new-york-zend-shobo-ji.jpg,pexels_name
node/11984326251,United House of Prayer,Culture,place_of_worship,40.8095639,-73.9512464,Mo-Su 08:00-20:00,default,0,4.8,1199.0,41.0,45,images/culture/united-house-of-prayer.jpg,pexels_name
node/11776371870,Society for the Advancement of Judaism - Judaism that Stands for All,Culture,place_of_worship,40.7858059,-73.9701184,Mo-Su 08:00-20:00,default,0,3.7,2093.0,238.0,45,images/culture/society-for-the-advancement-of-judaism-judaism-that-stands-for-all.jpg,pexels_name
node/11715036339,Madina Masjid,Culture,place_of_worship,40.7293344,-73.9836744,Mo-Su 08:00-20:00,default,0,4.3,1563.0,79.0,45,images/culture/madina-masjid.jpg,pexels_name
node/11612557285,World Buddhist Center,Culture,place_of_worship,40.7133217,-73.9894865,Mo-Su 08:00-20:00,default,0,4.5,1350.0,232.0,45,images/culture/world-buddhist-center.jpg,pexels_name
node/11612557284,Chung Te Buddhist Association,Culture,place_of_worship,40.7133074,-73.9896555,Mo-Su 08:00-20:00,default,0,4.5,791.0,232.0,45,images/culture/chung-te-buddhist-association.jpg,pexels_name
node/11901226129,Chinese United Methodist Church,Culture,place_of_worship,40.7122073,-73.996662,Mo-Su 08:00-20:00,default,0,4.0,229.0,45.0,45,images/culture/chinese-united-methodist-church.jpg,pexels_name
node/8827329075,Resurrection Roman Catholic Church,Culture,place_of_worship,40.8259739,-73.9379105,Mo-Su 08:00-20:00,default,0,4.5,1122.0,42.0,45,images/culture/resurrection-roman-catholic-church.jpg,pexels_name
node/6236928046,Sea of Galilee Church,Culture,place_of_worship,40.7200219,-73.9908464,Mo-Su 08:00-20:00,default,0,4.1,443.0,148.0,45,images/culture/sea-of-galilee-church.jpg,pexels_name
node/6236928045,New York Chinese Alliance Church,Culture,place_of_worship,40.7198348,-73.9909644,Mo-Su 08:00-20:00,default,0,3.6,4034.0,148.0,45,images/culture/new-york-chinese-alliance-church.jpg,pexels_name
node/6231307191,Kings' Church,Culture,place_of_worship,40.7117141,-73.9950171,Mo-Su 08:00-20:00,default,0,4.6,428.0,45.0,45,images/culture/kings-church.jpg,pexels_name
node/6223308656,"Templo Cristiano ""Bethel""",Culture,place_of_worship,40.7972887,-73.9498454,Mo-Su 08:00-20:00,default,0,4.3,1117.0,41.0,45,images/culture/templo-cristiano-bethel.jpg,pexels_name
node/6209316627,Saint Mary Magdalen Orthodox Church,Culture,place_of_worship,40.7996454,-73.962036,Mo-Su 08:00-20:00,default,0,4.6,415.0,24.0,45,images/culture/saint-mary-magdalen-orthodox-church.jpg,pexels_name
node/5754824543,Tribeca Synagogue,Culture,place_of_worship,40.7183969,-74.0041959,Mo-Su 08:00-20:00,default,0,3.7,291.0,231.0,45,images/culture/tribeca-synagogue.jpg,pexels_name
node/2477507997,Juan Pablo Duarte,Landmark,artwork,40.7226058,-74.0054616,24/7,default,0,3.6,2976.0,125.0,30,images/landmark/juan-pablo-duarte.jpg,pexels_name
node/6260879936,Second Salem Church,Culture,place_of_worship,40.7140684,-73.9933306,Mo-Su 08:00-20:00,default,0,4.0,1657.0,45.0,45,images/culture/second-salem-church.jpg,pexels_name
node/6403172049,Ling Jiou Mountain Buddhist Society,Culture,place_of_worship,40.7618758,-73.9651244,Mo-Su 08:00-20:00,default,0,4.8,1152.0,141.0,45,images/culture/ling-jiou-mountain-buddhist-society.jpg,pexels_name
node/7615559880,Iglesia Pentecostal Abrigo del Altsimo,Culture,place_of_worship,40.7902758,-73.9424474,Mo-Su 08:00-20:00,default,0,4.2,1468.0,75.0,45,images/culture/iglesia-pentecostal-abrigo-del-altsimo.jpg,pexels_name
node/7154706261,Fa Wang Temple,Culture,place_of_worship,40.7184658,-74.0002718,Mo-Su 08:00-20:00,default,0,4.5,1245.0,144.0,45,images/culture/fa-wang-temple.jpg,pexels_name
node/6403171548,All Saints Church Episcopal,Culture,place_of_worship,40.7615494,-73.9649497,Mo-Su 08:00-20:00,default,0,4.1,1901.0,141.0,45,images/culture/all-saints-church-episcopal.jpg,pexels_name
node/7097051795,Bok Yee Buddhist Temple,Culture,place_of_worship,40.7148389,-73.9929326,Mo-Su 08:00-20:00,default,0,4.2,404.0,148.0,45,images/culture/bok-yee-buddhist-temple.jpg,pexels_name
node/6680686995,Manhattan Sikh Center,Culture,place_of_worship,40.7572802,-73.968693,Mo-Su 08:00-20:00,default,0,4.3,306.0,229.0,45,images/culture/manhattan-sikh-center.jpg,pexels_name
